accession,date,img_id,img_name,class,x1,y1,x2,y2
Ta00048,20170703,Ta00048_20170703,Ta00048_20170703.jpg,clover,1674,0,3819,2561
Ta00048,20170703,Ta00048_20170703,Ta00048_20170703.jpg,quadrat,760,0,4410,3456
Ta00048,20170703,Ta00048_20170703,Ta00048_20170703.jpg,quadrat_corner,926,0,1318,314
Ta00048,20170703,Ta00048_20170703,Ta00048_20170703.jpg,quadrat_corner,3949,23,4318,369
Ta00048,20170703,Ta00048_20170703,Ta00048_20170703.jpg,quadrat_corner,4018,3041,4428,3456
Ta00048,20170703,Ta00048_20170703,Ta00048_20170703.jpg,quadrat_corner,751,2999,1162,3424
Ta01349,20170703,Ta01349_20170703,Ta01349_20170703.jpg,clover,1378,831,3852,2621
Ta01349,20170703,Ta01349_20170703,Ta01349_20170703.jpg,quadrat,862,217,4290,3456
Ta01349,20170703,Ta01349_20170703,Ta01349_20170703.jpg,quadrat_corner,1083,212,1448,554
Ta01349,20170703,Ta01349_20170703,Ta01349_20170703.jpg,quadrat_corner,3907,258,4262,609
Ta01349,20170703,Ta01349_20170703,Ta01349_20170703.jpg,quadrat_corner,3898,3161,4285,3456
Ta01349,20170703,Ta01349_20170703,Ta01349_20170703.jpg,quadrat_corner,862,3045,1235,3451
Ta01881,20170703,Ta01881_20170703,Ta01881_20170703.jpg,clover,2426,1901,3244,2962
Ta01881,20170703,Ta01881_20170703,Ta01881_20170703.jpg,quadrat,915,0,4568,3456
Ta01881,20170703,Ta01881_20170703,Ta01881_20170703.jpg,quadrat_corner,942,163,1304,536
Ta01881,20170703,Ta01881_20170703,Ta01881_20170703.jpg,quadrat_corner,3982,0,4387,307
Ta01881,20170703,Ta01881_20170703,Ta01881_20170703.jpg,quadrat_corner,4184,2979,4579,3384
Ta01881,20170703,Ta01881_20170703,Ta01881_20170703.jpg,quadrat_corner,1160,3230,1550,3456
Ta00235,20170703,Ta00235_20170703,Ta00235_20170703.jpg,clover,1520,538,3144,1894
Ta00235,20170703,Ta00235_20170703,Ta00235_20170703.jpg,quadrat,310,59,3642,3280
Ta00235,20170703,Ta00235_20170703,Ta00235_20170703.jpg,quadrat_corner,514,62,849,362
Ta00235,20170703,Ta00235_20170703,Ta00235_20170703.jpg,quadrat_corner,3259,102,3630,418
Ta00235,20170703,Ta00235_20170703,Ta00235_20170703.jpg,quadrat_corner,3277,2905,3630,3258
Ta00235,20170703,Ta00235_20170703,Ta00235_20170703.jpg,quadrat_corner,304,2837,654,3208
Ta01982,20170703,Ta01982_20170703,Ta01982_20170703.jpg,clover,1251,43,2962,2958
Ta01982,20170703,Ta01982_20170703,Ta01982_20170703.jpg,quadrat,808,0,4252,3301
Ta01982,20170703,Ta01982_20170703,Ta01982_20170703.jpg,quadrat_corner,802,0,1189,260
Ta01982,20170703,Ta01982_20170703,Ta01982_20170703.jpg,quadrat_corner,3878,0,4243,220
Ta01982,20170703,Ta01982_20170703,Ta01982_20170703.jpg,quadrat_corner,3902,2881,4240,3230
Ta01982,20170703,Ta01982_20170703,Ta01982_20170703.jpg,quadrat_corner,895,2961,1260,3301
Ta00112,20170703,Ta00112_20170703,Ta00112_20170703.jpg,clover,1545,229,3466,2639
Ta00112,20170703,Ta00112_20170703,Ta00112_20170703.jpg,quadrat,638,0,4317,3394
Ta00112,20170703,Ta00112_20170703,Ta00112_20170703.jpg,quadrat_corner,802,22,1161,334
Ta00112,20170703,Ta00112_20170703,Ta00112_20170703.jpg,quadrat_corner,3788,0,4156,288
Ta00112,20170703,Ta00112_20170703,Ta00112_20170703.jpg,quadrat_corner,3930,2976,4320,3376
Ta00112,20170703,Ta00112_20170703,Ta00112_20170703.jpg,quadrat_corner,638,2995,1013,3400
Ta02081,20170608,Ta02081_20170608,Ta02081_20170608.jpg,clover,1508,969,2878,2229
Ta02081,20170608,Ta02081_20170608,Ta02081_20170608.jpg,quadrat,1205,361,4108,3268
Ta02081,20170608,Ta02081_20170608,Ta02081_20170608.jpg,quadrat_corner,1205,361,1519,668
Ta02081,20170608,Ta02081_20170608,Ta02081_20170608.jpg,quadrat_corner,3781,388,4105,675
Ta02081,20170608,Ta02081_20170608,Ta02081_20170608.jpg,quadrat_corner,3801,2947,4101,3257
Ta02081,20170608,Ta02081_20170608,Ta02081_20170608.jpg,quadrat_corner,1205,2957,1525,3275
Ta01097,20170703,Ta01097_20170703,Ta01097_20170703.jpg,clover,505,337,3485,2252
Ta01097,20170703,Ta01097_20170703,Ta01097_20170703.jpg,quadrat,406,0,4035,3406
Ta01097,20170703,Ta01097_20170703,Ta01097_20170703.jpg,quadrat_corner,530,19,876,343
Ta01097,20170703,Ta01097_20170703,Ta01097_20170703.jpg,quadrat_corner,3491,0,3850,294
Ta01097,20170703,Ta01097_20170703,Ta01097_20170703.jpg,quadrat_corner,3639,2955,4008,3348
Ta01097,20170703,Ta01097_20170703,Ta01097_20170703.jpg,quadrat_corner,412,3014,787,3425
Ta02271,20170608,Ta02271_20170608,Ta02271_20170608.jpg,clover,2547,1769,3053,2783
Ta02271,20170608,Ta02271_20170608,Ta02271_20170608.jpg,quadrat,1227,550,4231,3456
Ta02271,20170608,Ta02271_20170608,Ta02271_20170608.jpg,quadrat_corner,1221,589,1540,911
Ta02271,20170608,Ta02271_20170608,Ta02271_20170608.jpg,quadrat_corner,3879,553,4203,865
Ta02271,20170608,Ta02271_20170608,Ta02271_20170608.jpg,quadrat_corner,3903,3162,4212,3456
Ta02271,20170608,Ta02271_20170608,Ta02271_20170608.jpg,quadrat_corner,1312,3220,1646,3456
Ta01915,20170703,Ta01915_20170703,Ta01915_20170703.jpg,clover,1725,1089,3270,2136
Ta01915,20170703,Ta01915_20170703,Ta01915_20170703.jpg,quadrat,446,97,4078,3456
Ta01915,20170703,Ta01915_20170703,Ta01915_20170703.jpg,quadrat_corner,696,111,1069,466
Ta01915,20170703,Ta01915_20170703,Ta01915_20170703.jpg,quadrat_corner,3584,194,3976,517
Ta01915,20170703,Ta01915_20170703,Ta01915_20170703.jpg,quadrat_corner,3672,3027,4092,3456
Ta01915,20170703,Ta01915_20170703,Ta01915_20170703.jpg,quadrat_corner,446,2981,825,3387
Ta02282,20170703,Ta02282_20170703,Ta02282_20170703.jpg,clover,1318,595,3506,2962
Ta02282,20170703,Ta02282_20170703,Ta02282_20170703.jpg,quadrat,714,18,4110,3433
Ta02282,20170703,Ta02282_20170703,Ta02282_20170703.jpg,quadrat_corner,737,28,1111,388
Ta02282,20170703,Ta02282_20170703,Ta02282_20170703.jpg,quadrat_corner,3699,32,4105,411
Ta02282,20170703,Ta02282_20170703,Ta02282_20170703.jpg,quadrat_corner,3741,2990,4101,3359
Ta02282,20170703,Ta02282_20170703,Ta02282_20170703.jpg,quadrat_corner,732,3055,1148,3433
Ta00148,20170703,Ta00148_20170703,Ta00148_20170703.jpg,clover,866,328,3639,2935
Ta00148,20170703,Ta00148_20170703,Ta00148_20170703.jpg,quadrat,649,134,3875,3308
Ta00148,20170703,Ta00148_20170703,Ta00148_20170703.jpg,quadrat_corner,700,175,1037,498
Ta00148,20170703,Ta00148_20170703,Ta00148_20170703.jpg,quadrat_corner,3418,129,3764,448
Ta00148,20170703,Ta00148_20170703,Ta00148_20170703.jpg,quadrat_corner,3529,2893,3866,3253
Ta00148,20170703,Ta00148_20170703,Ta00148_20170703.jpg,quadrat_corner,636,2948,1000,3313
Ta02238,20170608,Ta02238_20170608,Ta02238_20170608.jpg,clover,2207,1584,2715,2038
Ta02238,20170608,Ta02238_20170608,Ta02238_20170608.jpg,quadrat,1118,391,4238,3456
Ta02238,20170608,Ta02238_20170608,Ta02238_20170608.jpg,quadrat_corner,1110,571,1442,903
Ta02238,20170608,Ta02238_20170608,Ta02238_20170608.jpg,quadrat_corner,3754,391,4118,719
Ta02238,20170608,Ta02238_20170608,Ta02238_20170608.jpg,quadrat_corner,3906,3015,4242,3363
Ta02238,20170608,Ta02238_20170608,Ta02238_20170608.jpg,quadrat_corner,1310,3183,1662,3456
Ta00448,20170703,Ta00448_20170703,Ta00448_20170703.jpg,quadrat,637,0,4178,3254
Ta00448,20170703,Ta00448_20170703,Ta00448_20170703.jpg,quadrat_corner,749,0,1133,240
Ta00448,20170703,Ta00448_20170703,Ta00448_20170703.jpg,quadrat_corner,3672,0,4056,251
Ta00448,20170703,Ta00448_20170703,Ta00448_20170703.jpg,quadrat_corner,3778,2854,4162,3254
Ta00448,20170703,Ta00448_20170703,Ta00448_20170703.jpg,quadrat_corner,626,2848,1021,3264
Ta00881,20170703,Ta00881_20170703,Ta00881_20170703.jpg,clover,1884,902,3002,2186
Ta00881,20170703,Ta00881_20170703,Ta00881_20170703.jpg,quadrat,1070,0,4566,3384
Ta00881,20170703,Ta00881_20170703,Ta00881_20170703.jpg,quadrat_corner,1081,0,1495,309
Ta00881,20170703,Ta00881_20170703,Ta00881_20170703.jpg,quadrat_corner,4186,0,4556,294
Ta00881,20170703,Ta00881_20170703,Ta00881_20170703.jpg,quadrat_corner,4159,2969,4547,3338
Ta00881,20170703,Ta00881_20170703,Ta00881_20170703.jpg,quadrat_corner,1144,2992,1532,3359
Ta00108,20170703,Ta00108_20170703,Ta00108_20170703.jpg,clover,1765,739,2866,1855
Ta00108,20170703,Ta00108_20170703,Ta00108_20170703.jpg,quadrat,240,0,3734,3336
Ta00108,20170703,Ta00108_20170703,Ta00108_20170703.jpg,quadrat_corner,326,23,688,357
Ta00108,20170703,Ta00108_20170703,Ta00108_20170703.jpg,quadrat_corner,3216,0,3581,292
Ta00108,20170703,Ta00108_20170703,Ta00108_20170703.jpg,quadrat_corner,3353,2859,3751,3263
Ta00108,20170703,Ta00108_20170703,Ta00108_20170703.jpg,quadrat_corner,241,2943,621,3339
Ta01207,20170703,Ta01207_20170703,Ta01207_20170703.jpg,clover,1337,148,3372,2201
Ta01207,20170703,Ta01207_20170703,Ta01207_20170703.jpg,quadrat,414,46,4032,3456
Ta01207,20170703,Ta01207_20170703,Ta01207_20170703.jpg,quadrat_corner,483,78,866,420
Ta01207,20170703,Ta01207_20170703,Ta01207_20170703.jpg,quadrat_corner,3496,42,3866,411
Ta01207,20170703,Ta01207_20170703,Ta01207_20170703.jpg,quadrat_corner,3662,3055,4032,3456
Ta01207,20170703,Ta01207_20170703,Ta01207_20170703.jpg,quadrat_corner,419,3138,829,3456
Ta00085,20170703,Ta00085_20170703,Ta00085_20170703.jpg,clover,1129,5,3049,2824
Ta00085,20170703,Ta00085_20170703,Ta00085_20170703.jpg,quadrat,308,0,3866,3368
Ta00085,20170703,Ta00085_20170703,Ta00085_20170703.jpg,quadrat_corner,460,0,839,323
Ta00085,20170703,Ta00085_20170703,Ta00085_20170703.jpg,quadrat_corner,3395,28,3764,355
Ta00085,20170703,Ta00085_20170703,Ta00085_20170703.jpg,quadrat_corner,3464,2967,3879,3364
Ta00085,20170703,Ta00085_20170703,Ta00085_20170703.jpg,quadrat_corner,299,2939,700,3359
Ta02355,20170608,Ta02355_20170608,Ta02355_20170608.jpg,clover,2098,1227,3370,2945
Ta02355,20170608,Ta02355_20170608,Ta02355_20170608.jpg,quadrat,1249,376,4151,3251
Ta02355,20170608,Ta02355_20170608,Ta02355_20170608.jpg,quadrat_corner,1310,369,1628,677
Ta02355,20170608,Ta02355_20170608,Ta02355_20170608.jpg,quadrat_corner,3841,374,4157,677
Ta02355,20170608,Ta02355_20170608,Ta02355_20170608.jpg,quadrat_corner,3830,2924,4142,3250
Ta02355,20170608,Ta02355_20170608,Ta02355_20170608.jpg,quadrat_corner,1260,2903,1579,3217
Ta02143,20170608,Ta02143_20170608,Ta02143_20170608.jpg,clover,2319,908,3579,2338
Ta02143,20170608,Ta02143_20170608,Ta02143_20170608.jpg,quadrat,1658,0,4607,2896
Ta02143,20170608,Ta02143_20170608,Ta02143_20170608.jpg,quadrat_corner,1653,21,1973,336
Ta02143,20170608,Ta02143_20170608,Ta02143_20170608.jpg,quadrat_corner,4218,0,4538,283
Ta02143,20170608,Ta02143_20170608,Ta02143_20170608.jpg,quadrat_corner,4282,2512,4597,2853
Ta02143,20170608,Ta02143_20170608,Ta02143_20170608.jpg,quadrat_corner,1711,2576,2047,2891
Ta00236,20170703,Ta00236_20170703,Ta00236_20170703.jpg,clover,1674,373,3084,1890
Ta00236,20170703,Ta00236_20170703,Ta00236_20170703.jpg,quadrat,798,0,4404,3390
Ta00236,20170703,Ta00236_20170703,Ta00236_20170703.jpg,quadrat_corner,857,0,1235,281
Ta00236,20170703,Ta00236_20170703,Ta00236_20170703.jpg,quadrat_corner,3865,0,4249,243
Ta00236,20170703,Ta00236_20170703,Ta00236_20170703.jpg,quadrat_corner,4009,2931,4393,3331
Ta00236,20170703,Ta00236_20170703,Ta00236_20170703.jpg,quadrat_corner,820,2985,1220,3379
Ta00107,20170703,Ta00107_20170703,Ta00107_20170703.jpg,clover,1825,808,3567,2396
Ta00107,20170703,Ta00107_20170703,Ta00107_20170703.jpg,quadrat,887,55,4391,3415
Ta00107,20170703,Ta00107_20170703,Ta00107_20170703.jpg,quadrat_corner,1031,98,1405,439
Ta00107,20170703,Ta00107_20170703,Ta00107_20170703.jpg,quadrat_corner,3911,71,4306,418
Ta00107,20170703,Ta00107_20170703,Ta00107_20170703.jpg,quadrat_corner,4007,3010,4413,3426
Ta00107,20170703,Ta00107_20170703,Ta00107_20170703.jpg,quadrat_corner,877,2983,1266,3388
Ta02217,20170703,Ta02217_20170703,Ta02217_20170703.jpg,clover,3202,887,4264,2394
Ta02217,20170703,Ta02217_20170703,Ta02217_20170703.jpg,quadrat,871,0,4716,3456
Ta02217,20170703,Ta02217_20170703,Ta02217_20170703.jpg,quadrat_corner,1042,28,1431,380
Ta02217,20170703,Ta02217_20170703,Ta02217_20170703.jpg,quadrat_corner,4151,0,4540,316
Ta02217,20170703,Ta02217_20170703,Ta02217_20170703.jpg,quadrat_corner,4295,3111,4716,3456
Ta02217,20170703,Ta02217_20170703,Ta02217_20170703.jpg,quadrat_corner,866,3127,1287,3456
Ta00434,20170703,Ta00434_20170703,Ta00434_20170703.jpg,clover,894,157,3570,2584
Ta00434,20170703,Ta00434_20170703,Ta00434_20170703.jpg,quadrat,746,23,4438,3456
Ta00434,20170703,Ta00434_20170703,Ta00434_20170703.jpg,quadrat_corner,829,74,1212,434
Ta00434,20170703,Ta00434_20170703,Ta00434_20170703.jpg,quadrat_corner,3889,46,4308,401
Ta00434,20170703,Ta00434_20170703,Ta00434_20170703.jpg,quadrat_corner,4027,3151,4452,3456
Ta00434,20170703,Ta00434_20170703,Ta00434_20170703.jpg,quadrat_corner,751,3184,1157,3456
Ta01989,20170703,Ta01989_20170703,Ta01989_20170703.jpg,clover,1971,427,4354,3232
Ta01989,20170703,Ta01989_20170703,Ta01989_20170703.jpg,quadrat,962,80,4408,3456
Ta01989,20170703,Ta01989_20170703,Ta01989_20170703.jpg,quadrat_corner,939,85,1337,467
Ta01989,20170703,Ta01989_20170703,Ta01989_20170703.jpg,quadrat_corner,3979,67,4384,443
Ta01989,20170703,Ta01989_20170703,Ta01989_20170703.jpg,quadrat_corner,4020,3079,4396,3456
Ta01989,20170703,Ta01989_20170703,Ta01989_20170703.jpg,quadrat_corner,1001,3145,1376,3456
Ta00724,20170703,Ta00724_20170703,Ta00724_20170703.jpg,clover,2708,1007,3694,2027
Ta00724,20170703,Ta00724_20170703,Ta00724_20170703.jpg,quadrat,625,0,4321,3430
Ta00724,20170703,Ta00724_20170703,Ta00724_20170703.jpg,quadrat_corner,848,0,1231,284
Ta00724,20170703,Ta00724_20170703,Ta00724_20170703.jpg,quadrat_corner,3865,0,4262,319
Ta00724,20170703,Ta00724_20170703,Ta00724_20170703.jpg,quadrat_corner,3903,2997,4309,3418
Ta00724,20170703,Ta00724_20170703,Ta00724_20170703.jpg,quadrat_corner,624,2927,1030,3358
Ta02366,20170608,Ta02366_20170608,Ta02366_20170608.jpg,clover,2306,1560,2886,2741
Ta02366,20170608,Ta02366_20170608,Ta02366_20170608.jpg,quadrat,1140,952,3750,3456
Ta02366,20170608,Ta02366_20170608,Ta02366_20170608.jpg,quadrat_corner,1202,980,1457,1239
Ta02366,20170608,Ta02366_20170608,Ta02366_20170608.jpg,quadrat_corner,3433,1018,3733,1287
Ta02366,20170608,Ta02366_20170608,Ta02366_20170608.jpg,quadrat_corner,3402,3283,3695,3456
Ta02366,20170608,Ta02366_20170608,Ta02366_20170608.jpg,quadrat_corner,1143,3249,1440,3456
Ta01954,20170703,Ta01954_20170703,Ta01954_20170703.jpg,quadrat,511,129,3902,3456
Ta01954,20170703,Ta01954_20170703,Ta01954_20170703.jpg,quadrat_corner,506,125,894,508
Ta01954,20170703,Ta01954_20170703,Ta01954_20170703.jpg,quadrat_corner,3515,148,3893,531
Ta01954,20170703,Ta01954_20170703,Ta01954_20170703.jpg,quadrat_corner,3533,3110,3916,3456
Ta01954,20170703,Ta01954_20170703,Ta01954_20170703.jpg,quadrat_corner,525,3170,926,3456
Ta02340,20170608,Ta02340_20170608,Ta02340_20170608.jpg,clover,2471,1369,3353,2090
Ta02340,20170608,Ta02340_20170608,Ta02340_20170608.jpg,quadrat,1309,240,4291,3221
Ta02340,20170608,Ta02340_20170608,Ta02340_20170608.jpg,quadrat_corner,1370,246,1694,563
Ta02340,20170608,Ta02340_20170608,Ta02340_20170608.jpg,quadrat_corner,3984,318,4308,642
Ta02340,20170608,Ta02340_20170608,Ta02340_20170608.jpg,quadrat_corner,3878,2885,4209,3230
Ta02340,20170608,Ta02340_20170608,Ta02340_20170608.jpg,quadrat_corner,1326,2851,1650,3165
Ta00772,20170703,Ta00772_20170703,Ta00772_20170703.jpg,clover,1540,786,2468,2590
Ta00772,20170703,Ta00772_20170703,Ta00772_20170703.jpg,quadrat,710,0,4358,3456
Ta00772,20170703,Ta00772_20170703,Ta00772_20170703.jpg,quadrat_corner,882,0,1248,343
Ta00772,20170703,Ta00772_20170703,Ta00772_20170703.jpg,quadrat_corner,3841,57,4192,405
Ta00772,20170703,Ta00772_20170703,Ta00772_20170703.jpg,quadrat_corner,3939,3047,4324,3453
Ta00772,20170703,Ta00772_20170703,Ta00772_20170703.jpg,quadrat_corner,724,3023,1124,3447
Ta00443,20170703,Ta00443_20170703,Ta00443_20170703.jpg,clover,1518,429,3214,2225
Ta00443,20170703,Ta00443_20170703,Ta00443_20170703.jpg,quadrat,345,73,3966,3456
Ta00443,20170703,Ta00443_20170703,Ta00443_20170703.jpg,quadrat_corner,554,93,920,426
Ta00443,20170703,Ta00443_20170703,Ta00443_20170703.jpg,quadrat_corner,3469,114,3854,447
Ta00443,20170703,Ta00443_20170703,Ta00443_20170703.jpg,quadrat_corner,3572,3030,3975,3433
Ta00443,20170703,Ta00443_20170703,Ta00443_20170703.jpg,quadrat_corner,354,3027,751,3437
Ta00777,20170703,Ta00777_20170703,Ta00777_20170703.jpg,clover,1574,1062,3474,2881
Ta00777,20170703,Ta00777_20170703,Ta00777_20170703.jpg,quadrat,1012,0,4548,3456
Ta00777,20170703,Ta00777_20170703,Ta00777_20170703.jpg,quadrat_corner,1035,10,1404,379
Ta00777,20170703,Ta00777_20170703,Ta00777_20170703.jpg,quadrat_corner,4125,0,4513,377
Ta00777,20170703,Ta00777_20170703,Ta00777_20170703.jpg,quadrat_corner,4138,3046,4519,3422
Ta00777,20170703,Ta00777_20170703,Ta00777_20170703.jpg,quadrat_corner,1097,3092,1504,3456
Ta01038,20170703,Ta01038_20170703,Ta01038_20170703.jpg,clover,2131,387,4103,2293
Ta01038,20170703,Ta01038_20170703,Ta01038_20170703.jpg,quadrat,1106,0,4738,3456
Ta01038,20170703,Ta01038_20170703,Ta01038_20170703.jpg,quadrat_corner,1218,0,1618,369
Ta01038,20170703,Ta01038_20170703,Ta01038_20170703.jpg,quadrat_corner,4248,0,4637,305
Ta01038,20170703,Ta01038_20170703,Ta01038_20170703.jpg,quadrat_corner,4333,3025,4749,3456
Ta01038,20170703,Ta01038_20170703,Ta01038_20170703.jpg,quadrat_corner,1122,3014,1517,3430
Ta00200,20170703,Ta00200_20170703,Ta00200_20170703.jpg,clover,2196,2247,3003,2890
Ta00200,20170703,Ta00200_20170703,Ta00200_20170703.jpg,quadrat,750,63,4281,3456
Ta00200,20170703,Ta00200_20170703,Ta00200_20170703.jpg,quadrat_corner,761,138,1158,532
Ta00200,20170703,Ta00200_20170703,Ta00200_20170703.jpg,quadrat_corner,3837,38,4237,441
Ta00200,20170703,Ta00200_20170703,Ta00200_20170703.jpg,quadrat_corner,3902,3082,4296,3456
Ta00200,20170703,Ta00200_20170703,Ta00200_20170703.jpg,quadrat_corner,888,3215,1272,3456
Ta01898,20170703,Ta01898_20170703,Ta01898_20170703.jpg,clover,1844,917,3362,2393
Ta01898,20170703,Ta01898_20170703,Ta01898_20170703.jpg,quadrat,1321,0,4948,3405
Ta01898,20170703,Ta01898_20170703,Ta01898_20170703.jpg,quadrat_corner,1353,0,1774,306
Ta01898,20170703,Ta01898_20170703,Ta01898_20170703.jpg,quadrat_corner,4548,0,4958,306
Ta01898,20170703,Ta01898_20170703,Ta01898_20170703.jpg,quadrat_corner,4446,3037,4857,3421
Ta01898,20170703,Ta01898_20170703,Ta01898_20170703.jpg,quadrat_corner,1380,3037,1806,3437
Ta01601,20170703,Ta01601_20170703,Ta01601_20170703.jpg,clover,1670,535,3566,2533
Ta01601,20170703,Ta01601_20170703,Ta01601_20170703.jpg,quadrat,889,65,4747,3456
Ta01601,20170703,Ta01601_20170703,Ta01601_20170703.jpg,quadrat_corner,982,65,1378,420
Ta01601,20170703,Ta01601_20170703,Ta01601_20170703.jpg,quadrat_corner,4027,60,4419,406
Ta01601,20170703,Ta01601_20170703,Ta01601_20170703.jpg,quadrat_corner,4359,3041,4761,3456
Ta01601,20170703,Ta01601_20170703,Ta01601_20170703.jpg,quadrat_corner,894,3115,1332,3456
Ta01935,20170608,Ta01935_20170608,Ta01935_20170608.jpg,clover,1970,1462,2486,2284
Ta01935,20170608,Ta01935_20170608,Ta01935_20170608.jpg,quadrat,1072,381,4104,3409
Ta01935,20170608,Ta01935_20170608,Ta01935_20170608.jpg,quadrat_corner,1088,489,1404,817
Ta01935,20170608,Ta01935_20170608,Ta01935_20170608.jpg,quadrat_corner,3668,377,4012,701
Ta01935,20170608,Ta01935_20170608,Ta01935_20170608.jpg,quadrat_corner,3776,2937,4112,3285
Ta01935,20170608,Ta01935_20170608,Ta01935_20170608.jpg,quadrat_corner,1232,3093,1564,3413
Ta00908,20170703,Ta00908_20170703,Ta00908_20170703.jpg,clover,2518,517,4212,1989
Ta00908,20170703,Ta00908_20170703,Ta00908_20170703.jpg,quadrat,1706,69,5148,3456
Ta00908,20170703,Ta00908_20170703,Ta00908_20170703.jpg,quadrat_corner,1697,148,2066,498
Ta00908,20170703,Ta00908_20170703,Ta00908_20170703.jpg,quadrat_corner,4724,65,5116,438
Ta00908,20170703,Ta00908_20170703,Ta00908_20170703.jpg,quadrat_corner,4774,3096,5153,3456
Ta00908,20170703,Ta00908_20170703,Ta00908_20170703.jpg,quadrat_corner,1743,3128,2121,3456
Ta01927,20170608,Ta01927_20170608,Ta01927_20170608.jpg,clover,1991,1215,3338,2586
Ta01927,20170608,Ta01927_20170608,Ta01927_20170608.jpg,quadrat,1083,492,4119,3456
Ta01927,20170608,Ta01927_20170608,Ta01927_20170608.jpg,quadrat_corner,1103,576,1427,916
Ta01927,20170608,Ta01927_20170608,Ta01927_20170608.jpg,quadrat_corner,3719,488,4063,820
Ta01927,20170608,Ta01927_20170608,Ta01927_20170608.jpg,quadrat_corner,3783,3112,4131,3452
Ta01927,20170608,Ta01927_20170608,Ta01927_20170608.jpg,quadrat_corner,1199,3172,1539,3456
Ta02126,20170608,Ta02126_20170608,Ta02126_20170608.jpg,clover,2111,1187,3051,2252
Ta02126,20170608,Ta02126_20170608,Ta02126_20170608.jpg,quadrat,1058,186,3990,3094
Ta02126,20170608,Ta02126_20170608,Ta02126_20170608.jpg,quadrat_corner,1134,194,1458,498
Ta02126,20170608,Ta02126_20170608,Ta02126_20170608.jpg,quadrat_corner,3670,278,3986,590
Ta02126,20170608,Ta02126_20170608,Ta02126_20170608.jpg,quadrat_corner,3570,2806,3882,3122
Ta02126,20170608,Ta02126_20170608,Ta02126_20170608.jpg,quadrat_corner,1058,2718,1390,3042
Ta00866,20170703,Ta00866_20170703,Ta00866_20170703.jpg,clover,2396,1625,2629,1860
Ta00866,20170703,Ta00866_20170703,Ta00866_20170703.jpg,quadrat_corner,1146,0,1520,277
Ta00866,20170703,Ta00866_20170703,Ta00866_20170703.jpg,quadrat_corner,4209,0,4583,229
Ta00866,20170703,Ta00866_20170703,Ta00866_20170703.jpg,quadrat_corner,4246,2899,4605,3259
Ta00866,20170703,Ta00866_20170703,Ta00866_20170703.jpg,quadrat_corner,1230,2972,1611,3325
Ta00866,20170703,Ta00866_20170703,Ta00866_20170703.jpg,quadrat,1146,0,4600,3340
Ta01205,20170703,Ta01205_20170703,Ta01205_20170703.jpg,clover,1692,309,3307,2201
Ta01205,20170703,Ta01205_20170703,Ta01205_20170703.jpg,quadrat,945,5,4696,3377
Ta01205,20170703,Ta01205_20170703,Ta01205_20170703.jpg,quadrat_corner,1055,0,1452,295
Ta01205,20170703,Ta01205_20170703,Ta01205_20170703.jpg,quadrat_corner,4087,0,4475,254
Ta01205,20170703,Ta01205_20170703,Ta01205_20170703.jpg,quadrat_corner,4281,2925,4715,3364
Ta01205,20170703,Ta01205_20170703,Ta01205_20170703.jpg,quadrat_corner,945,2958,1378,3382
Ta01629,20170703,Ta01629_20170703,Ta01629_20170703.jpg,clover,1535,332,4322,3055
Ta01629,20170703,Ta01629_20170703,Ta01629_20170703.jpg,quadrat,1106,83,4798,3456
Ta01629,20170703,Ta01629_20170703,Ta01629_20170703.jpg,quadrat_corner,1208,88,1614,420
Ta01629,20170703,Ta01629_20170703,Ta01629_20170703.jpg,quadrat_corner,4198,138,4590,475
Ta01629,20170703,Ta01629_20170703,Ta01629_20170703.jpg,quadrat_corner,4410,3101,4825,3456
Ta01629,20170703,Ta01629_20170703,Ta01629_20170703.jpg,quadrat_corner,1106,3119,1526,3456
Ta01175,20170703,Ta01175_20170703,Ta01175_20170703.jpg,clover,1925,850,3056,2254
Ta01175,20170703,Ta01175_20170703,Ta01175_20170703.jpg,quadrat,954,36,4421,3456
Ta01175,20170703,Ta01175_20170703,Ta01175_20170703.jpg,quadrat_corner,954,29,1351,426
Ta01175,20170703,Ta01175_20170703,Ta01175_20170703.jpg,quadrat_corner,4052,49,4421,425
Ta01175,20170703,Ta01175_20170703,Ta01175_20170703.jpg,quadrat_corner,4031,3090,4421,3456
Ta01175,20170703,Ta01175_20170703,Ta01175_20170703.jpg,quadrat_corner,1012,3131,1407,3456
Ta00540,20170703,Ta00540_20170703,Ta00540_20170703.jpg,clover,1141,861,3500,2658
Ta00540,20170703,Ta00540_20170703,Ta00540_20170703.jpg,quadrat,729,0,4414,3456
Ta00540,20170703,Ta00540_20170703,Ta00540_20170703.jpg,quadrat_corner,731,40,1124,453
Ta00540,20170703,Ta00540_20170703,Ta00540_20170703.jpg,quadrat_corner,3891,0,4267,236
Ta00540,20170703,Ta00540_20170703,Ta00540_20170703.jpg,quadrat_corner,4038,2920,4420,3308
Ta00540,20170703,Ta00540_20170703,Ta00540_20170703.jpg,quadrat_corner,983,3190,1405,3456
Ta01684,20170703,Ta01684_20170703,Ta01684_20170703.jpg,quadrat_corner,750,0,1133,317
Ta01684,20170703,Ta01684_20170703,Ta01684_20170703.jpg,quadrat_corner,3755,0,4136,328
Ta01684,20170703,Ta01684_20170703,Ta01684_20170703.jpg,quadrat_corner,3805,3025,4204,3424
Ta01684,20170703,Ta01684_20170703,Ta01684_20170703.jpg,quadrat_corner,536,2960,917,3366
Ta01684,20170703,Ta01684_20170703,Ta01684_20170703.jpg,quadrat,530,0,4203,3424
Ta01684,20170703,Ta01684_20170703,Ta01684_20170703.jpg,clover,1528,126,3931,2478
Ta02302,20170703,Ta02302_20170703,Ta02302_20170703.jpg,clover,1185,125,3589,2450
Ta02302,20170703,Ta02302_20170703,Ta02302_20170703.jpg,quadrat,622,0,4170,3267
Ta02302,20170703,Ta02302_20170703,Ta02302_20170703.jpg,quadrat_corner,748,0,1118,318
Ta02302,20170703,Ta02302_20170703,Ta02302_20170703.jpg,quadrat_corner,3639,0,4021,282
Ta02302,20170703,Ta02302_20170703,Ta02302_20170703.jpg,quadrat_corner,3786,2827,4183,3237
Ta02302,20170703,Ta02302_20170703,Ta02302_20170703.jpg,quadrat_corner,632,2877,1022,3270
Ta01507,20170703,Ta01507_20170703,Ta01507_20170703.jpg,clover,2046,346,3404,1897
Ta01507,20170703,Ta01507_20170703,Ta01507_20170703.jpg,quadrat,670,0,4195,3264
Ta01507,20170703,Ta01507_20170703,Ta01507_20170703.jpg,quadrat_corner,854,26,1211,360
Ta01507,20170703,Ta01507_20170703,Ta01507_20170703.jpg,quadrat_corner,3710,0,4089,254
Ta01507,20170703,Ta01507_20170703,Ta01507_20170703.jpg,quadrat_corner,3779,2855,4189,3265
Ta01507,20170703,Ta01507_20170703,Ta01507_20170703.jpg,quadrat_corner,672,2851,1051,3269
Ta01939,20170703,Ta01939_20170703,Ta01939_20170703.jpg,clover,2400,482,4210,3126
Ta01939,20170703,Ta01939_20170703,Ta01939_20170703.jpg,quadrat,1075,18,4617,3456
Ta01939,20170703,Ta01939_20170703,Ta01939_20170703.jpg,quadrat_corner,1074,106,1464,482
Ta01939,20170703,Ta01939_20170703,Ta01939_20170703.jpg,quadrat_corner,4160,26,4562,397
Ta01939,20170703,Ta01939_20170703,Ta01939_20170703.jpg,quadrat_corner,4216,3066,4610,3452
Ta01939,20170703,Ta01939_20170703,Ta01939_20170703.jpg,quadrat_corner,1193,3174,1577,3456
Ta00402,20170703,Ta00402_20170703,Ta00402_20170703.jpg,clover,1930,978,3279,2757
Ta00402,20170703,Ta00402_20170703,Ta00402_20170703.jpg,quadrat,1080,0,4578,3456
Ta00402,20170703,Ta00402_20170703,Ta00402_20170703.jpg,quadrat_corner,1089,0,1472,387
Ta00402,20170703,Ta00402_20170703,Ta00402_20170703.jpg,quadrat_corner,4159,0,4533,316
Ta00402,20170703,Ta00402_20170703,Ta00402_20170703.jpg,quadrat_corner,4198,2979,4582,3365
Ta00402,20170703,Ta00402_20170703,Ta00402_20170703.jpg,quadrat_corner,1176,3083,1564,3442
Ta00382,20170703,Ta00382_20170703,Ta00382_20170703.jpg,clover,1770,584,3787,2179
Ta00382,20170703,Ta00382_20170703,Ta00382_20170703.jpg,quadrat,716,0,4316,3422
Ta00382,20170703,Ta00382_20170703,Ta00382_20170703.jpg,quadrat_corner,847,0,1226,334
Ta00382,20170703,Ta00382_20170703,Ta00382_20170703.jpg,quadrat_corner,3822,0,4210,332
Ta00382,20170703,Ta00382_20170703,Ta00382_20170703.jpg,quadrat_corner,3902,2993,4316,3393
Ta00382,20170703,Ta00382_20170703,Ta00382_20170703.jpg,quadrat_corner,727,2976,1112,3380
Ta01760,20170703,Ta01760_20170703,Ta01760_20170703.jpg,clover,1572,382,3962,2885
Ta01760,20170703,Ta01760_20170703,Ta01760_20170703.jpg,quadrat,1217,29,4711,3456
Ta01760,20170703,Ta01760_20170703,Ta01760_20170703.jpg,quadrat_corner,1228,24,1633,434
Ta01760,20170703,Ta01760_20170703,Ta01760_20170703.jpg,quadrat_corner,4316,24,4737,424
Ta01760,20170703,Ta01760_20170703,Ta01760_20170703.jpg,quadrat_corner,4284,3069,4711,3442
Ta01760,20170703,Ta01760_20170703,Ta01760_20170703.jpg,quadrat_corner,1281,3122,1676,3456
Ta02046,20170608,Ta02046_20170608,Ta02046_20170608.jpg,clover,1866,1118,3326,2326
Ta02046,20170608,Ta02046_20170608,Ta02046_20170608.jpg,quadrat,845,158,3917,3240
Ta02046,20170608,Ta02046_20170608,Ta02046_20170608.jpg,quadrat_corner,840,243,1197,600
Ta02046,20170608,Ta02046_20170608,Ta02046_20170608.jpg,quadrat_corner,3506,168,3858,494
Ta02046,20170608,Ta02046_20170608,Ta02046_20170608.jpg,quadrat_corner,3581,2766,3922,3097
Ta02046,20170608,Ta02046_20170608,Ta02046_20170608.jpg,quadrat_corner,1000,2904,1368,3219
Ta01980,20170703,Ta01980_20170703,Ta01980_20170703.jpg,clover,1260,424,3636,2473
Ta01980,20170703,Ta01980_20170703,Ta01980_20170703.jpg,quadrat,501,0,4088,3381
Ta01980,20170703,Ta01980_20170703,Ta01980_20170703.jpg,quadrat_corner,604,0,979,353
Ta01980,20170703,Ta01980_20170703,Ta01980_20170703.jpg,quadrat_corner,3552,0,3933,314
Ta01980,20170703,Ta01980_20170703,Ta01980_20170703.jpg,quadrat_corner,3688,2948,4082,3352
Ta01980,20170703,Ta01980_20170703,Ta01980_20170703.jpg,quadrat_corner,494,3006,882,3384
Ta00428,20170703,Ta00428_20170703,Ta00428_20170703.jpg,clover,985,267,4215,3203
Ta00428,20170703,Ta00428_20170703,Ta00428_20170703.jpg,quadrat,838,33,4438,3456
Ta00428,20170703,Ta00428_20170703,Ta00428_20170703.jpg,quadrat_corner,927,28,1310,372
Ta00428,20170703,Ta00428_20170703,Ta00428_20170703.jpg,quadrat_corner,3923,101,4304,443
Ta00428,20170703,Ta00428_20170703,Ta00428_20170703.jpg,quadrat_corner,4055,3087,4428,3456
Ta00428,20170703,Ta00428_20170703,Ta00428_20170703.jpg,quadrat_corner,825,3095,1237,3456
Ta02317,20170703,Ta02317_20170703,Ta02317_20170703.jpg,clover,2117,738,4119,2888
Ta02317,20170703,Ta02317_20170703,Ta02317_20170703.jpg,quadrat,1143,0,4696,3350
Ta02317,20170703,Ta02317_20170703,Ta02317_20170703.jpg,quadrat_corner,1185,0,1582,318
Ta02317,20170703,Ta02317_20170703,Ta02317_20170703.jpg,quadrat_corner,4147,0,4539,281
Ta02317,20170703,Ta02317_20170703,Ta02317_20170703.jpg,quadrat_corner,4308,2893,4701,3308
Ta02317,20170703,Ta02317_20170703,Ta02317_20170703.jpg,quadrat_corner,1139,2939,1545,3354
Ta02132,20170608,Ta02132_20170608,Ta02132_20170608.jpg,clover,2091,1449,2641,1945
Ta02132,20170608,Ta02132_20170608,Ta02132_20170608.jpg,quadrat,1137,499,3773,3119
Ta02132,20170608,Ta02132_20170608,Ta02132_20170608.jpg,quadrat_corner,1257,499,1549,775
Ta02132,20170608,Ta02132_20170608,Ta02132_20170608.jpg,quadrat_corner,3473,611,3769,907
Ta02132,20170608,Ta02132_20170608,Ta02132_20170608.jpg,quadrat_corner,3357,2827,3649,3123
Ta02132,20170608,Ta02132_20170608,Ta02132_20170608.jpg,quadrat_corner,1141,2719,1441,3019
Ta00923,20170703,Ta00923_20170703,Ta00923_20170703.jpg,clover,1375,150,3587,2398
Ta00923,20170703,Ta00923_20170703,Ta00923_20170703.jpg,quadrat,483,0,4030,3289
Ta00923,20170703,Ta00923_20170703,Ta00923_20170703.jpg,quadrat_corner,643,0,1016,281
Ta00923,20170703,Ta00923_20170703,Ta00923_20170703.jpg,quadrat_corner,3560,0,3939,254
Ta00923,20170703,Ta00923_20170703,Ta00923_20170703.jpg,quadrat_corner,3624,2878,4035,3278
Ta00923,20170703,Ta00923_20170703,Ta00923_20170703.jpg,quadrat_corner,504,2867,888,3267
Ta01916,20170608,Ta01916_20170608,Ta01916_20170608.jpg,clover,1848,116,4204,3124
Ta01916,20170608,Ta01916_20170608,Ta01916_20170608.jpg,quadrat,1448,220,4436,3188
Ta01916,20170608,Ta01916_20170608,Ta01916_20170608.jpg,quadrat_corner,1440,360,1772,680
Ta01916,20170608,Ta01916_20170608,Ta01916_20170608.jpg,quadrat_corner,3940,224,4264,536
Ta01916,20170608,Ta01916_20170608,Ta01916_20170608.jpg,quadrat_corner,4112,2728,4444,3068
Ta01916,20170608,Ta01916_20170608,Ta01916_20170608.jpg,quadrat_corner,1552,2872,1884,3196
Ta02279,20170608,Ta02279_20170608,Ta02279_20170608.jpg,clover,2990,1591,3544,2127
Ta02279,20170608,Ta02279_20170608,Ta02279_20170608.jpg,quadrat,1608,306,4680,3306
Ta02279,20170608,Ta02279_20170608,Ta02279_20170608.jpg,quadrat_corner,1632,302,1968,658
Ta02279,20170608,Ta02279_20170608,Ta02279_20170608.jpg,quadrat_corner,4332,346,4696,702
Ta02279,20170608,Ta02279_20170608,Ta02279_20170608.jpg,quadrat_corner,4204,2978,4544,3302
Ta02279,20170608,Ta02279_20170608,Ta02279_20170608.jpg,quadrat_corner,1648,2918,1968,3238
Ta01068,20170703,Ta01068_20170703,Ta01068_20170703.jpg,clover,1384,986,2881,2735
Ta01068,20170703,Ta01068_20170703,Ta01068_20170703.jpg,quadrat,362,14,3955,3456
Ta01068,20170703,Ta01068_20170703,Ta01068_20170703.jpg,quadrat_corner,347,151,722,537
Ta01068,20170703,Ta01068_20170703,Ta01068_20170703.jpg,quadrat_corner,3411,14,3803,369
Ta01068,20170703,Ta01068_20170703,Ta01068_20170703.jpg,quadrat_corner,3595,3013,3955,3405
Ta01068,20170703,Ta01068_20170703,Ta01068_20170703.jpg,quadrat_corner,551,3250,940,3456
Ta00754,20170703,Ta00754_20170703,Ta00754_20170703.jpg,clover,1473,440,3452,2650
Ta00754,20170703,Ta00754_20170703,Ta00754_20170703.jpg,quadrat,755,0,4339,3389
Ta00754,20170703,Ta00754_20170703,Ta00754_20170703.jpg,quadrat_corner,937,8,1321,333
Ta00754,20170703,Ta00754_20170703,Ta00754_20170703.jpg,quadrat_corner,3875,0,4270,317
Ta00754,20170703,Ta00754_20170703,Ta00754_20170703.jpg,quadrat_corner,3945,2984,4355,3405
Ta00754,20170703,Ta00754_20170703,Ta00754_20170703.jpg,quadrat_corner,739,2947,1139,3347
Ta01853,20170703,Ta01853_20170703,Ta01853_20170703.jpg,clover,2797,713,4590,2646
Ta01853,20170703,Ta01853_20170703,Ta01853_20170703.jpg,quadrat,1061,0,4827,3456
Ta01853,20170703,Ta01853_20170703,Ta01853_20170703.jpg,quadrat_corner,1308,0,1681,311
Ta01853,20170703,Ta01853_20170703,Ta01853_20170703.jpg,quadrat_corner,4378,0,4790,356
Ta01853,20170703,Ta01853_20170703,Ta01853_20170703.jpg,quadrat_corner,4407,3137,4827,3456
Ta01853,20170703,Ta01853_20170703,Ta01853_20170703.jpg,quadrat_corner,1056,3011,1463,3439
Ta00101,20170703,Ta00101_20170703,Ta00101_20170703.jpg,clover,1156,621,2792,2189
Ta00101,20170703,Ta00101_20170703,Ta00101_20170703.jpg,quadrat,368,91,3965,3326
Ta00101,20170703,Ta00101_20170703,Ta00101_20170703.jpg,quadrat_corner,599,96,969,411
Ta00101,20170703,Ta00101_20170703,Ta00101_20170703.jpg,quadrat_corner,3459,101,3826,421
Ta00101,20170703,Ta00101_20170703,Ta00101_20170703.jpg,quadrat_corner,3577,2919,3965,3321
Ta00101,20170703,Ta00101_20170703,Ta00101_20170703.jpg,quadrat_corner,362,2914,759,3321
Ta02304,20170703,Ta02304_20170703,Ta02304_20170703.jpg,clover,928,0,4473,3261
Ta02304,20170703,Ta02304_20170703,Ta02304_20170703.jpg,quadrat,720,27,4482,3456
Ta02304,20170703,Ta02304_20170703,Ta02304_20170703.jpg,quadrat_corner,888,53,1260,385
Ta02304,20170703,Ta02304_20170703,Ta02304_20170703.jpg,quadrat_corner,3897,0,4291,350
Ta02304,20170703,Ta02304_20170703,Ta02304_20170703.jpg,quadrat_corner,4066,3018,4486,3452
Ta02304,20170703,Ta02304_20170703,Ta02304_20170703.jpg,quadrat_corner,729,3040,1136,3447
Ta01999,20170608,Ta01999_20170608,Ta01999_20170608.jpg,clover,1854,1066,3392,2741
Ta01999,20170608,Ta01999_20170608,Ta01999_20170608.jpg,quadrat,1251,461,4135,3333
Ta01999,20170608,Ta01999_20170608,Ta01999_20170608.jpg,quadrat_corner,1251,473,1567,781
Ta01999,20170608,Ta01999_20170608,Ta01999_20170608.jpg,quadrat_corner,3795,441,4135,781
Ta01999,20170608,Ta01999_20170608,Ta01999_20170608.jpg,quadrat_corner,3799,3005,4143,3337
Ta01999,20170608,Ta01999_20170608,Ta01999_20170608.jpg,quadrat_corner,1275,3025,1603,3345
Ta00164,20170703,Ta00164_20170703,Ta00164_20170703.jpg,clover,1247,288,2902,1863
Ta00164,20170703,Ta00164_20170703,Ta00164_20170703.jpg,quadrat,74,0,3729,3429
Ta00164,20170703,Ta00164_20170703,Ta00164_20170703.jpg,quadrat_corner,189,0,583,296
Ta00164,20170703,Ta00164_20170703,Ta00164_20170703.jpg,quadrat_corner,3212,0,3619,292
Ta00164,20170703,Ta00164_20170703,Ta00164_20170703.jpg,quadrat_corner,3327,2969,3729,3407
Ta00164,20170703,Ta00164_20170703,Ta00164_20170703.jpg,quadrat_corner,56,3018,472,3452
Ta00262,20170703,Ta00262_20170703,Ta00262_20170703.jpg,clover,2003,1190,3172,2398
Ta00262,20170703,Ta00262_20170703,Ta00262_20170703.jpg,quadrat,849,0,4530,3456
Ta00262,20170703,Ta00262_20170703,Ta00262_20170703.jpg,quadrat_corner,1034,4,1415,363
Ta00262,20170703,Ta00262_20170703,Ta00262_20170703.jpg,quadrat_corner,4021,0,4442,327
Ta00262,20170703,Ta00262_20170703,Ta00262_20170703.jpg,quadrat_corner,4110,3036,4548,3456
Ta00262,20170703,Ta00262_20170703,Ta00262_20170703.jpg,quadrat_corner,831,2983,1242,3403
Ta02223,20170608,Ta02223_20170608,Ta02223_20170608.jpg,clover,2182,1302,3062,1984
Ta02223,20170608,Ta02223_20170608,Ta02223_20170608.jpg,quadrat,1480,254,4432,3182
Ta02223,20170608,Ta02223_20170608,Ta02223_20170608.jpg,quadrat_corner,1500,266,1836,606
Ta02223,20170608,Ta02223_20170608,Ta02223_20170608.jpg,quadrat_corner,4096,258,4444,570
Ta02223,20170608,Ta02223_20170608,Ta02223_20170608.jpg,quadrat_corner,4088,2846,4428,3186
Ta02223,20170608,Ta02223_20170608,Ta02223_20170608.jpg,quadrat_corner,1544,2834,1868,3170
Ta00018,20170703,Ta00018_20170703,Ta00018_20170703.jpg,clover,1079,186,3353,2478
Ta00018,20170703,Ta00018_20170703,Ta00018_20170703.jpg,quadrat,239,85,4063,3456
Ta00018,20170703,Ta00018_20170703,Ta00018_20170703.jpg,quadrat_corner,389,160,778,512
Ta00018,20170703,Ta00018_20170703,Ta00018_20170703.jpg,quadrat_corner,3397,91,3791,411
Ta00018,20170703,Ta00018_20170703,Ta00018_20170703.jpg,quadrat_corner,3637,3051,4069,3456
Ta00018,20170703,Ta00018_20170703,Ta00018_20170703.jpg,quadrat_corner,229,3163,639,3456
Ta00133,20170703,Ta00133_20170703,Ta00133_20170703.jpg,clover,1663,319,4402,3053
Ta00133,20170703,Ta00133_20170703,Ta00133_20170703.jpg,quadrat,1363,182,4819,3456
Ta00133,20170703,Ta00133_20170703,Ta00133_20170703.jpg,quadrat_corner,1358,182,1758,561
Ta00133,20170703,Ta00133_20170703,Ta00133_20170703.jpg,quadrat_corner,4419,198,4851,598
Ta00133,20170703,Ta00133_20170703,Ta00133_20170703.jpg,quadrat_corner,4392,3233,4792,3456
Ta00133,20170703,Ta00133_20170703,Ta00133_20170703.jpg,quadrat_corner,1358,3249,1763,3456
Ta01393,20170703,Ta01393_20170703,Ta01393_20170703.jpg,clover,813,779,3096,2438
Ta01393,20170703,Ta01393_20170703,Ta01393_20170703.jpg,quadrat,534,49,4101,3456
Ta01393,20170703,Ta01393_20170703,Ta01393_20170703.jpg,quadrat_corner,667,49,1048,398
Ta01393,20170703,Ta01393_20170703,Ta01393_20170703.jpg,quadrat_corner,3636,62,4017,403
Ta01393,20170703,Ta01393_20170703,Ta01393_20170703.jpg,quadrat_corner,3716,3044,4119,3456
Ta01393,20170703,Ta01393_20170703,Ta01393_20170703.jpg,quadrat_corner,525,3027,915,3452
Ta00898,20170703,Ta00898_20170703,Ta00898_20170703.jpg,clover,1211,137,3296,2407
Ta00898,20170703,Ta00898_20170703,Ta00898_20170703.jpg,quadrat,512,62,4247,3456
Ta00898,20170703,Ta00898_20170703,Ta00898_20170703.jpg,quadrat_corner,707,119,1079,451
Ta00898,20170703,Ta00898_20170703,Ta00898_20170703.jpg,quadrat_corner,3663,53,4074,403
Ta00898,20170703,Ta00898_20170703,Ta00898_20170703.jpg,quadrat_corner,3822,3018,4260,3456
Ta00898,20170703,Ta00898_20170703,Ta00898_20170703.jpg,quadrat_corner,521,3040,941,3456
Ta00873,20170703,Ta00873_20170703,Ta00873_20170703.jpg,clover,1561,531,4411,2425
Ta00873,20170703,Ta00873_20170703,Ta00873_20170703.jpg,quadrat,888,0,4667,3456
Ta00873,20170703,Ta00873_20170703,Ta00873_20170703.jpg,quadrat_corner,1110,9,1490,354
Ta00873,20170703,Ta00873_20170703,Ta00873_20170703.jpg,quadrat_corner,4158,0,4570,301
Ta00873,20170703,Ta00873_20170703,Ta00873_20170703.jpg,quadrat_corner,4260,3080,4672,3456
Ta00873,20170703,Ta00873_20170703,Ta00873_20170703.jpg,quadrat_corner,893,3018,1278,3456
Ta02288,20170608,Ta02288_20170608,Ta02288_20170608.jpg,clover,2433,1036,3775,2424
Ta02288,20170608,Ta02288_20170608,Ta02288_20170608.jpg,quadrat,1343,0,4347,2829
Ta02288,20170608,Ta02288_20170608,Ta02288_20170608.jpg,quadrat_corner,1339,0,1671,249
Ta02288,20170608,Ta02288_20170608,Ta02288_20170608.jpg,quadrat_corner,4003,0,4359,189
Ta02288,20170608,Ta02288_20170608,Ta02288_20170608.jpg,quadrat_corner,3983,2469,4307,2793
Ta02288,20170608,Ta02288_20170608,Ta02288_20170608.jpg,quadrat_corner,1439,2509,1767,2837
Ta01987,20170608,Ta01987_20170608,Ta01987_20170608.jpg,clover,1647,1291,3268,3003
Ta01987,20170608,Ta01987_20170608,Ta01987_20170608.jpg,quadrat,960,473,4000,3456
Ta01987,20170608,Ta01987_20170608,Ta01987_20170608.jpg,quadrat_corner,971,510,1312,841
Ta01987,20170608,Ta01987_20170608,Ta01987_20170608.jpg,quadrat_corner,3605,478,3947,798
Ta01987,20170608,Ta01987_20170608,Ta01987_20170608.jpg,quadrat_corner,3664,3076,4005,3412
Ta01987,20170608,Ta01987_20170608,Ta01987_20170608.jpg,quadrat_corner,1045,3188,1397,3456
Ta01341,20170703,Ta01341_20170703,Ta01341_20170703.jpg,clover,1437,524,2601,1730
Ta01341,20170703,Ta01341_20170703,Ta01341_20170703.jpg,quadrat,748,0,4481,3456
Ta01341,20170703,Ta01341_20170703,Ta01341_20170703.jpg,quadrat_corner,780,31,1175,388
Ta01341,20170703,Ta01341_20170703,Ta01341_20170703.jpg,quadrat_corner,3868,0,4279,282
Ta01341,20170703,Ta01341_20170703,Ta01341_20170703.jpg,quadrat_corner,4081,3055,4508,3456
Ta01341,20170703,Ta01341_20170703,Ta01341_20170703.jpg,quadrat_corner,759,3162,1164,3456
Ta00850,20170703,Ta00850_20170703,Ta00850_20170703.jpg,clover,1698,423,4108,2126
Ta00850,20170703,Ta00850_20170703,Ta00850_20170703.jpg,quadrat,905,63,4622,3456
Ta00850,20170703,Ta00850_20170703,Ta00850_20170703.jpg,quadrat_corner,1022,58,1406,410
Ta00850,20170703,Ta00850_20170703,Ta00850_20170703.jpg,quadrat_corner,4030,63,4414,410
Ta00850,20170703,Ta00850_20170703,Ta00850_20170703.jpg,quadrat_corner,4227,3055,4633,3456
Ta00850,20170703,Ta00850_20170703,Ta00850_20170703.jpg,quadrat_corner,915,3066,1310,3456
Ta02209,20170703,Ta02209_20170703,Ta02209_20170703.jpg,clover,738,659,3340,2354
Ta02209,20170703,Ta02209_20170703,Ta02209_20170703.jpg,quadrat,260,0,3906,3456
Ta02209,20170703,Ta02209_20170703,Ta02209_20170703.jpg,quadrat_corner,371,0,778,376
Ta02209,20170703,Ta02209_20170703,Ta02209_20170703.jpg,quadrat_corner,3415,4,3827,376
Ta02209,20170703,Ta02209_20170703,Ta02209_20170703.jpg,quadrat_corner,3504,3080,3902,3456
Ta02209,20170703,Ta02209_20170703,Ta02209_20170703.jpg,quadrat_corner,264,3089,663,3456
Ta00834,20170703,Ta00834_20170703,Ta00834_20170703.jpg,clover,2635,972,3259,2029
Ta00834,20170703,Ta00834_20170703,Ta00834_20170703.jpg,quadrat,1595,145,5077,3456
Ta00834,20170703,Ta00834_20170703,Ta00834_20170703.jpg,quadrat_corner,1659,156,2048,540
Ta00834,20170703,Ta00834_20170703,Ta00834_20170703.jpg,quadrat_corner,4677,177,5093,566
Ta00834,20170703,Ta00834_20170703,Ta00834_20170703.jpg,quadrat_corner,4603,3228,4997,3456
Ta00834,20170703,Ta00834_20170703,Ta00834_20170703.jpg,quadrat_corner,1605,3142,1984,3456
Ta00663,20170703,Ta00663_20170703,Ta00663_20170703.jpg,clover,1915,1103,2860,2149
Ta00663,20170703,Ta00663_20170703,Ta00663_20170703.jpg,quadrat,347,135,3926,3452
Ta00663,20170703,Ta00663_20170703,Ta00663_20170703.jpg,quadrat_corner,539,167,913,492
Ta00663,20170703,Ta00663_20170703,Ta00663_20170703.jpg,quadrat_corner,3419,124,3803,471
Ta00663,20170703,Ta00663_20170703,Ta00663_20170703.jpg,quadrat_corner,3542,3031,3937,3456
Ta00663,20170703,Ta00663_20170703,Ta00663_20170703.jpg,quadrat_corner,347,3031,742,3447
Ta01528,20170703,Ta01528_20170703,Ta01528_20170703.jpg,clover,1191,440,3251,2264
Ta01528,20170703,Ta01528_20170703,Ta01528_20170703.jpg,quadrat,410,0,4042,3433
Ta01528,20170703,Ta01528_20170703,Ta01528_20170703.jpg,quadrat_corner,474,0,858,324
Ta01528,20170703,Ta01528_20170703,Ta01528_20170703.jpg,quadrat_corner,3498,0,3893,276
Ta01528,20170703,Ta01528_20170703,Ta01528_20170703.jpg,quadrat_corner,3631,2964,4042,3380
Ta01528,20170703,Ta01528_20170703,Ta01528_20170703.jpg,quadrat_corner,405,3033,805,3433
Ta00550,20170703,Ta00550_20170703,Ta00550_20170703.jpg,clover,2091,678,3211,1803
Ta00550,20170703,Ta00550_20170703,Ta00550_20170703.jpg,quadrat,611,0,4211,3448
Ta00550,20170703,Ta00550_20170703,Ta00550_20170703.jpg,quadrat_corner,723,0,1117,307
Ta00550,20170703,Ta00550_20170703,Ta00550_20170703.jpg,quadrat_corner,3752,0,4157,301
Ta00550,20170703,Ta00550_20170703,Ta00550_20170703.jpg,quadrat_corner,3789,3032,4216,3456
Ta00550,20170703,Ta00550_20170703,Ta00550_20170703.jpg,quadrat_corner,621,3000,1000,3405
Ta01260,20170703,Ta01260_20170703,Ta01260_20170703.jpg,clover,1225,208,3552,2943
Ta01260,20170703,Ta01260_20170703,Ta01260_20170703.jpg,quadrat,428,0,4229,3376
Ta01260,20170703,Ta01260_20170703,Ta01260_20170703.jpg,quadrat_corner,587,0,972,257
Ta01260,20170703,Ta01260_20170703,Ta01260_20170703.jpg,quadrat_corner,3654,0,4043,173
Ta01260,20170703,Ta01260_20170703,Ta01260_20170703.jpg,quadrat_corner,3804,2912,4238,3367
Ta01260,20170703,Ta01260_20170703,Ta01260_20170703.jpg,quadrat_corner,437,2965,849,3394
Ta01402,20170703,Ta01402_20170703,Ta01402_20170703.jpg,clover,1826,929,2933,2310
Ta01402,20170703,Ta01402_20170703,Ta01402_20170703.jpg,quadrat,596,0,4114,3421
Ta01402,20170703,Ta01402_20170703,Ta01402_20170703.jpg,quadrat_corner,592,0,986,350
Ta01402,20170703,Ta01402_20170703,Ta01402_20170703.jpg,quadrat_corner,3663,0,4066,279
Ta01402,20170703,Ta01402_20170703,Ta01402_20170703.jpg,quadrat_corner,3756,2934,4119,3310
Ta01402,20170703,Ta01402_20170703,Ta01402_20170703.jpg,quadrat_corner,711,3058,1101,3447
Ta00625,20170703,Ta00625_20170703,Ta00625_20170703.jpg,clover,1357,29,4253,2997
Ta00625,20170703,Ta00625_20170703,Ta00625_20170703.jpg,quadrat,985,0,4529,3333
Ta00625,20170703,Ta00625_20170703,Ta00625_20170703.jpg,quadrat_corner,1121,10,1489,358
Ta00625,20170703,Ta00625_20170703,Ta00625_20170703.jpg,quadrat_corner,4032,0,4421,303
Ta00625,20170703,Ta00625_20170703,Ta00625_20170703.jpg,quadrat_corner,4112,2918,4533,3336
Ta00625,20170703,Ta00625_20170703,Ta00625_20170703.jpg,quadrat_corner,987,2912,1369,3342
Ta01394,20170703,Ta01394_20170703,Ta01394_20170703.jpg,clover,1132,637,3057,2213
Ta01394,20170703,Ta01394_20170703,Ta01394_20170703.jpg,quadrat,366,0,3986,3443
Ta01394,20170703,Ta01394_20170703,Ta01394_20170703.jpg,quadrat_corner,371,0,769,363
Ta01394,20170703,Ta01394_20170703,Ta01394_20170703.jpg,quadrat_corner,3437,0,3827,204
Ta01394,20170703,Ta01394_20170703,Ta01394_20170703.jpg,quadrat_corner,3605,2828,3990,3230
Ta01394,20170703,Ta01394_20170703,Ta01394_20170703.jpg,quadrat_corner,583,3058,977,3421
Ta00242,20170703,Ta00242_20170703,Ta00242_20170703.jpg,clover,1707,766,3636,2921
Ta00242,20170703,Ta00242_20170703,Ta00242_20170703.jpg,quadrat,915,181,4371,3456
Ta00242,20170703,Ta00242_20170703,Ta00242_20170703.jpg,quadrat_corner,906,243,1291,620
Ta00242,20170703,Ta00242_20170703,Ta00242_20170703.jpg,quadrat_corner,3928,177,4300,544
Ta00242,20170703,Ta00242_20170703,Ta00242_20170703.jpg,quadrat_corner,4017,3164,4375,3456
Ta00242,20170703,Ta00242_20170703,Ta00242_20170703.jpg,quadrat_corner,995,3270,1384,3456
Ta02148,20170608,Ta02148_20170608,Ta02148_20170608.jpg,clover,932,664,4128,2904
Ta02148,20170608,Ta02148_20170608,Ta02148_20170608.jpg,quadrat,1000,368,3908,3296
Ta02148,20170608,Ta02148_20170608,Ta02148_20170608.jpg,quadrat_corner,996,364,1316,668
Ta02148,20170608,Ta02148_20170608,Ta02148_20170608.jpg,quadrat_corner,3600,420,3908,724
Ta02148,20170608,Ta02148_20170608,Ta02148_20170608.jpg,quadrat_corner,3560,2956,3896,3296
Ta02148,20170608,Ta02148_20170608,Ta02148_20170608.jpg,quadrat_corner,992,2984,1332,3324
Ta01477,20170703,Ta01477_20170703,Ta01477_20170703.jpg,clover,2021,398,4189,2500
Ta01477,20170703,Ta01477_20170703,Ta01477_20170703.jpg,quadrat,1021,0,4526,3332
Ta01477,20170703,Ta01477_20170703,Ta01477_20170703.jpg,quadrat_corner,1141,53,1481,372
Ta01477,20170703,Ta01477_20170703,Ta01477_20170703.jpg,quadrat_corner,4030,0,4415,314
Ta01477,20170703,Ta01477_20170703,Ta01477_20170703.jpg,quadrat_corner,4141,2925,4543,3323
Ta01477,20170703,Ta01477_20170703,Ta01477_20170703.jpg,quadrat_corner,1030,2938,1406,3345
Ta00168,20170703,Ta00168_20170703,Ta00168_20170703.jpg,clover,990,221,3079,2792
Ta00168,20170703,Ta00168_20170703,Ta00168_20170703.jpg,quadrat,242,0,3809,3367
Ta00168,20170703,Ta00168_20170703,Ta00168_20170703.jpg,quadrat_corner,366,0,773,221
Ta00168,20170703,Ta00168_20170703,Ta00168_20170703.jpg,quadrat_corner,3393,0,3769,283
Ta00168,20170703,Ta00168_20170703,Ta00168_20170703.jpg,quadrat_corner,3419,2965,3827,3376
Ta00168,20170703,Ta00168_20170703,Ta00168_20170703.jpg,quadrat_corner,229,2929,641,3337
Ta02355,20170703,Ta02355_20170703,Ta02355_20170703.jpg,clover,1335,850,3335,2792
Ta02355,20170703,Ta02355_20170703,Ta02355_20170703.jpg,quadrat,773,0,4597,3456
Ta02355,20170703,Ta02355_20170703,Ta02355_20170703.jpg,quadrat_corner,924,0,1313,235
Ta02355,20170703,Ta02355_20170703,Ta02355_20170703.jpg,quadrat_corner,4030,0,4442,239
Ta02355,20170703,Ta02355_20170703,Ta02355_20170703.jpg,quadrat_corner,4185,3009,4628,3447
Ta02355,20170703,Ta02355_20170703,Ta02355_20170703.jpg,quadrat_corner,773,3009,1198,3456
Ta02238,20170703,Ta02238_20170703,Ta02238_20170703.jpg,clover,2376,815,2962,1617
Ta02238,20170703,Ta02238_20170703,Ta02238_20170703.jpg,quadrat,861,0,4381,3341
Ta02238,20170703,Ta02238_20170703,Ta02238_20170703.jpg,quadrat_corner,930,0,1293,317
Ta02238,20170703,Ta02238_20170703,Ta02238_20170703.jpg,quadrat_corner,3895,0,4274,237
Ta02238,20170703,Ta02238_20170703,Ta02238_20170703.jpg,quadrat_corner,4007,2925,4386,3325
Ta02238,20170703,Ta02238_20170703,Ta02238_20170703.jpg,quadrat_corner,877,2957,1245,3362
Ta01483,20170703,Ta01483_20170703,Ta01483_20170703.jpg,clover,1539,734,3951,3069
Ta01483,20170703,Ta01483_20170703,Ta01483_20170703.jpg,quadrat,1315,0,4811,3353
Ta01483,20170703,Ta01483_20170703,Ta01483_20170703.jpg,quadrat_corner,1317,0,1689,340
Ta01483,20170703,Ta01483_20170703,Ta01483_20170703.jpg,quadrat_corner,4329,0,4729,232
Ta01483,20170703,Ta01483_20170703,Ta01483_20170703.jpg,quadrat_corner,4413,2888,4816,3283
Ta01483,20170703,Ta01483_20170703,Ta01483_20170703.jpg,quadrat_corner,1414,2976,1805,3352
Ta00099,20170703,Ta00099_20170703,Ta00099_20170703.jpg,clover,1654,797,4650,3005
Ta00099,20170703,Ta00099_20170703,Ta00099_20170703.jpg,quadrat,1198,49,4928,3456
Ta00099,20170703,Ta00099_20170703,Ta00099_20170703.jpg,quadrat_corner,1318,75,1707,434
Ta00099,20170703,Ta00099_20170703,Ta00099_20170703.jpg,quadrat_corner,4384,40,4774,394
Ta00099,20170703,Ta00099_20170703,Ta00099_20170703.jpg,quadrat_corner,4535,3155,4937,3456
Ta00099,20170703,Ta00099_20170703,Ta00099_20170703.jpg,quadrat_corner,1189,3142,1605,3456
Ta02345,20170703,Ta02345_20170703,Ta02345_20170703.jpg,clover,1646,754,3449,2203
Ta02345,20170703,Ta02345_20170703,Ta02345_20170703.jpg,quadrat,613,0,4106,3349
Ta02345,20170703,Ta02345_20170703,Ta02345_20170703.jpg,quadrat_corner,709,21,1082,373
Ta02345,20170703,Ta02345_20170703,Ta02345_20170703.jpg,quadrat_corner,3627,8,4001,346
Ta02345,20170703,Ta02345_20170703,Ta02345_20170703.jpg,quadrat_corner,3716,2961,4131,3355
Ta02345,20170703,Ta02345_20170703,Ta02345_20170703.jpg,quadrat_corner,604,2976,982,3364
Ta02345,20170608,Ta02345_20170608,Ta02345_20170608.jpg,clover,1910,923,3030,1693
Ta02345,20170608,Ta02345_20170608,Ta02345_20170608.jpg,quadrat,1052,74,4033,3060
Ta02345,20170608,Ta02345_20170608,Ta02345_20170608.jpg,quadrat_corner,1045,83,1382,416
Ta02345,20170608,Ta02345_20170608,Ta02345_20170608.jpg,quadrat_corner,3700,95,4051,419
Ta02345,20170608,Ta02345_20170608,Ta02345_20170608.jpg,quadrat_corner,3686,2684,4004,3012
Ta02345,20170608,Ta02345_20170608,Ta02345_20170608.jpg,quadrat_corner,1124,2736,1454,3050
Ta01574,20170703,Ta01574_20170703,Ta01574_20170703.jpg,clover,1736,399,3394,2223
Ta01574,20170703,Ta01574_20170703,Ta01574_20170703.jpg,quadrat,492,0,4044,3360
Ta01574,20170703,Ta01574_20170703,Ta01574_20170703.jpg,quadrat_corner,633,0,1009,294
Ta01574,20170703,Ta01574_20170703,Ta01574_20170703.jpg,quadrat_corner,3602,0,3971,291
Ta01574,20170703,Ta01574_20170703,Ta01574_20170703.jpg,quadrat_corner,3648,2967,4060,3367
Ta01574,20170703,Ta01574_20170703,Ta01574_20170703.jpg,quadrat_corner,500,2943,875,3352
Ta00968,20170703,Ta00968_20170703,Ta00968_20170703.jpg,clover,1089,544,3013,2571
Ta00968,20170703,Ta00968_20170703,Ta00968_20170703.jpg,quadrat,379,0,4128,3456
Ta00968,20170703,Ta00968_20170703,Ta00968_20170703.jpg,quadrat_corner,549,0,933,232
Ta00968,20170703,Ta00968_20170703,Ta00968_20170703.jpg,quadrat_corner,3616,0,4021,307
Ta00968,20170703,Ta00968_20170703,Ta00968_20170703.jpg,quadrat_corner,3723,3038,4137,3456
Ta00968,20170703,Ta00968_20170703,Ta00968_20170703.jpg,quadrat_corner,395,3024,809,3449
Ta02246,20170608,Ta02246_20170608,Ta02246_20170608.jpg,clover,2206,1167,3018,1972
Ta02246,20170608,Ta02246_20170608,Ta02246_20170608.jpg,quadrat,1324,0,4272,2902
Ta02246,20170608,Ta02246_20170608,Ta02246_20170608.jpg,quadrat_corner,1324,0,1644,322
Ta02246,20170608,Ta02246_20170608,Ta02246_20170608.jpg,quadrat_corner,3904,0,4220,270
Ta02246,20170608,Ta02246_20170608,Ta02246_20170608.jpg,quadrat_corner,3964,2510,4268,2842
Ta02246,20170608,Ta02246_20170608,Ta02246_20170608.jpg,quadrat_corner,1396,2586,1720,2902
Ta02350,20170608,Ta02350_20170608,Ta02350_20170608.jpg,clover,1709,1134,2781,2258
Ta02350,20170608,Ta02350_20170608,Ta02350_20170608.jpg,quadrat,1009,303,3917,3203
Ta02350,20170608,Ta02350_20170608,Ta02350_20170608.jpg,quadrat_corner,1009,311,1337,619
Ta02350,20170608,Ta02350_20170608,Ta02350_20170608.jpg,quadrat_corner,3589,323,3921,639
Ta02350,20170608,Ta02350_20170608,Ta02350_20170608.jpg,quadrat_corner,3577,2879,3897,3207
Ta02350,20170608,Ta02350_20170608,Ta02350_20170608.jpg,quadrat_corner,1029,2891,1353,3219
Ta01004,20170703,Ta01004_20170703,Ta01004_20170703.jpg,clover,676,553,2787,2646
Ta01004,20170703,Ta01004_20170703,Ta01004_20170703.jpg,quadrat,43,115,3610,3447
Ta01004,20170703,Ta01004_20170703,Ta01004_20170703.jpg,quadrat_corner,207,124,565,447
Ta01004,20170703,Ta01004_20170703,Ta01004_20170703.jpg,quadrat_corner,3105,111,3495,443
Ta01004,20170703,Ta01004_20170703,Ta01004_20170703.jpg,quadrat_corner,3234,3018,3610,3412
Ta01004,20170703,Ta01004_20170703,Ta01004_20170703.jpg,quadrat_corner,43,3053,415,3452
Ta02335,20170703,Ta02335_20170703,Ta02335_20170703.jpg,clover,1725,748,3060,2248
Ta02335,20170703,Ta02335_20170703,Ta02335_20170703.jpg,quadrat,1027,0,4558,3411
Ta02335,20170703,Ta02335_20170703,Ta02335_20170703.jpg,quadrat_corner,1033,0,1422,328
Ta02335,20170703,Ta02335_20170703,Ta02335_20170703.jpg,quadrat_corner,4121,0,4510,243
Ta02335,20170703,Ta02335_20170703,Ta02335_20170703.jpg,quadrat_corner,4190,2920,4569,3299
Ta02335,20170703,Ta02335_20170703,Ta02335_20170703.jpg,quadrat_corner,1150,3032,1550,3411
Ta01995,20170608,Ta01995_20170608,Ta01995_20170608.jpg,clover,2018,1476,3854,2679
Ta01995,20170608,Ta01995_20170608,Ta01995_20170608.jpg,quadrat,1457,444,4421,3404
Ta01995,20170608,Ta01995_20170608,Ta01995_20170608.jpg,quadrat_corner,1457,520,1785,844
Ta01995,20170608,Ta01995_20170608,Ta01995_20170608.jpg,quadrat_corner,4053,440,4385,756
Ta01995,20170608,Ta01995_20170608,Ta01995_20170608.jpg,quadrat_corner,4109,3036,4421,3352
Ta01995,20170608,Ta01995_20170608,Ta01995_20170608.jpg,quadrat_corner,1541,3092,1865,3416
Ta00537,20170703,Ta00537_20170703,Ta00537_20170703.jpg,clover,1017,44,3831,1996
Ta00537,20170703,Ta00537_20170703,Ta00537_20170703.jpg,quadrat,623,0,4163,3354
Ta00537,20170703,Ta00537_20170703,Ta00537_20170703.jpg,quadrat_corner,716,0,1092,305
Ta00537,20170703,Ta00537_20170703,Ta00537_20170703.jpg,quadrat_corner,3694,0,4097,257
Ta00537,20170703,Ta00537_20170703,Ta00537_20170703.jpg,quadrat_corner,3756,2947,4176,3381
Ta00537,20170703,Ta00537_20170703,Ta00537_20170703.jpg,quadrat_corner,618,2947,999,3363
Ta01638,20170703,Ta01638_20170703,Ta01638_20170703.jpg,clover,2289,1389,3940,2885
Ta01638,20170703,Ta01638_20170703,Ta01638_20170703.jpg,quadrat,1119,60,4618,3456
Ta01638,20170703,Ta01638_20170703,Ta01638_20170703.jpg,quadrat_corner,1114,151,1508,513
Ta01638,20170703,Ta01638_20170703,Ta01638_20170703.jpg,quadrat_corner,4152,83,4527,441
Ta01638,20170703,Ta01638_20170703,Ta01638_20170703.jpg,quadrat_corner,4226,3103,4612,3456
Ta01638,20170703,Ta01638_20170703,Ta01638_20170703.jpg,quadrat_corner,1212,3194,1576,3456
Ta01262,20170703,Ta01262_20170703,Ta01262_20170703.jpg,clover,2434,1164,3912,2382
Ta01262,20170703,Ta01262_20170703,Ta01262_20170703.jpg,quadrat,1220,189,4665,3456
Ta01262,20170703,Ta01262_20170703,Ta01262_20170703.jpg,quadrat_corner,1223,237,1615,604
Ta01262,20170703,Ta01262_20170703,Ta01262_20170703.jpg,quadrat_corner,4254,180,4625,553
Ta01262,20170703,Ta01262_20170703,Ta01262_20170703.jpg,quadrat_corner,4290,3184,4685,3456
Ta01262,20170703,Ta01262_20170703,Ta01262_20170703.jpg,quadrat_corner,1309,3264,1678,3456
Ta01139,20170703,Ta01139_20170703,Ta01139_20170703.jpg,clover,1354,1018,2758,2949
Ta01139,20170703,Ta01139_20170703,Ta01139_20170703.jpg,quadrat,781,152,4237,3456
Ta01139,20170703,Ta01139_20170703,Ta01139_20170703.jpg,quadrat_corner,787,159,1189,541
Ta01139,20170703,Ta01139_20170703,Ta01139_20170703.jpg,quadrat_corner,3873,217,4249,594
Ta01139,20170703,Ta01139_20170703,Ta01139_20170703.jpg,quadrat_corner,3826,3242,4192,3456
Ta01139,20170703,Ta01139_20170703,Ta01139_20170703.jpg,quadrat_corner,802,3260,1184,3456
Ta01295,20170703,Ta01295_20170703,Ta01295_20170703.jpg,clover,2004,720,3166,2238
Ta01295,20170703,Ta01295_20170703,Ta01295_20170703.jpg,quadrat,197,0,4042,3456
Ta01295,20170703,Ta01295_20170703,Ta01295_20170703.jpg,quadrat_corner,389,0,794,333
Ta01295,20170703,Ta01295_20170703,Ta01295_20170703.jpg,quadrat_corner,3546,0,3941,317
Ta01295,20170703,Ta01295_20170703,Ta01295_20170703.jpg,quadrat_corner,3626,3165,4042,3456
Ta01295,20170703,Ta01295_20170703,Ta01295_20170703.jpg,quadrat_corner,186,3138,618,3456
Ta02048,20170608,Ta02048_20170608,Ta02048_20170608.jpg,clover,2012,1340,3380,2504
Ta02048,20170608,Ta02048_20170608,Ta02048_20170608.jpg,quadrat,1303,510,4215,3426
Ta02048,20170608,Ta02048_20170608,Ta02048_20170608.jpg,quadrat_corner,1299,522,1639,818
Ta02048,20170608,Ta02048_20170608,Ta02048_20170608.jpg,quadrat_corner,3879,542,4227,862
Ta02048,20170608,Ta02048_20170608,Ta02048_20170608.jpg,quadrat_corner,3868,3090,4195,3418
Ta02048,20170608,Ta02048_20170608,Ta02048_20170608.jpg,quadrat_corner,1322,3126,1643,3443
Ta02218,20170703,Ta02218_20170703,Ta02218_20170703.jpg,clover,1483,502,3527,2546
Ta02218,20170703,Ta02218_20170703,Ta02218_20170703.jpg,quadrat,707,70,4203,3456
Ta02218,20170703,Ta02218_20170703,Ta02218_20170703.jpg,quadrat_corner,897,88,1264,422
Ta02218,20170703,Ta02218_20170703,Ta02218_20170703.jpg,quadrat_corner,3812,67,4203,425
Ta02218,20170703,Ta02218_20170703,Ta02218_20170703.jpg,quadrat_corner,3799,3102,4207,3456
Ta02218,20170703,Ta02218_20170703,Ta02218_20170703.jpg,quadrat_corner,714,3013,1078,3401
Ta02141,20170703,Ta02141_20170703,Ta02141_20170703.jpg,clover,1061,445,3555,2630
Ta02141,20170703,Ta02141_20170703,Ta02141_20170703.jpg,quadrat,313,0,3859,3394
Ta02141,20170703,Ta02141_20170703,Ta02141_20170703.jpg,quadrat_corner,398,44,754,383
Ta02141,20170703,Ta02141_20170703,Ta02141_20170703.jpg,quadrat_corner,3306,2,3680,334
Ta02141,20170703,Ta02141_20170703,Ta02141_20170703.jpg,quadrat_corner,3457,2922,3849,3336
Ta02141,20170703,Ta02141_20170703,Ta02141_20170703.jpg,quadrat_corner,327,3002,707,3394
Ta01489,20170703,Ta01489_20170703,Ta01489_20170703.jpg,clover,1569,764,3218,2123
Ta01489,20170703,Ta01489_20170703,Ta01489_20170703.jpg,quadrat,667,0,4307,3417
Ta01489,20170703,Ta01489_20170703,Ta01489_20170703.jpg,quadrat_corner,814,0,1193,297
Ta01489,20170703,Ta01489_20170703,Ta01489_20170703.jpg,quadrat_corner,3825,0,4207,281
Ta01489,20170703,Ta01489_20170703,Ta01489_20170703.jpg,quadrat_corner,3883,2991,4273,3381
Ta01489,20170703,Ta01489_20170703,Ta01489_20170703.jpg,quadrat_corner,695,2972,1061,3374
Ta01747,20170703,Ta01747_20170703,Ta01747_20170703.jpg,clover,1826,345,3601,2283
Ta01747,20170703,Ta01747_20170703,Ta01747_20170703.jpg,quadrat,902,0,4504,3443
Ta01747,20170703,Ta01747_20170703,Ta01747_20170703.jpg,quadrat_corner,1012,0,1406,296
Ta01747,20170703,Ta01747_20170703,Ta01747_20170703.jpg,quadrat_corner,4052,0,4442,292
Ta01747,20170703,Ta01747_20170703,Ta01747_20170703.jpg,quadrat_corner,4092,3040,4512,3456
Ta01747,20170703,Ta01747_20170703,Ta01747_20170703.jpg,quadrat_corner,906,3000,1295,3412
Ta01559,20170703,Ta01559_20170703,Ta01559_20170703.jpg,clover,1371,222,3443,2331
Ta01559,20170703,Ta01559_20170703,Ta01559_20170703.jpg,quadrat,451,36,3947,3340
Ta01559,20170703,Ta01559_20170703,Ta01559_20170703.jpg,quadrat_corner,615,44,971,372
Ta01559,20170703,Ta01559_20170703,Ta01559_20170703.jpg,quadrat_corner,3459,44,3863,388
Ta01559,20170703,Ta01559_20170703,Ta01559_20170703.jpg,quadrat_corner,3555,2916,3947,3332
Ta01559,20170703,Ta01559_20170703,Ta01559_20170703.jpg,quadrat_corner,451,2920,835,3336
Ta01200,20170703,Ta01200_20170703,Ta01200_20170703.jpg,clover,2275,343,3827,3043
Ta01200,20170703,Ta01200_20170703,Ta01200_20170703.jpg,quadrat,271,0,3903,3456
Ta01200,20170703,Ta01200_20170703,Ta01200_20170703.jpg,quadrat_corner,399,0,799,359
Ta01200,20170703,Ta01200_20170703,Ta01200_20170703.jpg,quadrat_corner,3423,0,3834,359
Ta01200,20170703,Ta01200_20170703,Ta01200_20170703.jpg,quadrat_corner,3493,3079,3914,3456
Ta01200,20170703,Ta01200_20170703,Ta01200_20170703.jpg,quadrat_corner,250,3057,666,3456
Ta01427,20170703,Ta01427_20170703,Ta01427_20170703.jpg,clover,1938,571,3367,2318
Ta01427,20170703,Ta01427_20170703,Ta01427_20170703.jpg,quadrat,554,0,4106,3304
Ta01427,20170703,Ta01427_20170703,Ta01427_20170703.jpg,quadrat_corner,765,0,1116,286
Ta01427,20170703,Ta01427_20170703,Ta01427_20170703.jpg,quadrat_corner,3617,0,4001,321
Ta01427,20170703,Ta01427_20170703,Ta01427_20170703.jpg,quadrat_corner,3689,2887,4065,3277
Ta01427,20170703,Ta01427_20170703,Ta01427_20170703.jpg,quadrat_corner,571,2836,934,3241
Ta01445,20170703,Ta01445_20170703,Ta01445_20170703.jpg,clover,1051,395,2887,2399
Ta01445,20170703,Ta01445_20170703,Ta01445_20170703.jpg,quadrat,279,59,3751,3371
Ta01445,20170703,Ta01445_20170703,Ta01445_20170703.jpg,quadrat_corner,415,103,783,427
Ta01445,20170703,Ta01445_20170703,Ta01445_20170703.jpg,quadrat_corner,3275,59,3635,403
Ta01445,20170703,Ta01445_20170703,Ta01445_20170703.jpg,quadrat_corner,3371,2955,3759,3335
Ta01445,20170703,Ta01445_20170703,Ta01445_20170703.jpg,quadrat_corner,267,2971,643,3379
Ta01627,20170703,Ta01627_20170703,Ta01627_20170703.jpg,clover,2406,1077,3864,2009
Ta01627,20170703,Ta01627_20170703,Ta01627_20170703.jpg,quadrat,1607,93,5041,3456
Ta01627,20170703,Ta01627_20170703,Ta01627_20170703.jpg,quadrat_corner,1607,125,1996,503
Ta01627,20170703,Ta01627_20170703,Ta01627_20170703.jpg,quadrat_corner,4620,87,5004,471
Ta01627,20170703,Ta01627_20170703,Ta01627_20170703.jpg,quadrat_corner,4657,3111,5047,3456
Ta01627,20170703,Ta01627_20170703,Ta01627_20170703.jpg,quadrat_corner,1639,3122,2007,3456
Ta02103,20170703,Ta02103_20170703,Ta02103_20170703.jpg,clover,2423,1303,2525,1403
Ta02103,20170703,Ta02103_20170703,Ta02103_20170703.jpg,quadrat,1305,0,4865,3353
Ta02103,20170703,Ta02103_20170703,Ta02103_20170703.jpg,quadrat_corner,1340,0,1716,355
Ta02103,20170703,Ta02103_20170703,Ta02103_20170703.jpg,quadrat_corner,4353,0,4727,177
Ta02103,20170703,Ta02103_20170703,Ta02103_20170703.jpg,quadrat_corner,4490,2834,4863,3225
Ta02103,20170703,Ta02103_20170703,Ta02103_20170703.jpg,quadrat_corner,1490,2985,1865,3339
Ta01656,20170703,Ta01656_20170703,Ta01656_20170703.jpg,clover,1220,469,4185,2832
Ta01656,20170703,Ta01656_20170703,Ta01656_20170703.jpg,quadrat,419,27,4004,3412
Ta01656,20170703,Ta01656_20170703,Ta01656_20170703.jpg,quadrat_corner,592,75,964,425
Ta01656,20170703,Ta01656_20170703,Ta01656_20170703.jpg,quadrat_corner,3499,31,3897,389
Ta01656,20170703,Ta01656_20170703,Ta01656_20170703.jpg,quadrat_corner,3601,3000,3995,3429
Ta01656,20170703,Ta01656_20170703,Ta01656_20170703.jpg,quadrat_corner,433,3000,818,3416
Ta01017,20170703,Ta01017_20170703,Ta01017_20170703.jpg,clover,1251,146,3362,3182
Ta01017,20170703,Ta01017_20170703,Ta01017_20170703.jpg,quadrat,481,0,4097,3403
Ta01017,20170703,Ta01017_20170703,Ta01017_20170703.jpg,quadrat_corner,641,0,1017,327
Ta01017,20170703,Ta01017_20170703,Ta01017_20170703.jpg,quadrat_corner,3601,0,4008,319
Ta01017,20170703,Ta01017_20170703,Ta01017_20170703.jpg,quadrat_corner,3694,2978,4110,3416
Ta01017,20170703,Ta01017_20170703,Ta01017_20170703.jpg,quadrat_corner,477,2969,875,3385
Ta02079,20170608,Ta02079_20170608,Ta02079_20170608.jpg,clover,2212,1576,3086,2472
Ta02079,20170608,Ta02079_20170608,Ta02079_20170608.jpg,quadrat,1227,454,4149,3398
Ta02079,20170608,Ta02079_20170608,Ta02079_20170608.jpg,quadrat_corner,1228,462,1554,774
Ta02079,20170608,Ta02079_20170608,Ta02079_20170608.jpg,quadrat_corner,3827,479,4155,795
Ta02079,20170608,Ta02079_20170608,Ta02079_20170608.jpg,quadrat_corner,3784,3066,4107,3389
Ta02079,20170608,Ta02079_20170608,Ta02079_20170608.jpg,quadrat_corner,1240,3042,1550,3364
Ta00041,20170703,Ta00041_20170703,Ta00041_20170703.jpg,clover,1700,424,3486,2583
Ta00041,20170703,Ta00041_20170703,Ta00041_20170703.jpg,quadrat,802,0,4583,3385
Ta00041,20170703,Ta00041_20170703,Ta00041_20170703.jpg,quadrat_corner,962,0,1335,244
Ta00041,20170703,Ta00041_20170703,Ta00041_20170703.jpg,quadrat_corner,4023,0,4423,228
Ta00041,20170703,Ta00041_20170703,Ta00041_20170703.jpg,quadrat_corner,4183,2959,4594,3396
Ta00041,20170703,Ta00041_20170703,Ta00041_20170703.jpg,quadrat_corner,812,2953,1218,3380
Ta01583,20170703,Ta01583_20170703,Ta01583_20170703.jpg,clover,1262,465,3631,2931
Ta01583,20170703,Ta01583_20170703,Ta01583_20170703.jpg,quadrat,772,54,4298,3456
Ta01583,20170703,Ta01583_20170703,Ta01583_20170703.jpg,quadrat_corner,785,96,1175,486
Ta01583,20170703,Ta01583_20170703,Ta01583_20170703.jpg,quadrat_corner,3882,62,4306,441
Ta01583,20170703,Ta01583_20170703,Ta01583_20170703.jpg,quadrat_corner,3917,3113,4302,3456
Ta01583,20170703,Ta01583_20170703,Ta01583_20170703.jpg,quadrat_corner,875,3210,1278,3456
Ta02169,20170608,Ta02169_20170608,Ta02169_20170608.jpg,clover,1985,1249,3497,2319
Ta02169,20170608,Ta02169_20170608,Ta02169_20170608.jpg,quadrat,1059,598,4105,3456
Ta02169,20170608,Ta02169_20170608,Ta02169_20170608.jpg,quadrat_corner,1075,731,1395,1030
Ta02169,20170608,Ta02169_20170608,Ta02169_20170608.jpg,quadrat_corner,3625,625,3966,929
Ta02169,20170608,Ta02169_20170608,Ta02169_20170608.jpg,quadrat_corner,3758,3185,4078,3456
Ta02169,20170608,Ta02169_20170608,Ta02169_20170608.jpg,quadrat_corner,1177,3291,1513,3456
Ta02362,20170703,Ta02362_20170703,Ta02362_20170703.jpg,clover,2298,397,3858,2609
Ta02362,20170703,Ta02362_20170703,Ta02362_20170703.jpg,quadrat,857,0,4318,3430
Ta02362,20170703,Ta02362_20170703,Ta02362_20170703.jpg,quadrat_corner,851,76,1219,444
Ta02362,20170703,Ta02362_20170703,Ta02362_20170703.jpg,quadrat_corner,3830,0,4197,326
Ta02362,20170703,Ta02362_20170703,Ta02362_20170703.jpg,quadrat_corner,3942,2932,4308,3318
Ta02362,20170703,Ta02362_20170703,Ta02362_20170703.jpg,quadrat_corner,967,3075,1339,3439
Ta00152,20170703,Ta00152_20170703,Ta00152_20170703.jpg,clover,986,786,3099,2063
Ta00152,20170703,Ta00152_20170703,Ta00152_20170703.jpg,quadrat,177,0,3745,3330
Ta00152,20170703,Ta00152_20170703,Ta00152_20170703.jpg,quadrat_corner,305,0,675,303
Ta00152,20170703,Ta00152_20170703,Ta00152_20170703.jpg,quadrat_corner,3244,0,3604,262
Ta00152,20170703,Ta00152_20170703,Ta00152_20170703.jpg,quadrat_corner,3351,2888,3731,3298
Ta00152,20170703,Ta00152_20170703,Ta00152_20170703.jpg,quadrat_corner,195,2937,582,3337
Ta00113,20170703,Ta00113_20170703,Ta00113_20170703.jpg,clover,1318,208,3238,3106
Ta00113,20170703,Ta00113_20170703,Ta00113_20170703.jpg,quadrat,596,150,4172,3456
Ta00113,20170703,Ta00113_20170703,Ta00113_20170703.jpg,quadrat_corner,769,133,1145,478
Ta00113,20170703,Ta00113_20170703,Ta00113_20170703.jpg,quadrat_corner,3725,186,4119,531
Ta00113,20170703,Ta00113_20170703,Ta00113_20170703.jpg,quadrat_corner,3782,3177,4172,3456
Ta00113,20170703,Ta00113_20170703,Ta00113_20170703.jpg,quadrat_corner,587,3129,977,3456
Ta02102,20170608,Ta02102_20170608,Ta02102_20170608.jpg,quadrat,1184,406,4187,3398
Ta02102,20170608,Ta02102_20170608,Ta02102_20170608.jpg,quadrat_corner,1185,459,1511,787
Ta02102,20170608,Ta02102_20170608,Ta02102_20170608.jpg,quadrat_corner,3818,420,4158,730
Ta02102,20170608,Ta02102_20170608,Ta02102_20170608.jpg,quadrat_corner,3841,2995,4161,3337
Ta02102,20170608,Ta02102_20170608,Ta02102_20170608.jpg,quadrat_corner,1276,3078,1606,3400
Ta02019,20170703,Ta02019_20170703,Ta02019_20170703.jpg,clover,1729,987,3986,2898
Ta02019,20170703,Ta02019_20170703,Ta02019_20170703.jpg,quadrat,1410,199,4840,3456
Ta02019,20170703,Ta02019_20170703,Ta02019_20170703.jpg,quadrat_corner,1428,252,1787,620
Ta02019,20170703,Ta02019_20170703,Ta02019_20170703.jpg,quadrat_corner,4389,212,4778,562
Ta02019,20170703,Ta02019_20170703,Ta02019_20170703.jpg,quadrat_corner,4457,3190,4830,3456
Ta02019,20170703,Ta02019_20170703,Ta02019_20170703.jpg,quadrat_corner,1450,3235,1819,3456
Ta01703,20170703,Ta01703_20170703,Ta01703_20170703.jpg,clover,1751,655,3070,2005
Ta01703,20170703,Ta01703_20170703,Ta01703_20170703.jpg,quadrat,503,0,4026,3376
Ta01703,20170703,Ta01703_20170703,Ta01703_20170703.jpg,quadrat_corner,618,44,1003,394
Ta01703,20170703,Ta01703_20170703,Ta01703_20170703.jpg,quadrat_corner,3530,18,3933,350
Ta01703,20170703,Ta01703_20170703,Ta01703_20170703.jpg,quadrat_corner,3636,2960,4039,3381
Ta01703,20170703,Ta01703_20170703,Ta01703_20170703.jpg,quadrat_corner,503,2996,888,3390
Ta01965,20170703,Ta01965_20170703,Ta01965_20170703.jpg,clover,2058,814,2896,1486
Ta01965,20170703,Ta01965_20170703,Ta01965_20170703.jpg,quadrat,501,0,4128,3456
Ta01965,20170703,Ta01965_20170703,Ta01965_20170703.jpg,quadrat_corner,634,0,1022,307
Ta01965,20170703,Ta01965_20170703,Ta01965_20170703.jpg,quadrat_corner,3662,0,4045,352
Ta01965,20170703,Ta01965_20170703,Ta01965_20170703.jpg,quadrat_corner,3721,3055,4133,3456
Ta01965,20170703,Ta01965_20170703,Ta01965_20170703.jpg,quadrat_corner,495,3029,893,3437
Ta02154,20170608,Ta02154_20170608,Ta02154_20170608.jpg,clover,1238,0,4234,3456
Ta02154,20170608,Ta02154_20170608,Ta02154_20170608.jpg,quadrat,1127,301,4004,3190
Ta02154,20170608,Ta02154_20170608,Ta02154_20170608.jpg,quadrat_corner,1127,312,1438,619
Ta02154,20170608,Ta02154_20170608,Ta02154_20170608.jpg,quadrat_corner,3665,294,4000,615
Ta02154,20170608,Ta02154_20170608,Ta02154_20170608.jpg,quadrat_corner,3676,2851,3997,3167
Ta02154,20170608,Ta02154_20170608,Ta02154_20170608.jpg,quadrat_corner,1151,2875,1467,3181
Ta01389,20170703,Ta01389_20170703,Ta01389_20170703.jpg,clover,1358,370,4110,1770
Ta01389,20170703,Ta01389_20170703,Ta01389_20170703.jpg,quadrat,898,0,4490,3264
Ta01389,20170703,Ta01389_20170703,Ta01389_20170703.jpg,quadrat_corner,1052,0,1431,200
Ta01389,20170703,Ta01389_20170703,Ta01389_20170703.jpg,quadrat_corner,3997,0,4389,238
Ta01389,20170703,Ta01389_20170703,Ta01389_20170703.jpg,quadrat_corner,4104,2860,4500,3263
Ta01389,20170703,Ta01389_20170703,Ta01389_20170703.jpg,quadrat_corner,925,2808,1314,3229
Ta02256,20170703,Ta02256_20170703,Ta02256_20170703.jpg,clover,1185,727,2820,2296
Ta02256,20170703,Ta02256_20170703,Ta02256_20170703.jpg,quadrat,475,0,4054,3456
Ta02256,20170703,Ta02256_20170703,Ta02256_20170703.jpg,quadrat_corner,470,96,864,490
Ta02256,20170703,Ta02256_20170703,Ta02256_20170703.jpg,quadrat_corner,3515,0,3936,357
Ta02256,20170703,Ta02256_20170703,Ta02256_20170703.jpg,quadrat_corner,3686,2970,4070,3354
Ta02256,20170703,Ta02256_20170703,Ta02256_20170703.jpg,quadrat_corner,640,3189,1046,3456
Ta00782,20170703,Ta00782_20170703,Ta00782_20170703.jpg,clover,977,248,3282,1739
Ta00782,20170703,Ta00782_20170703,Ta00782_20170703.jpg,quadrat,132,0,3866,3456
Ta00782,20170703,Ta00782_20170703,Ta00782_20170703.jpg,quadrat_corner,340,0,729,314
Ta00782,20170703,Ta00782_20170703,Ta00782_20170703.jpg,quadrat_corner,3415,0,3813,332
Ta00782,20170703,Ta00782_20170703,Ta00782_20170703.jpg,quadrat_corner,3459,3071,3906,3456
Ta00782,20170703,Ta00782_20170703,Ta00782_20170703.jpg,quadrat_corner,140,3053,534,3456
Ta00810,20170703,Ta00810_20170703,Ta00810_20170703.jpg,clover,2229,0,4335,2235
Ta00810,20170703,Ta00810_20170703,Ta00810_20170703.jpg,quadrat,818,0,4459,3456
Ta00810,20170703,Ta00810_20170703,Ta00810_20170703.jpg,quadrat_corner,995,0,1362,332
Ta00810,20170703,Ta00810_20170703,Ta00810_20170703.jpg,quadrat_corner,4048,0,4451,363
Ta00810,20170703,Ta00810_20170703,Ta00810_20170703.jpg,quadrat_corner,4039,3146,4437,3456
Ta00810,20170703,Ta00810_20170703,Ta00810_20170703.jpg,quadrat_corner,818,3049,1211,3456
Ta02186,20170608,Ta02186_20170608,Ta02186_20170608.jpg,clover,2354,1285,3180,2091
Ta02186,20170608,Ta02186_20170608,Ta02186_20170608.jpg,quadrat,1443,0,4395,2882
Ta02186,20170608,Ta02186_20170608,Ta02186_20170608.jpg,quadrat_corner,1431,0,1767,298
Ta02186,20170608,Ta02186_20170608,Ta02186_20170608.jpg,quadrat_corner,4023,0,4351,254
Ta02186,20170608,Ta02186_20170608,Ta02186_20170608.jpg,quadrat_corner,4087,2502,4395,2814
Ta02186,20170608,Ta02186_20170608,Ta02186_20170608.jpg,quadrat_corner,1511,2574,1835,2882
Ta01727,20170703,Ta01727_20170703,Ta01727_20170703.jpg,clover,2612,1074,3758,2252
Ta01727,20170703,Ta01727_20170703,Ta01727_20170703.jpg,quadrat,960,25,4443,3456
Ta01727,20170703,Ta01727_20170703,Ta01727_20170703.jpg,quadrat_corner,950,105,1334,483
Ta01727,20170703,Ta01727_20170703,Ta01727_20170703.jpg,quadrat_corner,4000,25,4400,387
Ta01727,20170703,Ta01727_20170703,Ta01727_20170703.jpg,quadrat_corner,4096,3038,4459,3422
Ta01727,20170703,Ta01727_20170703,Ta01727_20170703.jpg,quadrat_corner,1083,3150,1456,3456
Ta00910,20170703,Ta00910_20170703,Ta00910_20170703.jpg,clover,1229,655,3681,2531
Ta00910,20170703,Ta00910_20170703,Ta00910_20170703.jpg,quadrat,242,239,3747,3456
Ta00910,20170703,Ta00910_20170703,Ta00910_20170703.jpg,quadrat_corner,428,230,800,553
Ta00910,20170703,Ta00910_20170703,Ta00910_20170703.jpg,quadrat_corner,3291,248,3667,589
Ta00910,20170703,Ta00910_20170703,Ta00910_20170703.jpg,quadrat_corner,3375,3124,3760,3456
Ta00910,20170703,Ta00910_20170703,Ta00910_20170703.jpg,quadrat_corner,242,3115,623,3456
Ta00067,20170703,Ta00067_20170703,Ta00067_20170703.jpg,clover,1645,456,3110,2513
Ta00067,20170703,Ta00067_20170703,Ta00067_20170703.jpg,quadrat,1079,0,4543,3456
Ta00067,20170703,Ta00067_20170703,Ta00067_20170703.jpg,quadrat_corner,1092,0,1495,327
Ta00067,20170703,Ta00067_20170703,Ta00067_20170703.jpg,quadrat_corner,4163,40,4561,407
Ta00067,20170703,Ta00067_20170703,Ta00067_20170703.jpg,quadrat_corner,4105,3044,4482,3425
Ta00067,20170703,Ta00067_20170703,Ta00067_20170703.jpg,quadrat_corner,1070,3075,1490,3443
Ta00911,20170703,Ta00911_20170703,Ta00911_20170703.jpg,quadrat,925,0,4707,3431
Ta00911,20170703,Ta00911_20170703,Ta00911_20170703.jpg,quadrat_corner,4118,0,4499,263
Ta00911,20170703,Ta00911_20170703,Ta00911_20170703.jpg,quadrat_corner,1059,0,1429,326
Ta00911,20170703,Ta00911_20170703,Ta00911_20170703.jpg,quadrat_corner,919,3029,1308,3447
Ta00911,20170703,Ta00911_20170703,Ta00911_20170703.jpg,quadrat_corner,4303,3014,4713,3430
Ta00911,20170703,Ta00911_20170703,Ta00911_20170703.jpg,clover,1474,38,3311,2681
Ta00070,20170703,Ta00070_20170703,Ta00070_20170703.jpg,clover,1645,580,3813,2482
Ta00070,20170703,Ta00070_20170703,Ta00070_20170703.jpg,quadrat,769,66,4282,3407
Ta00070,20170703,Ta00070_20170703,Ta00070_20170703.jpg,quadrat_corner,933,89,1295,412
Ta00070,20170703,Ta00070_20170703,Ta00070_20170703.jpg,quadrat_corner,3840,66,4207,416
Ta00070,20170703,Ta00070_20170703,Ta00070_20170703.jpg,quadrat_corner,3889,3013,4300,3398
Ta00070,20170703,Ta00070_20170703,Ta00070_20170703.jpg,quadrat_corner,782,2978,1154,3372
Ta01435,20170703,Ta01435_20170703,Ta01435_20170703.jpg,clover,1901,511,4060,3031
Ta01435,20170703,Ta01435_20170703,Ta01435_20170703.jpg,quadrat,1530,57,5082,3456
Ta01435,20170703,Ta01435_20170703,Ta01435_20170703.jpg,quadrat_corner,1631,57,2026,425
Ta01435,20170703,Ta01435_20170703,Ta01435_20170703.jpg,quadrat_corner,4671,148,5108,543
Ta01435,20170703,Ta01435_20170703,Ta01435_20170703.jpg,quadrat_corner,4559,3204,4959,3456
Ta01435,20170703,Ta01435_20170703,Ta01435_20170703.jpg,quadrat_corner,1546,3092,1914,3456
Ta00963,20170703,Ta00963_20170703,Ta00963_20170703.jpg,clover,1843,523,3028,1656
Ta00963,20170703,Ta00963_20170703,Ta00963_20170703.jpg,quadrat,376,0,3992,3419
Ta00963,20170703,Ta00963_20170703,Ta00963_20170703.jpg,quadrat_corner,483,22,867,358
Ta00963,20170703,Ta00963_20170703,Ta00963_20170703.jpg,quadrat_corner,3437,0,3853,331
Ta00963,20170703,Ta00963_20170703,Ta00963_20170703.jpg,quadrat_corner,3587,2960,4024,3387
Ta00963,20170703,Ta00963_20170703,Ta00963_20170703.jpg,quadrat_corner,376,3019,781,3435
Ta01487,20170703,Ta01487_20170703,Ta01487_20170703.jpg,clover,902,124,3796,2854
Ta01487,20170703,Ta01487_20170703,Ta01487_20170703.jpg,quadrat,658,0,4220,3367
Ta01487,20170703,Ta01487_20170703,Ta01487_20170703.jpg,quadrat_corner,809,0,1149,283
Ta01487,20170703,Ta01487_20170703,Ta01487_20170703.jpg,quadrat_corner,3782,0,4167,270
Ta01487,20170703,Ta01487_20170703,Ta01487_20170703.jpg,quadrat_corner,3831,2978,4212,3381
Ta01487,20170703,Ta01487_20170703,Ta01487_20170703.jpg,quadrat_corner,667,2947,1056,3332
Ta01512,20170703,Ta01512_20170703,Ta01512_20170703.jpg,clover,1349,681,3632,2522
Ta01512,20170703,Ta01512_20170703,Ta01512_20170703.jpg,quadrat,685,146,4313,3456
Ta01512,20170703,Ta01512_20170703,Ta01512_20170703.jpg,quadrat_corner,787,195,1163,540
Ta01512,20170703,Ta01512_20170703,Ta01512_20170703.jpg,quadrat_corner,3707,128,4092,478
Ta01512,20170703,Ta01512_20170703,Ta01512_20170703.jpg,quadrat_corner,3915,3067,4318,3456
Ta01512,20170703,Ta01512_20170703,Ta01512_20170703.jpg,quadrat_corner,680,3137,1092,3456
Ta01901,20170703,Ta01901_20170703,Ta01901_20170703.jpg,clover,1149,522,2539,2651
Ta01901,20170703,Ta01901_20170703,Ta01901_20170703.jpg,quadrat,158,0,3676,3456
Ta01901,20170703,Ta01901_20170703,Ta01901_20170703.jpg,quadrat_corner,171,35,548,398
Ta01901,20170703,Ta01901_20170703,Ta01901_20170703.jpg,quadrat_corner,3220,0,3596,354
Ta01901,20170703,Ta01901_20170703,Ta01901_20170703.jpg,quadrat_corner,3331,2956,3685,3345
Ta01901,20170703,Ta01901_20170703,Ta01901_20170703.jpg,quadrat_corner,282,3146,689,3456
Ta00468,20170703,Ta00468_20170703,Ta00468_20170703.jpg,clover,2282,381,3981,2044
Ta00468,20170703,Ta00468_20170703,Ta00468_20170703.jpg,quadrat,831,0,4557,3456
Ta00468,20170703,Ta00468_20170703,Ta00468_20170703.jpg,quadrat_corner,910,0,1318,372
Ta00468,20170703,Ta00468_20170703,Ta00468_20170703.jpg,quadrat_corner,3999,0,4402,301
Ta00468,20170703,Ta00468_20170703,Ta00468_20170703.jpg,quadrat_corner,4145,3075,4566,3456
Ta00468,20170703,Ta00468_20170703,Ta00468_20170703.jpg,quadrat_corner,818,3115,1216,3456
Ta00080,20170703,Ta00080_20170703,Ta00080_20170703.jpg,clover,789,638,2990,2416
Ta00080,20170703,Ta00080_20170703,Ta00080_20170703.jpg,quadrat,216,27,3632,3416
Ta00080,20170703,Ta00080_20170703,Ta00080_20170703.jpg,quadrat_corner,486,35,857,372
Ta00080,20170703,Ta00080_20170703,Ta00080_20170703.jpg,quadrat_corner,3282,239,3641,584
Ta00080,20170703,Ta00080_20170703,Ta00080_20170703.jpg,quadrat_corner,3092,3058,3473,3425
Ta00080,20170703,Ta00080_20170703,Ta00080_20170703.jpg,quadrat_corner,202,2841,561,3230
Ta00405,20170703,Ta00405_20170703,Ta00405_20170703.jpg,clover,1021,212,3548,2589
Ta00405,20170703,Ta00405_20170703,Ta00405_20170703.jpg,quadrat,437,18,3986,3407
Ta00405,20170703,Ta00405_20170703,Ta00405_20170703.jpg,quadrat_corner,574,13,964,372
Ta00405,20170703,Ta00405_20170703,Ta00405_20170703.jpg,quadrat_corner,3521,62,3906,407
Ta00405,20170703,Ta00405_20170703,Ta00405_20170703.jpg,quadrat_corner,3605,3005,3986,3421
Ta00405,20170703,Ta00405_20170703,Ta00405_20170703.jpg,quadrat_corner,433,3018,835,3421
Ta00124,20170703,Ta00124_20170703,Ta00124_20170703.jpg,clover,1074,447,3676,3036
Ta00124,20170703,Ta00124_20170703,Ta00124_20170703.jpg,quadrat,632,84,4021,3385
Ta00124,20170703,Ta00124_20170703,Ta00124_20170703.jpg,quadrat_corner,866,89,1229,429
Ta00124,20170703,Ta00124_20170703,Ta00124_20170703.jpg,quadrat_corner,3667,164,4021,478
Ta00124,20170703,Ta00124_20170703,Ta00124_20170703.jpg,quadrat_corner,3623,3000,3995,3394
Ta00124,20170703,Ta00124_20170703,Ta00124_20170703.jpg,quadrat_corner,632,2898,990,3270
Ta02295,20170703,Ta02295_20170703,Ta02295_20170703.jpg,clover,1654,420,3893,2540
Ta02295,20170703,Ta02295_20170703,Ta02295_20170703.jpg,quadrat,849,137,4552,3456
Ta02295,20170703,Ta02295_20170703,Ta02295_20170703.jpg,quadrat_corner,1080,128,1448,464
Ta02295,20170703,Ta02295_20170703,Ta02295_20170703.jpg,quadrat_corner,4040,139,4408,480
Ta02295,20170703,Ta02295_20170703,Ta02295_20170703.jpg,quadrat_corner,4126,3126,4536,3456
Ta02295,20170703,Ta02295_20170703,Ta02295_20170703.jpg,quadrat_corner,840,3067,1246,3456
Ta02179,20170703,Ta02179_20170703,Ta02179_20170703.jpg,clover,1676,584,3296,2297
Ta02179,20170703,Ta02179_20170703,Ta02179_20170703.jpg,quadrat,791,66,4172,3292
Ta02179,20170703,Ta02179_20170703,Ta02179_20170703.jpg,quadrat_corner,910,119,1269,451
Ta02179,20170703,Ta02179_20170703,Ta02179_20170703.jpg,quadrat_corner,3698,58,4088,389
Ta02179,20170703,Ta02179_20170703,Ta02179_20170703.jpg,quadrat_corner,3774,2907,4194,3292
Ta02179,20170703,Ta02179_20170703,Ta02179_20170703.jpg,quadrat_corner,791,2916,1141,3301
Ta01419,20170703,Ta01419_20170703,Ta01419_20170703.jpg,clover,1242,115,3566,2434
Ta01419,20170703,Ta01419_20170703,Ta01419_20170703.jpg,quadrat,481,0,4251,3429
Ta01419,20170703,Ta01419_20170703,Ta01419_20170703.jpg,quadrat_corner,716,0,1105,310
Ta01419,20170703,Ta01419_20170703,Ta01419_20170703.jpg,quadrat_corner,3734,0,4132,323
Ta01419,20170703,Ta01419_20170703,Ta01419_20170703.jpg,quadrat_corner,3840,2991,4274,3429
Ta01419,20170703,Ta01419_20170703,Ta01419_20170703.jpg,quadrat_corner,503,2956,884,3403
Ta00378,20170703,Ta00378_20170703,Ta00378_20170703.jpg,clover,1633,508,3333,2005
Ta00378,20170703,Ta00378_20170703,Ta00378_20170703.jpg,quadrat,768,184,3960,3280
Ta00378,20170703,Ta00378_20170703,Ta00378_20170703.jpg,quadrat_corner,856,176,1200,512
Ta00378,20170703,Ta00378_20170703,Ta00378_20170703.jpg,quadrat_corner,3544,200,3896,524
Ta00378,20170703,Ta00378_20170703,Ta00378_20170703.jpg,quadrat_corner,3616,2924,3964,3269
Ta00378,20170703,Ta00378_20170703,Ta00378_20170703.jpg,quadrat_corner,764,2931,1116,3276
Ta02136,20170608,Ta02136_20170608,Ta02136_20170608.jpg,clover,2029,849,3515,2949
Ta02136,20170608,Ta02136_20170608,Ta02136_20170608.jpg,quadrat,1374,427,4366,3408
Ta02136,20170608,Ta02136_20170608,Ta02136_20170608.jpg,quadrat_corner,1368,443,1710,790
Ta02136,20170608,Ta02136_20170608,Ta02136_20170608.jpg,quadrat_corner,4030,422,4366,752
Ta02136,20170608,Ta02136_20170608,Ta02136_20170608.jpg,quadrat_corner,4030,3030,4355,3382
Ta02136,20170608,Ta02136_20170608,Ta02136_20170608.jpg,quadrat_corner,1438,3083,1790,3424
Ta00507,20170703,Ta00507_20170703,Ta00507_20170703.jpg,clover,2077,1384,3262,2599
Ta00507,20170703,Ta00507_20170703,Ta00507_20170703.jpg,quadrat,1397,80,4901,3456
Ta00507,20170703,Ta00507_20170703,Ta00507_20170703.jpg,quadrat_corner,1418,80,1802,459
Ta00507,20170703,Ta00507_20170703,Ta00507_20170703.jpg,quadrat_corner,4527,75,4922,469
Ta00507,20170703,Ta00507_20170703,Ta00507_20170703.jpg,quadrat_corner,4458,3157,4853,3456
Ta00507,20170703,Ta00507_20170703,Ta00507_20170703.jpg,quadrat_corner,1429,3157,1813,3456
Ta02268,20170608,Ta02268_20170608,Ta02268_20170608.jpg,clover,2473,1027,3543,2162
Ta02268,20170608,Ta02268_20170608,Ta02268_20170608.jpg,quadrat,1718,190,4608,3075
Ta02268,20170608,Ta02268_20170608,Ta02268_20170608.jpg,quadrat_corner,1718,233,2038,547
Ta02268,20170608,Ta02268_20170608,Ta02268_20170608.jpg,quadrat_corner,4219,179,4587,505
Ta02268,20170608,Ta02268_20170608,Ta02268_20170608.jpg,quadrat_corner,4278,2723,4614,3075
Ta02268,20170608,Ta02268_20170608,Ta02268_20170608.jpg,quadrat_corner,1712,2739,2048,3081
Ta00763,20170703,Ta00763_20170703,Ta00763_20170703.jpg,clover,1565,761,3689,3000
Ta00763,20170703,Ta00763_20170703,Ta00763_20170703.jpg,quadrat,1039,173,4402,3456
Ta00763,20170703,Ta00763_20170703,Ta00763_20170703.jpg,quadrat_corner,1052,176,1436,548
Ta00763,20170703,Ta00763_20170703,Ta00763_20170703.jpg,quadrat_corner,4040,220,4388,576
Ta00763,20170703,Ta00763_20170703,Ta00763_20170703.jpg,quadrat_corner,4028,3160,4400,3456
Ta00763,20170703,Ta00763_20170703,Ta00763_20170703.jpg,quadrat_corner,1036,3196,1412,3456
Ta02202,20170703,Ta02202_20170703,Ta02202_20170703.jpg,clover,548,593,3296,2938
Ta02202,20170703,Ta02202_20170703,Ta02202_20170703.jpg,quadrat,521,49,4145,3456
Ta02202,20170703,Ta02202_20170703,Ta02202_20170703.jpg,quadrat_corner,614,35,1017,385
Ta02202,20170703,Ta02202_20170703,Ta02202_20170703.jpg,quadrat_corner,3557,106,3946,443
Ta02202,20170703,Ta02202_20170703,Ta02202_20170703.jpg,quadrat_corner,3765,3009,4167,3420
Ta02202,20170703,Ta02202_20170703,Ta02202_20170703.jpg,quadrat_corner,521,3031,919,3447
Ta00623,20170703,Ta00623_20170703,Ta00623_20170703.jpg,clover,1727,1037,2957,2761
Ta00623,20170703,Ta00623_20170703,Ta00623_20170703.jpg,quadrat,870,163,4272,3456
Ta00623,20170703,Ta00623_20170703,Ta00623_20170703.jpg,quadrat_corner,875,163,1254,537
Ta00623,20170703,Ta00623_20170703,Ta00623_20170703.jpg,quadrat_corner,3894,174,4294,558
Ta00623,20170703,Ta00623_20170703,Ta00623_20170703.jpg,quadrat_corner,3894,3182,4283,3456
Ta00623,20170703,Ta00623_20170703,Ta00623_20170703.jpg,quadrat_corner,886,3198,1254,3456
Ta02173,20170703,Ta02173_20170703,Ta02173_20170703.jpg,clover,1105,695,2720,2305
Ta02173,20170703,Ta02173_20170703,Ta02173_20170703.jpg,quadrat,287,53,3933,3456
Ta02173,20170703,Ta02173_20170703,Ta02173_20170703.jpg,quadrat_corner,468,89,831,447
Ta02173,20170703,Ta02173_20170703,Ta02173_20170703.jpg,quadrat_corner,3406,49,3791,389
Ta02173,20170703,Ta02173_20170703,Ta02173_20170703.jpg,quadrat_corner,3530,3036,3937,3452
Ta02173,20170703,Ta02173_20170703,Ta02173_20170703.jpg,quadrat_corner,269,3058,663,3456
Ta02337,20170703,Ta02337_20170703,Ta02337_20170703.jpg,clover,1114,75,2729,1943
Ta02337,20170703,Ta02337_20170703,Ta02337_20170703.jpg,quadrat,672,0,4446,3456
Ta02337,20170703,Ta02337_20170703,Ta02337_20170703.jpg,quadrat_corner,809,0,1198,235
Ta02337,20170703,Ta02337_20170703,Ta02337_20170703.jpg,quadrat_corner,3964,0,4366,226
Ta02337,20170703,Ta02337_20170703,Ta02337_20170703.jpg,quadrat_corner,4039,3062,4451,3456
Ta02337,20170703,Ta02337_20170703,Ta02337_20170703.jpg,quadrat_corner,658,3031,1056,3456
Ta01746,20170703,Ta01746_20170703,Ta01746_20170703.jpg,clover,1341,431,2993,1903
Ta01746,20170703,Ta01746_20170703,Ta01746_20170703.jpg,quadrat,241,74,3942,3456
Ta01746,20170703,Ta01746_20170703,Ta01746_20170703.jpg,quadrat_corner,438,74,838,415
Ta01746,20170703,Ta01746_20170703,Ta01746_20170703.jpg,quadrat_corner,3430,69,3819,405
Ta01746,20170703,Ta01746_20170703,Ta01746_20170703.jpg,quadrat_corner,3547,3045,3942,3456
Ta01746,20170703,Ta01746_20170703,Ta01746_20170703.jpg,quadrat_corner,246,3050,641,3456
Ta00313,20170703,Ta00313_20170703,Ta00313_20170703.jpg,quadrat,610,115,4017,3425
Ta00313,20170703,Ta00313_20170703,Ta00313_20170703.jpg,quadrat_corner,787,106,1154,456
Ta00313,20170703,Ta00313_20170703,Ta00313_20170703.jpg,quadrat_corner,3632,168,4004,509
Ta00313,20170703,Ta00313_20170703,Ta00313_20170703.jpg,quadrat_corner,3645,3044,4030,3416
Ta00313,20170703,Ta00313_20170703,Ta00313_20170703.jpg,quadrat_corner,614,2974,981,3350
Ta02031,20170703,Ta02031_20170703,Ta02031_20170703.jpg,quadrat,335,0,3782,3350
Ta02031,20170703,Ta02031_20170703,Ta02031_20170703.jpg,quadrat_corner,344,0,747,279
Ta02031,20170703,Ta02031_20170703,Ta02031_20170703.jpg,quadrat_corner,3406,0,3778,327
Ta02031,20170703,Ta02031_20170703,Ta02031_20170703.jpg,quadrat_corner,3384,2956,3751,3328
Ta02031,20170703,Ta02031_20170703,Ta02031_20170703.jpg,quadrat_corner,335,2996,733,3363
Ta01211,20170703,Ta01211_20170703,Ta01211_20170703.jpg,clover,1747,1359,2756,2766
Ta01211,20170703,Ta01211_20170703,Ta01211_20170703.jpg,quadrat,433,0,3955,3421
Ta01211,20170703,Ta01211_20170703,Ta01211_20170703.jpg,quadrat_corner,446,0,844,310
Ta01211,20170703,Ta01211_20170703,Ta01211_20170703.jpg,quadrat_corner,3561,0,3955,310
Ta01211,20170703,Ta01211_20170703,Ta01211_20170703.jpg,quadrat_corner,3579,2969,3942,3354
Ta01211,20170703,Ta01211_20170703,Ta01211_20170703.jpg,quadrat_corner,508,3040,910,3456
Ta02202,20170608,Ta02202_20170608,Ta02202_20170608.jpg,clover,1448,866,3254,2457
Ta02202,20170608,Ta02202_20170608,Ta02202_20170608.jpg,quadrat,1002,394,3946,3333
Ta02202,20170608,Ta02202_20170608,Ta02202_20170608.jpg,quadrat_corner,1013,460,1319,773
Ta02202,20170608,Ta02202_20170608,Ta02202_20170608.jpg,quadrat_corner,3574,400,3889,706
Ta02202,20170608,Ta02202_20170608,Ta02202_20170608.jpg,quadrat_corner,3619,2948,3937,3285
Ta02202,20170608,Ta02202_20170608,Ta02202_20170608.jpg,quadrat_corner,1068,3009,1389,3333
Ta01032,20170703,Ta01032_20170703,Ta01032_20170703.jpg,clover,1549,1027,2708,2296
Ta01032,20170703,Ta01032_20170703,Ta01032_20170703.jpg,quadrat,351,0,4090,3456
Ta01032,20170703,Ta01032_20170703,Ta01032_20170703.jpg,quadrat_corner,491,22,874,363
Ta01032,20170703,Ta01032_20170703,Ta01032_20170703.jpg,quadrat_corner,3522,0,3919,329
Ta01032,20170703,Ta01032_20170703,Ta01032_20170703.jpg,quadrat_corner,3719,3029,4098,3456
Ta01032,20170703,Ta01032_20170703,Ta01032_20170703.jpg,quadrat_corner,363,3087,760,3456
Ta01453,20170703,Ta01453_20170703,Ta01453_20170703.jpg,clover,988,653,2815,2932
Ta01453,20170703,Ta01453_20170703,Ta01453_20170703.jpg,quadrat,683,0,4246,3358
Ta01453,20170703,Ta01453_20170703,Ta01453_20170703.jpg,quadrat_corner,859,9,1216,345
Ta01453,20170703,Ta01453_20170703,Ta01453_20170703.jpg,quadrat_corner,3760,30,4134,382
Ta01453,20170703,Ta01453_20170703,Ta01453_20170703.jpg,quadrat_corner,3862,2963,4251,3369
Ta01453,20170703,Ta01453_20170703,Ta01453_20170703.jpg,quadrat_corner,678,2926,1078,3347
Ta01188,20170703,Ta01188_20170703,Ta01188_20170703.jpg,clover,1565,1120,3583,2898
Ta01188,20170703,Ta01188_20170703,Ta01188_20170703.jpg,quadrat,1089,0,4601,3417
Ta01188,20170703,Ta01188_20170703,Ta01188_20170703.jpg,quadrat_corner,1097,0,1521,297
Ta01188,20170703,Ta01188_20170703,Ta01188_20170703.jpg,quadrat_corner,4209,0,4625,337
Ta01188,20170703,Ta01188_20170703,Ta01188_20170703.jpg,quadrat_corner,4169,2993,4561,3401
Ta01188,20170703,Ta01188_20170703,Ta01188_20170703.jpg,quadrat_corner,1137,3001,1561,3393
Ta00449,20170703,Ta00449_20170703,Ta00449_20170703.jpg,clover,1990,1030,2946,1904
Ta00449,20170703,Ta00449_20170703,Ta00449_20170703.jpg,quadrat,878,74,4278,3350
Ta00449,20170703,Ta00449_20170703,Ta00449_20170703.jpg,quadrat_corner,958,90,1322,418
Ta00449,20170703,Ta00449_20170703,Ta00449_20170703.jpg,quadrat_corner,3806,74,4166,398
Ta00449,20170703,Ta00449_20170703,Ta00449_20170703.jpg,quadrat_corner,3915,2952,4291,3331
Ta00449,20170703,Ta00449_20170703,Ta00449_20170703.jpg,quadrat_corner,874,2976,1246,3355
Ta01436,20170703,Ta01436_20170703,Ta01436_20170703.jpg,clover,1887,791,3277,1759
Ta01436,20170703,Ta01436_20170703,Ta01436_20170703.jpg,quadrat,555,20,4096,3423
Ta01436,20170703,Ta01436_20170703,Ta01436_20170703.jpg,quadrat_corner,699,36,1072,367
Ta01436,20170703,Ta01436_20170703,Ta01436_20170703.jpg,quadrat_corner,3657,18,4035,375
Ta01436,20170703,Ta01436_20170703,Ta01436_20170703.jpg,quadrat_corner,3707,3039,4101,3430
Ta01436,20170703,Ta01436_20170703,Ta01436_20170703.jpg,quadrat_corner,577,3018,958,3400
Ta01407,20170703,Ta01407_20170703,Ta01407_20170703.jpg,clover,1447,1280,2309,2048
Ta01407,20170703,Ta01407_20170703,Ta01407_20170703.jpg,quadrat,218,0,3760,3456
Ta01407,20170703,Ta01407_20170703,Ta01407_20170703.jpg,quadrat_corner,217,21,620,390
Ta01407,20170703,Ta01407_20170703,Ta01407_20170703.jpg,quadrat_corner,3310,0,3693,349
Ta01407,20170703,Ta01407_20170703,Ta01407_20170703.jpg,quadrat_corner,3382,2981,3758,3371
Ta01407,20170703,Ta01407_20170703,Ta01407_20170703.jpg,quadrat_corner,333,3122,725,3456
Ta02249,20170703,Ta02249_20170703,Ta02249_20170703.jpg,clover,1387,1339,2408,2573
Ta02249,20170703,Ta02249_20170703,Ta02249_20170703.jpg,quadrat,731,0,4240,3456
Ta02249,20170703,Ta02249_20170703,Ta02249_20170703.jpg,quadrat_corner,739,98,1108,474
Ta02249,20170703,Ta02249_20170703,Ta02249_20170703.jpg,quadrat_corner,3755,0,4131,352
Ta02249,20170703,Ta02249_20170703,Ta02249_20170703.jpg,quadrat_corner,3878,2973,4242,3358
Ta02249,20170703,Ta02249_20170703,Ta02249_20170703.jpg,quadrat_corner,877,3123,1265,3456
Ta02274,20170608,Ta02274_20170608,Ta02274_20170608.jpg,clover,1988,1626,3098,2344
Ta02274,20170608,Ta02274_20170608,Ta02274_20170608.jpg,quadrat,1238,618,4220,3456
Ta02274,20170608,Ta02274_20170608,Ta02274_20170608.jpg,quadrat_corner,1266,691,1573,1000
Ta02274,20170608,Ta02274_20170608,Ta02274_20170608.jpg,quadrat_corner,3828,617,4168,928
Ta02274,20170608,Ta02274_20170608,Ta02274_20170608.jpg,quadrat_corner,3897,3187,4223,3456
Ta02274,20170608,Ta02274_20170608,Ta02274_20170608.jpg,quadrat_corner,1333,3259,1664,3456
Ta01919,20170608,Ta01919_20170608,Ta01919_20170608.jpg,clover,2556,1589,3248,2319
Ta01919,20170608,Ta01919_20170608,Ta01919_20170608.jpg,quadrat,1182,507,4154,3456
Ta01919,20170608,Ta01919_20170608,Ta01919_20170608.jpg,quadrat_corner,1226,503,1562,827
Ta01919,20170608,Ta01919_20170608,Ta01919_20170608.jpg,quadrat_corner,3822,555,4162,879
Ta01919,20170608,Ta01919_20170608,Ta01919_20170608.jpg,quadrat_corner,3766,3135,4086,3456
Ta01919,20170608,Ta01919_20170608,Ta01919_20170608.jpg,quadrat_corner,1190,3091,1522,3411
Ta01024,20170703,Ta01024_20170703,Ta01024_20170703.jpg,clover,2022,820,3376,2308
Ta01024,20170703,Ta01024_20170703,Ta01024_20170703.jpg,quadrat,735,5,4463,3445
Ta01024,20170703,Ta01024_20170703,Ta01024_20170703.jpg,quadrat_corner,933,53,1309,391
Ta01024,20170703,Ta01024_20170703,Ta01024_20170703.jpg,quadrat_corner,3914,24,4305,354
Ta01024,20170703,Ta01024_20170703,Ta01024_20170703.jpg,quadrat_corner,4057,2997,4469,3434
Ta01024,20170703,Ta01024_20170703,Ta01024_20170703.jpg,quadrat_corner,757,2996,1145,3432
Ta00543,20170703,Ta00543_20170703,Ta00543_20170703.jpg,clover,2200,445,3688,1827
Ta00543,20170703,Ta00543_20170703,Ta00543_20170703.jpg,quadrat,975,33,4586,3456
Ta00543,20170703,Ta00543_20170703,Ta00543_20170703.jpg,quadrat_corner,1194,43,1567,401
Ta00543,20170703,Ta00543_20170703,Ta00543_20170703.jpg,quadrat_corner,4180,59,4548,401
Ta00543,20170703,Ta00543_20170703,Ta00543_20170703.jpg,quadrat_corner,4170,3110,4580,3456
Ta00543,20170703,Ta00543_20170703,Ta00543_20170703.jpg,quadrat_corner,980,2982,1338,3403
Ta00635,20170703,Ta00635_20170703,Ta00635_20170703.jpg,clover,1982,387,3531,2209
Ta00635,20170703,Ta00635_20170703,Ta00635_20170703.jpg,quadrat,635,132,4192,3456
Ta00635,20170703,Ta00635_20170703,Ta00635_20170703.jpg,quadrat_corner,859,137,1227,463
Ta00635,20170703,Ta00635_20170703,Ta00635_20170703.jpg,quadrat_corner,3728,153,4139,500
Ta00635,20170703,Ta00635_20170703,Ta00635_20170703.jpg,quadrat_corner,3771,3081,4181,3456
Ta00635,20170703,Ta00635_20170703,Ta00635_20170703.jpg,quadrat_corner,629,3012,1019,3433
Ta01521,20170703,Ta01521_20170703,Ta01521_20170703.jpg,clover,1507,1162,2823,2418
Ta01521,20170703,Ta01521_20170703,Ta01521_20170703.jpg,quadrat,319,107,3978,3456
Ta01521,20170703,Ta01521_20170703,Ta01521_20170703.jpg,quadrat_corner,369,148,765,507
Ta01521,20170703,Ta01521_20170703,Ta01521_20170703.jpg,quadrat_corner,3393,96,3786,445
Ta01521,20170703,Ta01521_20170703,Ta01521_20170703.jpg,quadrat_corner,3597,3124,3985,3456
Ta01521,20170703,Ta01521_20170703,Ta01521_20170703.jpg,quadrat_corner,327,3242,727,3456
Ta01117,20170703,Ta01117_20170703,Ta01117_20170703.jpg,clover,1670,496,3525,2175
Ta01117,20170703,Ta01117_20170703,Ta01117_20170703.jpg,quadrat,971,0,4581,3456
Ta01117,20170703,Ta01117_20170703,Ta01117_20170703.jpg,quadrat_corner,983,31,1373,424
Ta01117,20170703,Ta01117_20170703,Ta01117_20170703.jpg,quadrat_corner,4030,0,4434,229
Ta01117,20170703,Ta01117_20170703,Ta01117_20170703.jpg,quadrat_corner,4204,2894,4580,3270
Ta01117,20170703,Ta01117_20170703,Ta01117_20170703.jpg,quadrat_corner,1173,3080,1577,3456
Ta01343,20170703,Ta01343_20170703,Ta01343_20170703.jpg,clover,1799,1293,3009,2421
Ta01343,20170703,Ta01343_20170703,Ta01343_20170703.jpg,quadrat,450,54,4198,3434
Ta01343,20170703,Ta01343_20170703,Ta01343_20170703.jpg,quadrat_corner,643,109,1013,437
Ta01343,20170703,Ta01343_20170703,Ta01343_20170703.jpg,quadrat_corner,3602,52,3993,403
Ta01343,20170703,Ta01343_20170703,Ta01343_20170703.jpg,quadrat_corner,3792,2957,4220,3393
Ta01343,20170703,Ta01343_20170703,Ta01343_20170703.jpg,quadrat_corner,429,3002,847,3424
Ta01523,20170703,Ta01523_20170703,Ta01523_20170703.jpg,clover,2060,1005,3590,2340
Ta01523,20170703,Ta01523_20170703,Ta01523_20170703.jpg,quadrat,1153,121,4593,3456
Ta01523,20170703,Ta01523_20170703,Ta01523_20170703.jpg,quadrat_corner,1163,126,1542,499
Ta01523,20170703,Ta01523_20170703,Ta01523_20170703.jpg,quadrat_corner,4177,115,4614,505
Ta01523,20170703,Ta01523_20170703,Ta01523_20170703.jpg,quadrat_corner,4193,3118,4582,3456
Ta01523,20170703,Ta01523_20170703,Ta01523_20170703.jpg,quadrat_corner,1174,3166,1590,3456
Ta01590,20170703,Ta01590_20170703,Ta01590_20170703.jpg,clover,990,121,4096,3004
Ta01590,20170703,Ta01590_20170703,Ta01590_20170703.jpg,quadrat,723,0,4219,3318
Ta01590,20170703,Ta01590_20170703,Ta01590_20170703.jpg,quadrat_corner,897,0,1274,244
Ta01590,20170703,Ta01590_20170703,Ta01590_20170703.jpg,quadrat_corner,3822,0,4194,295
Ta01590,20170703,Ta01590_20170703,Ta01590_20170703.jpg,quadrat_corner,3846,2924,4241,3316
Ta01590,20170703,Ta01590_20170703,Ta01590_20170703.jpg,quadrat_corner,721,2854,1084,3229
Ta01498,20170703,Ta01498_20170703,Ta01498_20170703.jpg,clover,1396,776,3564,2889
Ta01498,20170703,Ta01498_20170703,Ta01498_20170703.jpg,quadrat,725,68,4251,3456
Ta01498,20170703,Ta01498_20170703,Ta01498_20170703.jpg,quadrat_corner,731,161,1098,543
Ta01498,20170703,Ta01498_20170703,Ta01498_20170703.jpg,quadrat_corner,3791,74,4172,437
Ta01498,20170703,Ta01498_20170703,Ta01498_20170703.jpg,quadrat_corner,3892,3098,4255,3456
Ta01498,20170703,Ta01498_20170703,Ta01498_20170703.jpg,quadrat_corner,852,3231,1234,3456
Ta00320,20170703,Ta00320_20170703,Ta00320_20170703.jpg,clover,1321,647,2861,2149
Ta00320,20170703,Ta00320_20170703,Ta00320_20170703.jpg,quadrat,197,0,3803,3407
Ta00320,20170703,Ta00320_20170703,Ta00320_20170703.jpg,quadrat_corner,358,0,736,325
Ta00320,20170703,Ta00320_20170703,Ta00320_20170703.jpg,quadrat_corner,3362,0,3714,323
Ta00320,20170703,Ta00320_20170703,Ta00320_20170703.jpg,quadrat_corner,3400,2993,3814,3416
Ta00320,20170703,Ta00320_20170703,Ta00320_20170703.jpg,quadrat_corner,193,2998,572,3401
Ta01130,20170703,Ta01130_20170703,Ta01130_20170703.jpg,clover,2316,1267,3453,2792
Ta01130,20170703,Ta01130_20170703,Ta01130_20170703.jpg,quadrat,1317,66,4900,3456
Ta01130,20170703,Ta01130_20170703,Ta01130_20170703.jpg,quadrat_corner,1308,202,1703,585
Ta01130,20170703,Ta01130_20170703,Ta01130_20170703.jpg,quadrat_corner,4414,64,4803,439
Ta01130,20170703,Ta01130_20170703,Ta01130_20170703.jpg,quadrat_corner,4516,3140,4905,3456
Ta01130,20170703,Ta01130_20170703,Ta01130_20170703.jpg,quadrat_corner,1470,3288,1847,3456
Ta01040,20170703,Ta01040_20170703,Ta01040_20170703.jpg,clover,888,541,3695,2930
Ta01040,20170703,Ta01040_20170703,Ta01040_20170703.jpg,quadrat,581,0,4035,3297
Ta01040,20170703,Ta01040_20170703,Ta01040_20170703.jpg,quadrat_corner,621,0,992,340
Ta01040,20170703,Ta01040_20170703,Ta01040_20170703.jpg,quadrat_corner,3509,0,3871,274
Ta01040,20170703,Ta01040_20170703,Ta01040_20170703.jpg,quadrat_corner,3661,2836,4037,3238
Ta01040,20170703,Ta01040_20170703,Ta01040_20170703.jpg,quadrat_corner,572,2919,929,3305
Ta02235,20170608,Ta02235_20170608,Ta02235_20170608.jpg,clover,2670,1662,2979,1974
Ta02235,20170608,Ta02235_20170608,Ta02235_20170608.jpg,quadrat,1318,524,4373,3456
Ta02235,20170608,Ta02235_20170608,Ta02235_20170608.jpg,quadrat_corner,1318,584,1655,918
Ta02235,20170608,Ta02235_20170608,Ta02235_20170608.jpg,quadrat_corner,3985,524,4328,857
Ta02235,20170608,Ta02235_20170608,Ta02235_20170608.jpg,quadrat_corner,4040,3178,4358,3456
Ta02235,20170608,Ta02235_20170608,Ta02235_20170608.jpg,quadrat_corner,1391,3242,1712,3456
Ta00258,20170703,Ta00258_20170703,Ta00258_20170703.jpg,clover,1213,319,3325,2417
Ta00258,20170703,Ta00258_20170703,Ta00258_20170703.jpg,quadrat,118,0,3700,3268
Ta00258,20170703,Ta00258_20170703,Ta00258_20170703.jpg,quadrat_corner,252,0,617,214
Ta00258,20170703,Ta00258_20170703,Ta00258_20170703.jpg,quadrat_corner,3225,0,3614,177
Ta00258,20170703,Ta00258_20170703,Ta00258_20170703.jpg,quadrat_corner,3306,2866,3695,3252
Ta00258,20170703,Ta00258_20170703,Ta00258_20170703.jpg,quadrat_corner,113,2890,502,3268
Ta02073,20170703,Ta02073_20170703,Ta02073_20170703.jpg,clover,2101,663,3285,1890
Ta02073,20170703,Ta02073_20170703,Ta02073_20170703.jpg,quadrat,1069,0,4625,3456
Ta02073,20170703,Ta02073_20170703,Ta02073_20170703.jpg,quadrat_corner,1082,72,1442,445
Ta02073,20170703,Ta02073_20170703,Ta02073_20170703.jpg,quadrat_corner,4134,0,4522,332
Ta02073,20170703,Ta02073_20170703,Ta02073_20170703.jpg,quadrat_corner,4223,3000,4604,3373
Ta02073,20170703,Ta02073_20170703,Ta02073_20170703.jpg,quadrat_corner,1208,3142,1594,3456
Ta01109,20170703,Ta01109_20170703,Ta01109_20170703.jpg,clover,1092,611,2891,2772
Ta01109,20170703,Ta01109_20170703,Ta01109_20170703.jpg,quadrat,738,0,4189,3402
Ta01109,20170703,Ta01109_20170703,Ta01109_20170703.jpg,quadrat_corner,727,0,1106,324
Ta01109,20170703,Ta01109_20170703,Ta01109_20170703.jpg,quadrat_corner,3829,0,4197,335
Ta01109,20170703,Ta01109_20170703,Ta01109_20170703.jpg,quadrat_corner,3811,3016,4173,3386
Ta01109,20170703,Ta01109_20170703,Ta01109_20170703.jpg,quadrat_corner,780,3058,1148,3410
Ta00264,20170703,Ta00264_20170703,Ta00264_20170703.jpg,clover,835,382,3805,2801
Ta00264,20170703,Ta00264_20170703,Ta00264_20170703.jpg,quadrat,567,20,4231,3456
Ta00264,20170703,Ta00264_20170703,Ta00264_20170703.jpg,quadrat_corner,783,25,1158,385
Ta00264,20170703,Ta00264_20170703,Ta00264_20170703.jpg,quadrat_corner,3782,12,4183,358
Ta00264,20170703,Ta00264_20170703,Ta00264_20170703.jpg,quadrat_corner,3813,3064,4228,3456
Ta00264,20170703,Ta00264_20170703,Ta00264_20170703.jpg,quadrat_corner,575,3011,964,3423
Ta00973,20170703,Ta00973_20170703,Ta00973_20170703.jpg,clover,1657,295,2849,1543
Ta00973,20170703,Ta00973_20170703,Ta00973_20170703.jpg,quadrat,370,0,4068,3352
Ta00973,20170703,Ta00973_20170703,Ta00973_20170703.jpg,quadrat_corner,546,20,924,356
Ta00973,20170703,Ta00973_20170703,Ta00973_20170703.jpg,quadrat_corner,3514,0,3884,280
Ta00973,20170703,Ta00973_20170703,Ta00973_20170703.jpg,quadrat_corner,3658,2882,4076,3331
Ta00973,20170703,Ta00973_20170703,Ta00973_20170703.jpg,quadrat_corner,357,2935,751,3360
Ta01511,20170703,Ta01511_20170703,Ta01511_20170703.jpg,clover,1951,750,3031,2323
Ta01511,20170703,Ta01511_20170703,Ta01511_20170703.jpg,quadrat,207,0,3645,3250
Ta01511,20170703,Ta01511_20170703,Ta01511_20170703.jpg,quadrat_corner,307,1,664,345
Ta01511,20170703,Ta01511_20170703,Ta01511_20170703.jpg,quadrat_corner,3159,0,3511,285
Ta01511,20170703,Ta01511_20170703,Ta01511_20170703.jpg,quadrat_corner,3280,2798,3650,3192
Ta01511,20170703,Ta01511_20170703,Ta01511_20170703.jpg,quadrat_corner,213,2859,562,3245
Ta02250,20170608,Ta02250_20170608,Ta02250_20170608.jpg,clover,2370,1373,2894,1924
Ta02250,20170608,Ta02250_20170608,Ta02250_20170608.jpg,quadrat,1344,525,4371,3456
Ta02250,20170608,Ta02250_20170608,Ta02250_20170608.jpg,quadrat_corner,1365,590,1685,911
Ta02250,20170608,Ta02250_20170608,Ta02250_20170608.jpg,quadrat_corner,3968,515,4313,846
Ta02250,20170608,Ta02250_20170608,Ta02250_20170608.jpg,quadrat_corner,4016,3142,4354,3456
Ta02250,20170608,Ta02250_20170608,Ta02250_20170608.jpg,quadrat_corner,1447,3194,1775,3456
Ta01463,20170703,Ta01463_20170703,Ta01463_20170703.jpg,clover,1289,211,3304,2719
Ta01463,20170703,Ta01463_20170703,Ta01463_20170703.jpg,quadrat,733,0,4239,3339
Ta01463,20170703,Ta01463_20170703,Ta01463_20170703.jpg,quadrat_corner,735,0,1106,264
Ta01463,20170703,Ta01463_20170703,Ta01463_20170703.jpg,quadrat_corner,3805,0,4197,217
Ta01463,20170703,Ta01463_20170703,Ta01463_20170703.jpg,quadrat_corner,3860,2885,4252,3250
Ta01463,20170703,Ta01463_20170703,Ta01463_20170703.jpg,quadrat_corner,822,2971,1219,3347
Ta01312,20170703,Ta01312_20170703,Ta01312_20170703.jpg,clover,1313,674,2936,2399
Ta01312,20170703,Ta01312_20170703,Ta01312_20170703.jpg,quadrat,165,86,3637,3397
Ta01312,20170703,Ta01312_20170703,Ta01312_20170703.jpg,quadrat_corner,334,117,683,445
Ta01312,20170703,Ta01312_20170703,Ta01312_20170703.jpg,quadrat_corner,3207,98,3564,414
Ta01312,20170703,Ta01312_20170703,Ta01312_20170703.jpg,quadrat_corner,3241,3006,3650,3384
Ta01312,20170703,Ta01312_20170703,Ta01312_20170703.jpg,quadrat_corner,168,3011,530,3402
Ta01431,20170703,Ta01431_20170703,Ta01431_20170703.jpg,clover,693,93,3692,2651
Ta01431,20170703,Ta01431_20170703,Ta01431_20170703.jpg,quadrat,265,0,3845,3284
Ta01431,20170703,Ta01431_20170703,Ta01431_20170703.jpg,quadrat_corner,425,0,775,251
Ta01431,20170703,Ta01431_20170703,Ta01431_20170703.jpg,quadrat_corner,3380,0,3745,230
Ta01431,20170703,Ta01431_20170703,Ta01431_20170703.jpg,quadrat_corner,3461,2887,3834,3266
Ta01431,20170703,Ta01431_20170703,Ta01431_20170703.jpg,quadrat_corner,278,2901,662,3300
Ta01375,20170703,Ta01375_20170703,Ta01375_20170703.jpg,clover,1775,939,2784,2042
Ta01375,20170703,Ta01375_20170703,Ta01375_20170703.jpg,quadrat,376,0,3824,3360
Ta01375,20170703,Ta01375_20170703,Ta01375_20170703.jpg,quadrat_corner,425,22,790,364
Ta01375,20170703,Ta01375_20170703,Ta01375_20170703.jpg,quadrat_corner,3343,0,3711,298
Ta01375,20170703,Ta01375_20170703,Ta01375_20170703.jpg,quadrat_corner,3445,2914,3834,3281
Ta01375,20170703,Ta01375_20170703,Ta01375_20170703.jpg,quadrat_corner,373,2974,751,3355
Ta02140,20170608,Ta02140_20170608,Ta02140_20170608.jpg,clover,2022,1025,3369,2594
Ta02140,20170608,Ta02140_20170608,Ta02140_20170608.jpg,quadrat,1294,464,4236,3432
Ta02140,20170608,Ta02140_20170608,Ta02140_20170608.jpg,quadrat_corner,1311,459,1633,772
Ta02140,20170608,Ta02140_20170608,Ta02140_20170608.jpg,quadrat_corner,3930,536,4250,856
Ta02140,20170608,Ta02140_20170608,Ta02140_20170608.jpg,quadrat_corner,3850,3121,4164,3440
Ta02140,20170608,Ta02140_20170608,Ta02140_20170608.jpg,quadrat_corner,1289,3068,1609,3394
Ta00476,20170703,Ta00476_20170703,Ta00476_20170703.jpg,quadrat,804,0,4478,3447
Ta00476,20170703,Ta00476_20170703,Ta00476_20170703.jpg,quadrat_corner,927,25,1295,358
Ta00476,20170703,Ta00476_20170703,Ta00476_20170703.jpg,quadrat_corner,3931,0,4302,301
Ta00476,20170703,Ta00476_20170703,Ta00476_20170703.jpg,quadrat_corner,4086,3016,4485,3410
Ta00476,20170703,Ta00476_20170703,Ta00476_20170703.jpg,quadrat_corner,801,3040,1200,3456
Ta02336,20170703,Ta02336_20170703,Ta02336_20170703.jpg,clover,2374,1173,3099,1884
Ta02336,20170703,Ta02336_20170703,Ta02336_20170703.jpg,quadrat,672,49,4281,3397
Ta02336,20170703,Ta02336_20170703,Ta02336_20170703.jpg,quadrat_corner,825,117,1187,435
Ta02336,20170703,Ta02336_20170703,Ta02336_20170703.jpg,quadrat_corner,3729,49,4107,379
Ta02336,20170703,Ta02336_20170703,Ta02336_20170703.jpg,quadrat_corner,3892,2966,4286,3376
Ta02336,20170703,Ta02336_20170703,Ta02336_20170703.jpg,quadrat_corner,664,3000,1040,3413
Ta02318,20170608,Ta02318_20170608,Ta02318_20170608.jpg,clover,1384,1236,3514,3126
Ta02318,20170608,Ta02318_20170608,Ta02318_20170608.jpg,quadrat,1045,403,4099,3456
Ta02318,20170608,Ta02318_20170608,Ta02318_20170608.jpg,quadrat_corner,1090,449,1427,755
Ta02318,20170608,Ta02318_20170608,Ta02318_20170608.jpg,quadrat_corner,3778,519,4142,879
Ta02318,20170608,Ta02318_20170608,Ta02318_20170608.jpg,quadrat_corner,3696,3164,4018,3456
Ta02318,20170608,Ta02318_20170608,Ta02318_20170608.jpg,quadrat_corner,1039,3131,1393,3446
Ta00321,20170703,Ta00321_20170703,Ta00321_20170703.jpg,clover,1483,712,3335,2254
Ta00321,20170703,Ta00321_20170703,Ta00321_20170703.jpg,quadrat,397,62,3960,3426
Ta00321,20170703,Ta00321_20170703,Ta00321_20170703.jpg,quadrat_corner,512,99,869,414
Ta00321,20170703,Ta00321_20170703,Ta00321_20170703.jpg,quadrat_corner,3424,77,3787,402
Ta00321,20170703,Ta00321_20170703,Ta00321_20170703.jpg,quadrat_corner,3566,2984,3945,3368
Ta00321,20170703,Ta00321_20170703,Ta00321_20170703.jpg,quadrat_corner,406,3026,781,3432
Ta01904,20170703,Ta01904_20170703,Ta01904_20170703.jpg,clover,651,0,3577,2559
Ta01904,20170703,Ta01904_20170703,Ta01904_20170703.jpg,quadrat,310,0,3992,3449
Ta01904,20170703,Ta01904_20170703,Ta01904_20170703.jpg,quadrat_corner,483,0,877,311
Ta01904,20170703,Ta01904_20170703,Ta01904_20170703.jpg,quadrat_corner,3530,0,3916,343
Ta01904,20170703,Ta01904_20170703,Ta01904_20170703.jpg,quadrat_corner,3600,3042,3994,3456
Ta01904,20170703,Ta01904_20170703,Ta01904_20170703.jpg,quadrat_corner,336,3019,709,3421
Ta01942,20170608,Ta01942_20170608,Ta01942_20170608.jpg,clover,1876,1770,2966,2563
Ta01942,20170608,Ta01942_20170608,Ta01942_20170608.jpg,quadrat,969,496,3960,3456
Ta01942,20170608,Ta01942_20170608,Ta01942_20170608.jpg,quadrat_corner,960,496,1284,841
Ta01942,20170608,Ta01942_20170608,Ta01942_20170608.jpg,quadrat_corner,3609,514,3921,826
Ta01942,20170608,Ta01942_20170608,Ta01942_20170608.jpg,quadrat_corner,3636,3102,3948,3432
Ta01942,20170608,Ta01942_20170608,Ta01942_20170608.jpg,quadrat_corner,1012,3163,1363,3456
Ta00492,20170703,Ta00492_20170703,Ta00492_20170703.jpg,clover,2319,1119,3260,2079
Ta00492,20170703,Ta00492_20170703,Ta00492_20170703.jpg,quadrat,701,65,4144,3450
Ta00492,20170703,Ta00492_20170703,Ta00492_20170703.jpg,quadrat_corner,761,101,1142,460
Ta00492,20170703,Ta00492_20170703,Ta00492_20170703.jpg,quadrat_corner,3698,58,4089,421
Ta00492,20170703,Ta00492_20170703,Ta00492_20170703.jpg,quadrat_corner,3773,3045,4149,3445
Ta00492,20170703,Ta00492_20170703,Ta00492_20170703.jpg,quadrat_corner,696,3062,1067,3453
Ta00745,20170703,Ta00745_20170703,Ta00745_20170703.jpg,clover,1662,1175,3361,2677
Ta00745,20170703,Ta00745_20170703,Ta00745_20170703.jpg,quadrat,1179,51,4672,3456
Ta00745,20170703,Ta00745_20170703,Ta00745_20170703.jpg,quadrat_corner,1153,64,1563,432
Ta00745,20170703,Ta00745_20170703,Ta00745_20170703.jpg,quadrat_corner,4304,112,4680,503
Ta00745,20170703,Ta00745_20170703,Ta00745_20170703.jpg,quadrat_corner,4204,3195,4590,3456
Ta00745,20170703,Ta00745_20170703,Ta00745_20170703.jpg,quadrat_corner,1171,3163,1555,3456
Ta01417,20170703,Ta01417_20170703,Ta01417_20170703.jpg,quadrat,530,41,4105,3456
Ta01417,20170703,Ta01417_20170703,Ta01417_20170703.jpg,quadrat_corner,704,56,1058,372
Ta01417,20170703,Ta01417_20170703,Ta01417_20170703.jpg,quadrat_corner,3635,109,4007,458
Ta01417,20170703,Ta01417_20170703,Ta01417_20170703.jpg,quadrat_corner,3698,3071,4134,3456
Ta01417,20170703,Ta01417_20170703,Ta01417_20170703.jpg,quadrat_corner,520,3029,911,3436
Ta00372,20170703,Ta00372_20170703,Ta00372_20170703.jpg,clover,1633,398,3687,2244
Ta00372,20170703,Ta00372_20170703,Ta00372_20170703.jpg,quadrat,1027,0,4493,3308
Ta00372,20170703,Ta00372_20170703,Ta00372_20170703.jpg,quadrat_corner,1106,0,1497,251
Ta00372,20170703,Ta00372_20170703,Ta00372_20170703.jpg,quadrat_corner,4084,0,4451,277
Ta00372,20170703,Ta00372_20170703,Ta00372_20170703.jpg,quadrat_corner,4102,2932,4509,3323
Ta00372,20170703,Ta00372_20170703,Ta00372_20170703.jpg,quadrat_corner,1019,2874,1379,3279
Ta02327,20170608,Ta02327_20170608,Ta02327_20170608.jpg,clover,2000,1076,3503,2646
Ta02327,20170608,Ta02327_20170608,Ta02327_20170608.jpg,quadrat,1326,518,4290,3456
Ta02327,20170608,Ta02327_20170608,Ta02327_20170608.jpg,quadrat_corner,1326,524,1650,857
Ta02327,20170608,Ta02327_20170608,Ta02327_20170608.jpg,quadrat_corner,3975,512,4293,845
Ta02327,20170608,Ta02327_20170608,Ta02327_20170608.jpg,quadrat_corner,3969,3130,4293,3456
Ta02327,20170608,Ta02327_20170608,Ta02327_20170608.jpg,quadrat_corner,1369,3169,1705,3454
Ta01890,20170703,Ta01890_20170703,Ta01890_20170703.jpg,clover,1668,684,3705,2945
Ta01890,20170703,Ta01890_20170703,Ta01890_20170703.jpg,quadrat,1216,77,4614,3456
Ta01890,20170703,Ta01890_20170703,Ta01890_20170703.jpg,quadrat_corner,1229,88,1605,437
Ta01890,20170703,Ta01890_20170703,Ta01890_20170703.jpg,quadrat_corner,4236,106,4617,477
Ta01890,20170703,Ta01890_20170703,Ta01890_20170703.jpg,quadrat_corner,4218,3113,4590,3456
Ta01890,20170703,Ta01890_20170703,Ta01890_20170703.jpg,quadrat_corner,1203,3108,1591,3456
Ta00193,20170703,Ta00193_20170703,Ta00193_20170703.jpg,clover,1752,624,3821,2956
Ta00193,20170703,Ta00193_20170703,Ta00193_20170703.jpg,quadrat,956,0,4441,3456
Ta00193,20170703,Ta00193_20170703,Ta00193_20170703.jpg,quadrat_corner,987,0,1363,333
Ta00193,20170703,Ta00193_20170703,Ta00193_20170703.jpg,quadrat_corner,4053,42,4456,424
Ta00193,20170703,Ta00193_20170703,Ta00193_20170703.jpg,quadrat_corner,3963,3069,4344,3445
Ta00193,20170703,Ta00193_20170703,Ta00193_20170703.jpg,quadrat_corner,960,3042,1338,3421
Ta01390,20170703,Ta01390_20170703,Ta01390_20170703.jpg,clover,1845,708,3652,2337
Ta01390,20170703,Ta01390_20170703,Ta01390_20170703.jpg,quadrat,751,97,4394,3456
Ta01390,20170703,Ta01390_20170703,Ta01390_20170703.jpg,quadrat_corner,936,121,1306,458
Ta01390,20170703,Ta01390_20170703,Ta01390_20170703.jpg,quadrat_corner,3855,97,4276,443
Ta01390,20170703,Ta01390_20170703,Ta01390_20170703.jpg,quadrat_corner,4021,3058,4391,3456
Ta01390,20170703,Ta01390_20170703,Ta01390_20170703.jpg,quadrat_corner,776,3040,1167,3449
Ta01607,20170703,Ta01607_20170703,Ta01607_20170703.jpg,clover,1408,469,3908,2919
Ta01607,20170703,Ta01607_20170703,Ta01607_20170703.jpg,quadrat,806,0,4399,3350
Ta01607,20170703,Ta01607_20170703,Ta01607_20170703.jpg,quadrat_corner,1008,0,1371,253
Ta01607,20170703,Ta01607_20170703,Ta01607_20170703.jpg,quadrat_corner,3944,0,4331,288
Ta01607,20170703,Ta01607_20170703,Ta01607_20170703.jpg,quadrat_corner,4021,2940,4401,3344
Ta01607,20170703,Ta01607_20170703,Ta01607_20170703.jpg,quadrat_corner,811,2859,1187,3260
Ta01905,20170703,Ta01905_20170703,Ta01905_20170703.jpg,clover,1326,810,2490,2625
Ta01905,20170703,Ta01905_20170703,Ta01905_20170703.jpg,quadrat,462,64,4031,3456
Ta01905,20170703,Ta01905_20170703,Ta01905_20170703.jpg,quadrat_corner,599,70,964,406
Ta01905,20170703,Ta01905_20170703,Ta01905_20170703.jpg,quadrat_corner,3587,85,3960,424
Ta01905,20170703,Ta01905_20170703,Ta01905_20170703.jpg,quadrat_corner,3642,3095,4039,3456
Ta01905,20170703,Ta01905_20170703,Ta01905_20170703.jpg,quadrat_corner,467,3077,840,3456
Ta00732,20170703,Ta00732_20170703,Ta00732_20170703.jpg,clover,2225,404,3209,1544
Ta00732,20170703,Ta00732_20170703,Ta00732_20170703.jpg,quadrat,759,0,4526,3456
Ta00732,20170703,Ta00732_20170703,Ta00732_20170703.jpg,quadrat_corner,883,0,1289,259
Ta00732,20170703,Ta00732_20170703,Ta00732_20170703.jpg,quadrat_corner,4074,0,4474,275
Ta00732,20170703,Ta00732_20170703,Ta00732_20170703.jpg,quadrat_corner,4107,3147,4519,3456
Ta00732,20170703,Ta00732_20170703,Ta00732_20170703.jpg,quadrat_corner,741,3111,1156,3456
Ta01008,20170703,Ta01008_20170703,Ta01008_20170703.jpg,clover,1985,1017,3110,1892
Ta01008,20170703,Ta01008_20170703,Ta01008_20170703.jpg,quadrat,729,17,4476,3456
Ta01008,20170703,Ta01008_20170703,Ta01008_20170703.jpg,quadrat_corner,907,22,1285,369
Ta01008,20170703,Ta01008_20170703,Ta01008_20170703.jpg,quadrat_corner,3938,41,4324,379
Ta01008,20170703,Ta01008_20170703,Ta01008_20170703.jpg,quadrat_corner,4076,3089,4497,3456
Ta01008,20170703,Ta01008_20170703,Ta01008_20170703.jpg,quadrat_corner,741,3073,1143,3456
Ta01744,20170703,Ta01744_20170703,Ta01744_20170703.jpg,clover,1951,477,3813,2573
Ta01744,20170703,Ta01744_20170703,Ta01744_20170703.jpg,quadrat,876,53,4286,3362
Ta01744,20170703,Ta01744_20170703,Ta01744_20170703.jpg,quadrat_corner,952,98,1334,441
Ta01744,20170703,Ta01744_20170703,Ta01744_20170703.jpg,quadrat_corner,3828,50,4192,402
Ta01744,20170703,Ta01744_20170703,Ta01744_20170703.jpg,quadrat_corner,3904,2995,4283,3374
Ta01744,20170703,Ta01744_20170703,Ta01744_20170703.jpg,quadrat_corner,867,2983,1246,3362
Ta00491,20170703,Ta00491_20170703,Ta00491_20170703.jpg,clover,1400,249,3166,2282
Ta00491,20170703,Ta00491_20170703,Ta00491_20170703.jpg,quadrat,479,43,4284,3456
Ta00491,20170703,Ta00491_20170703,Ta00491_20170703.jpg,quadrat_corner,683,50,1062,396
Ta00491,20170703,Ta00491_20170703,Ta00491_20170703.jpg,quadrat_corner,3775,56,4198,412
Ta00491,20170703,Ta00491_20170703,Ta00491_20170703.jpg,quadrat_corner,3868,3194,4306,3456
Ta00491,20170703,Ta00491_20170703,Ta00491_20170703.jpg,quadrat_corner,481,3170,891,3456
Ta02299,20170703,Ta02299_20170703,Ta02299_20170703.jpg,clover,765,5,3778,2856
Ta02299,20170703,Ta02299_20170703,Ta02299_20170703.jpg,quadrat,382,0,3981,3433
Ta02299,20170703,Ta02299_20170703,Ta02299_20170703.jpg,quadrat_corner,488,0,857,341
Ta02299,20170703,Ta02299_20170703,Ta02299_20170703.jpg,quadrat_corner,3473,0,3879,341
Ta02299,20170703,Ta02299_20170703,Ta02299_20170703.jpg,quadrat_corner,3570,3031,3985,3424
Ta02299,20170703,Ta02299_20170703,Ta02299_20170703.jpg,quadrat_corner,363,3036,746,3442
Ta01327,20170703,Ta01327_20170703,Ta01327_20170703.jpg,clover,1530,1005,3118,2423
Ta01327,20170703,Ta01327_20170703,Ta01327_20170703.jpg,quadrat,1180,43,4765,3456
Ta01327,20170703,Ta01327_20170703,Ta01327_20170703.jpg,quadrat_corner,1163,168,1546,544
Ta01327,20170703,Ta01327_20170703,Ta01327_20170703.jpg,quadrat_corner,4266,40,4664,419
Ta01327,20170703,Ta01327_20170703,Ta01327_20170703.jpg,quadrat_corner,4372,3098,4789,3456
Ta01327,20170703,Ta01327_20170703,Ta01327_20170703.jpg,quadrat_corner,1319,3262,1712,3456
Ta01909,20170703,Ta01909_20170703,Ta01909_20170703.jpg,quadrat,1153,45,4607,3456
Ta01909,20170703,Ta01909_20170703,Ta01909_20170703.jpg,quadrat_corner,1164,65,1543,435
Ta01909,20170703,Ta01909_20170703,Ta01909_20170703.jpg,quadrat_corner,4208,91,4633,462
Ta01909,20170703,Ta01909_20170703,Ta01909_20170703.jpg,quadrat_corner,4159,3112,4533,3456
Ta01909,20170703,Ta01909_20170703,Ta01909_20170703.jpg,quadrat_corner,1145,3109,1519,3456
Ta00819,20170703,Ta00819_20170703,Ta00819_20170703.jpg,clover,2174,451,4020,2175
Ta00819,20170703,Ta00819_20170703,Ta00819_20170703.jpg,quadrat,1273,0,4703,3358
Ta00819,20170703,Ta00819_20170703,Ta00819_20170703.jpg,quadrat_corner,1275,0,1643,286
Ta00819,20170703,Ta00819_20170703,Ta00819_20170703.jpg,quadrat_corner,4325,0,4713,312
Ta00819,20170703,Ta00819_20170703,Ta00819_20170703.jpg,quadrat_corner,4267,2984,4657,3356
Ta00819,20170703,Ta00819_20170703,Ta00819_20170703.jpg,quadrat_corner,1290,2958,1654,3330
Ta01165,20170703,Ta01165_20170703,Ta01165_20170703.jpg,clover,2191,340,4245,2474
Ta01165,20170703,Ta01165_20170703,Ta01165_20170703.jpg,quadrat,896,0,4624,3426
Ta01165,20170703,Ta01165_20170703,Ta01165_20170703.jpg,quadrat_corner,999,0,1372,303
Ta01165,20170703,Ta01165_20170703,Ta01165_20170703.jpg,quadrat_corner,4065,0,4436,267
Ta01165,20170703,Ta01165_20170703,Ta01165_20170703.jpg,quadrat_corner,4208,2979,4618,3404
Ta01165,20170703,Ta01165_20170703,Ta01165_20170703.jpg,quadrat_corner,893,3025,1290,3432
Ta01164,20170703,Ta01164_20170703,Ta01164_20170703.jpg,clover,2123,551,3508,1797
Ta01164,20170703,Ta01164_20170703,Ta01164_20170703.jpg,quadrat,841,51,4395,3456
Ta01164,20170703,Ta01164_20170703,Ta01164_20170703.jpg,quadrat_corner,935,61,1311,412
Ta01164,20170703,Ta01164_20170703,Ta01164_20170703.jpg,quadrat_corner,3918,39,4313,410
Ta01164,20170703,Ta01164_20170703,Ta01164_20170703.jpg,quadrat_corner,4017,3099,4395,3456
Ta01164,20170703,Ta01164_20170703,Ta01164_20170703.jpg,quadrat_corner,824,3073,1215,3456
Ta02174,20170608,Ta02174_20170608,Ta02174_20170608.jpg,clover,2145,1033,3293,2262
Ta02174,20170608,Ta02174_20170608,Ta02174_20170608.jpg,quadrat,889,477,4011,3455
Ta02174,20170608,Ta02174_20170608,Ta02174_20170608.jpg,quadrat_corner,881,593,1227,935
Ta02174,20170608,Ta02174_20170608,Ta02174_20170608.jpg,quadrat_corner,3559,475,3893,797
Ta02174,20170608,Ta02174_20170608,Ta02174_20170608.jpg,quadrat_corner,3695,3083,4013,3417
Ta02174,20170608,Ta02174_20170608,Ta02174_20170608.jpg,quadrat_corner,1041,3275,1415,3456
Ta00029,20170703,Ta00029_20170703,Ta00029_20170703.jpg,clover,1390,479,3580,2715
Ta00029,20170703,Ta00029_20170703,Ta00029_20170703.jpg,quadrat,945,24,4599,3447
Ta00029,20170703,Ta00029_20170703,Ta00029_20170703.jpg,quadrat_corner,1064,54,1444,399
Ta00029,20170703,Ta00029_20170703,Ta00029_20170703.jpg,quadrat_corner,4059,19,4458,355
Ta00029,20170703,Ta00029_20170703,Ta00029_20170703.jpg,quadrat_corner,4202,3040,4605,3456
Ta00029,20170703,Ta00029_20170703,Ta00029_20170703.jpg,quadrat_corner,948,3051,1333,3456
Ta00545,20170703,Ta00545_20170703,Ta00545_20170703.jpg,clover,1929,431,3712,2321
Ta00545,20170703,Ta00545_20170703,Ta00545_20170703.jpg,quadrat,870,0,4430,3354
Ta00545,20170703,Ta00545_20170703,Ta00545_20170703.jpg,quadrat_corner,960,0,1338,314
Ta00545,20170703,Ta00545_20170703,Ta00545_20170703.jpg,quadrat_corner,3916,0,4284,295
Ta00545,20170703,Ta00545_20170703,Ta00545_20170703.jpg,quadrat_corner,4055,2940,4443,3346
Ta00545,20170703,Ta00545_20170703,Ta00545_20170703.jpg,quadrat_corner,878,2966,1251,3361
Ta01107,20170703,Ta01107_20170703,Ta01107_20170703.jpg,clover,1478,134,3309,1965
Ta01107,20170703,Ta01107_20170703,Ta01107_20170703.jpg,quadrat,624,0,4414,3456
Ta01107,20170703,Ta01107_20170703,Ta01107_20170703.jpg,quadrat_corner,728,0,1121,334
Ta01107,20170703,Ta01107_20170703,Ta01107_20170703.jpg,quadrat_corner,3857,0,4249,267
Ta01107,20170703,Ta01107_20170703,Ta01107_20170703.jpg,quadrat_corner,4000,3072,4399,3456
Ta01107,20170703,Ta01107_20170703,Ta01107_20170703.jpg,quadrat_corner,625,3124,1026,3456
Ta01412,20170703,Ta01412_20170703,Ta01412_20170703.jpg,clover,1688,316,3788,2587
Ta01412,20170703,Ta01412_20170703,Ta01412_20170703.jpg,quadrat,787,0,4325,3254
Ta01412,20170703,Ta01412_20170703,Ta01412_20170703.jpg,quadrat_corner,939,0,1294,303
Ta01412,20170703,Ta01412_20170703,Ta01412_20170703.jpg,quadrat_corner,3825,0,4189,267
Ta01412,20170703,Ta01412_20170703,Ta01412_20170703.jpg,quadrat_corner,3911,2825,4338,3252
Ta01412,20170703,Ta01412_20170703,Ta01412_20170703.jpg,quadrat_corner,791,2836,1169,3237
Ta00309,20170703,Ta00309_20170703,Ta00309_20170703.jpg,clover,2144,932,3145,1933
Ta00309,20170703,Ta00309_20170703,Ta00309_20170703.jpg,quadrat,1088,0,4538,3404
Ta00309,20170703,Ta00309_20170703,Ta00309_20170703.jpg,quadrat_corner,1093,9,1472,373
Ta00309,20170703,Ta00309_20170703,Ta00309_20170703.jpg,quadrat_corner,4122,0,4523,334
Ta00309,20170703,Ta00309_20170703,Ta00309_20170703.jpg,quadrat_corner,4158,2986,4531,3384
Ta00309,20170703,Ta00309_20170703,Ta00309_20170703.jpg,quadrat_corner,1153,3055,1541,3417
Ta00879,20170703,Ta00879_20170703,Ta00879_20170703.jpg,clover,1112,253,3803,3109
Ta00879,20170703,Ta00879_20170703,Ta00879_20170703.jpg,quadrat,677,43,4249,3434
Ta00879,20170703,Ta00879_20170703,Ta00879_20170703.jpg,quadrat_corner,817,39,1197,386
Ta00879,20170703,Ta00879_20170703,Ta00879_20170703.jpg,quadrat_corner,3773,58,4161,390
Ta00879,20170703,Ta00879_20170703,Ta00879_20170703.jpg,quadrat_corner,3853,3034,4254,3428
Ta00879,20170703,Ta00879_20170703,Ta00879_20170703.jpg,quadrat_corner,672,3016,1054,3419
Ta02324,20170608,Ta02324_20170608,Ta02324_20170608.jpg,clover,1661,1328,3637,2947
Ta02324,20170608,Ta02324_20170608,Ta02324_20170608.jpg,quadrat,1310,660,4222,3456
Ta02324,20170608,Ta02324_20170608,Ta02324_20170608.jpg,quadrat_corner,1338,652,1654,960
Ta02324,20170608,Ta02324_20170608,Ta02324_20170608.jpg,quadrat_corner,3898,664,4234,988
Ta02324,20170608,Ta02324_20170608,Ta02324_20170608.jpg,quadrat_corner,1302,3208,1642,3456
Ta02324,20170608,Ta02324_20170608,Ta02324_20170608.jpg,quadrat_corner,3866,3216,4198,3456
Ta00401,20170703,Ta00401_20170703,Ta00401_20170703.jpg,clover,1900,774,3858,2800
Ta00401,20170703,Ta00401_20170703,Ta00401_20170703.jpg,quadrat,1080,14,4627,3456
Ta00401,20170703,Ta00401_20170703,Ta00401_20170703.jpg,quadrat_corner,1085,114,1499,519
Ta00401,20170703,Ta00401_20170703,Ta00401_20170703.jpg,quadrat_corner,4190,36,4600,428
Ta00401,20170703,Ta00401_20170703,Ta00401_20170703.jpg,quadrat_corner,4227,3105,4627,3456
Ta00401,20170703,Ta00401_20170703,Ta00401_20170703.jpg,quadrat_corner,1194,3196,1590,3456
Ta02347,20170703,Ta02347_20170703,Ta02347_20170703.jpg,quadrat,1062,46,4532,3456
Ta02347,20170703,Ta02347_20170703,Ta02347_20170703.jpg,quadrat_corner,1071,55,1476,446
Ta02347,20170703,Ta02347_20170703,Ta02347_20170703.jpg,quadrat_corner,4145,96,4568,483
Ta02347,20170703,Ta02347_20170703,Ta02347_20170703.jpg,quadrat_corner,4086,3133,4482,3456
Ta02347,20170703,Ta02347_20170703,Ta02347_20170703.jpg,quadrat_corner,1058,3119,1467,3456
Ta01044,20170703,Ta01044_20170703,Ta01044_20170703.jpg,clover,1887,1036,3368,2473
Ta01044,20170703,Ta01044_20170703,Ta01044_20170703.jpg,quadrat,1186,0,4781,3438
Ta01044,20170703,Ta01044_20170703,Ta01044_20170703.jpg,quadrat_corner,1175,0,1591,377
Ta01044,20170703,Ta01044_20170703,Ta01044_20170703.jpg,quadrat_corner,4317,0,4754,233
Ta01044,20170703,Ta01044_20170703,Ta01044_20170703.jpg,quadrat_corner,4381,2953,4786,3337
Ta01044,20170703,Ta01044_20170703,Ta01044_20170703.jpg,quadrat_corner,1336,3065,1741,3438
Ta01368,20170703,Ta01368_20170703,Ta01368_20170703.jpg,clover,1945,1482,3106,2892
Ta01368,20170703,Ta01368_20170703,Ta01368_20170703.jpg,quadrat,901,26,4416,3456
Ta01368,20170703,Ta01368_20170703,Ta01368_20170703.jpg,quadrat_corner,896,170,1285,544
Ta01368,20170703,Ta01368_20170703,Ta01368_20170703.jpg,quadrat_corner,3877,32,4277,405
Ta01368,20170703,Ta01368_20170703,Ta01368_20170703.jpg,quadrat_corner,4048,2986,4426,3386
Ta01368,20170703,Ta01368_20170703,Ta01368_20170703.jpg,quadrat_corner,1045,3173,1445,3456
Ta02066,20170703,Ta02066_20170703,Ta02066_20170703.jpg,clover,2833,467,3974,1526
Ta02066,20170703,Ta02066_20170703,Ta02066_20170703.jpg,quadrat,918,0,4582,3456
Ta02066,20170703,Ta02066_20170703,Ta02066_20170703.jpg,quadrat_corner,1021,0,1425,362
Ta02066,20170703,Ta02066_20170703,Ta02066_20170703.jpg,quadrat_corner,4060,0,4457,294
Ta02066,20170703,Ta02066_20170703,Ta02066_20170703.jpg,quadrat_corner,4164,3059,4590,3456
Ta02066,20170703,Ta02066_20170703,Ta02066_20170703.jpg,quadrat_corner,945,3039,1336,3456
Ta01794,20170703,Ta01794_20170703,Ta01794_20170703.jpg,clover,930,291,3280,2245
Ta01794,20170703,Ta01794_20170703,Ta01794_20170703.jpg,quadrat,215,18,3835,3379
Ta01794,20170703,Ta01794_20170703,Ta01794_20170703.jpg,quadrat_corner,352,9,730,364
Ta01794,20170703,Ta01794_20170703,Ta01794_20170703.jpg,quadrat_corner,3266,27,3657,373
Ta01794,20170703,Ta01794_20170703,Ta01794_20170703.jpg,quadrat_corner,3416,2932,3799,3347
Ta01794,20170703,Ta01794_20170703,Ta01794_20170703.jpg,quadrat_corner,229,2978,643,3392
Ta00478,20170703,Ta00478_20170703,Ta00478_20170703.jpg,clover,1634,1255,2384,1921
Ta00478,20170703,Ta00478_20170703,Ta00478_20170703.jpg,quadrat,460,0,4247,3429
Ta00478,20170703,Ta00478_20170703,Ta00478_20170703.jpg,quadrat_corner,647,0,1052,239
Ta00478,20170703,Ta00478_20170703,Ta00478_20170703.jpg,quadrat_corner,3730,0,4151,218
Ta00478,20170703,Ta00478_20170703,Ta00478_20170703.jpg,quadrat_corner,3826,2986,4258,3439
Ta00478,20170703,Ta00478_20170703,Ta00478_20170703.jpg,quadrat_corner,482,2975,903,3423
Ta02340,20170703,Ta02340_20170703,Ta02340_20170703.jpg,clover,1335,458,3197,1793
Ta02340,20170703,Ta02340_20170703,Ta02340_20170703.jpg,quadrat,498,0,4023,3396
Ta02340,20170703,Ta02340_20170703,Ta02340_20170703.jpg,quadrat_corner,551,0,983,340
Ta02340,20170703,Ta02340_20170703,Ta02340_20170703.jpg,quadrat_corner,3543,0,3943,329
Ta02340,20170703,Ta02340_20170703,Ta02340_20170703.jpg,quadrat_corner,3623,2974,4018,3374
Ta02340,20170703,Ta02340_20170703,Ta02340_20170703.jpg,quadrat_corner,476,2985,876,3401
Ta01571,20170703,Ta01571_20170703,Ta01571_20170703.jpg,clover,1366,648,4017,2694
Ta01571,20170703,Ta01571_20170703,Ta01571_20170703.jpg,quadrat,634,0,4388,3426
Ta01571,20170703,Ta01571_20170703,Ta01571_20170703.jpg,quadrat_corner,804,0,1188,359
Ta01571,20170703,Ta01571_20170703,Ta01571_20170703.jpg,quadrat_corner,3818,0,4234,274
Ta01571,20170703,Ta01571_20170703,Ta01571_20170703.jpg,quadrat_corner,3962,2967,4415,3431
Ta01571,20170703,Ta01571_20170703,Ta01571_20170703.jpg,quadrat_corner,623,3010,1044,3456
Ta02204,20170608,Ta02204_20170608,Ta02204_20170608.jpg,clover,2141,1310,3266,2146
Ta02204,20170608,Ta02204_20170608,Ta02204_20170608.jpg,quadrat,1207,269,4183,3245
Ta02204,20170608,Ta02204_20170608,Ta02204_20170608.jpg,quadrat_corner,1202,343,1532,669
Ta02204,20170608,Ta02204_20170608,Ta02204_20170608.jpg,quadrat_corner,3775,276,4131,584
Ta02204,20170608,Ta02204_20170608,Ta02204_20170608.jpg,quadrat_corner,3847,2847,4172,3182
Ta02204,20170608,Ta02204_20170608,Ta02204_20170608.jpg,quadrat_corner,1300,2916,1630,3253
Ta01765,20170703,Ta01765_20170703,Ta01765_20170703.jpg,clover,1426,118,3521,2340
Ta01765,20170703,Ta01765_20170703,Ta01765_20170703.jpg,quadrat,552,0,4149,3397
Ta01765,20170703,Ta01765_20170703,Ta01765_20170703.jpg,quadrat_corner,620,0,994,351
Ta01765,20170703,Ta01765_20170703,Ta01765_20170703.jpg,quadrat_corner,3566,0,3972,219
Ta01765,20170703,Ta01765_20170703,Ta01765_20170703.jpg,quadrat_corner,3739,2869,4140,3310
Ta01765,20170703,Ta01765_20170703,Ta01765_20170703.jpg,quadrat_corner,561,2969,944,3383
Ta01838,20170703,Ta01838_20170703,Ta01838_20170703.jpg,clover,1326,301,3371,2504
Ta01838,20170703,Ta01838_20170703,Ta01838_20170703.jpg,quadrat,415,0,4086,3365
Ta01838,20170703,Ta01838_20170703,Ta01838_20170703.jpg,quadrat_corner,575,32,948,355
Ta01838,20170703,Ta01838_20170703,Ta01838_20170703.jpg,quadrat_corner,3484,0,3885,296
Ta01838,20170703,Ta01838_20170703,Ta01838_20170703.jpg,quadrat_corner,3689,2905,4072,3315
Ta01838,20170703,Ta01838_20170703,Ta01838_20170703.jpg,quadrat_corner,420,2946,862,3379
Ta01439,20170703,Ta01439_20170703,Ta01439_20170703.jpg,clover,1104,658,4027,3319
Ta01439,20170703,Ta01439_20170703,Ta01439_20170703.jpg,quadrat,673,55,4292,3456
Ta01439,20170703,Ta01439_20170703,Ta01439_20170703.jpg,quadrat_corner,845,55,1221,399
Ta01439,20170703,Ta01439_20170703,Ta01439_20170703.jpg,quadrat_corner,3821,79,4217,413
Ta01439,20170703,Ta01439_20170703,Ta01439_20170703.jpg,quadrat_corner,3911,3101,4301,3456
Ta01439,20170703,Ta01439_20170703,Ta01439_20170703.jpg,quadrat_corner,667,3045,1055,3456
Ta01843,20170703,Ta01843_20170703,Ta01843_20170703.jpg,clover,1360,591,2751,2011
Ta01843,20170703,Ta01843_20170703,Ta01843_20170703.jpg,quadrat,466,0,4246,3456
Ta01843,20170703,Ta01843_20170703,Ta01843_20170703.jpg,quadrat_corner,574,0,974,305
Ta01843,20170703,Ta01843_20170703,Ta01843_20170703.jpg,quadrat_corner,3654,0,4046,265
Ta01843,20170703,Ta01843_20170703,Ta01843_20170703.jpg,quadrat_corner,3842,2993,4242,3425
Ta01843,20170703,Ta01843_20170703,Ta01843_20170703.jpg,quadrat_corner,474,3073,910,3456
Ta01599,20170703,Ta01599_20170703,Ta01599_20170703.jpg,clover,1308,160,3774,2935
Ta01599,20170703,Ta01599_20170703,Ta01599_20170703.jpg,quadrat,365,0,4118,3374
Ta01599,20170703,Ta01599_20170703,Ta01599_20170703.jpg,quadrat_corner,554,0,930,309
Ta01599,20170703,Ta01599_20170703,Ta01599_20170703.jpg,quadrat_corner,3564,0,3937,288
Ta01599,20170703,Ta01599_20170703,Ta01599_20170703.jpg,quadrat_corner,3710,2941,4118,3372
Ta01599,20170703,Ta01599_20170703,Ta01599_20170703.jpg,quadrat_corner,370,2961,769,3389
Ta00475,20170703,Ta00475_20170703,Ta00475_20170703.jpg,clover,2073,140,3457,1710
Ta00475,20170703,Ta00475_20170703,Ta00475_20170703.jpg,quadrat,615,0,4118,3379
Ta00475,20170703,Ta00475_20170703,Ta00475_20170703.jpg,quadrat_corner,702,64,1078,418
Ta00475,20170703,Ta00475_20170703,Ta00475_20170703.jpg,quadrat_corner,3621,0,4009,318
Ta00475,20170703,Ta00475_20170703,Ta00475_20170703.jpg,quadrat_corner,3718,2972,4114,3379
Ta00475,20170703,Ta00475_20170703,Ta00475_20170703.jpg,quadrat_corner,604,2999,973,3386
Ta00380,20170703,Ta00380_20170703,Ta00380_20170703.jpg,clover,1725,514,3590,2208
Ta00380,20170703,Ta00380_20170703,Ta00380_20170703.jpg,quadrat,641,18,4169,3401
Ta00380,20170703,Ta00380_20170703,Ta00380_20170703.jpg,quadrat_corner,762,22,1135,363
Ta00380,20170703,Ta00380_20170703,Ta00380_20170703.jpg,quadrat_corner,3703,22,4090,367
Ta00380,20170703,Ta00380_20170703,Ta00380_20170703.jpg,quadrat_corner,3779,3015,4176,3404
Ta00380,20170703,Ta00380_20170703,Ta00380_20170703.jpg,quadrat_corner,641,3008,1031,3408
Ta02249,20170608,Ta02249_20170608,Ta02249_20170608.jpg,clover,2047,960,3122,2105
Ta02249,20170608,Ta02249_20170608,Ta02249_20170608.jpg,quadrat,1190,314,4166,3276
Ta02249,20170608,Ta02249_20170608,Ta02249_20170608.jpg,quadrat_corner,1190,320,1532,648
Ta02249,20170608,Ta02249_20170608,Ta02249_20170608.jpg,quadrat_corner,3838,322,4164,631
Ta02249,20170608,Ta02249_20170608,Ta02249_20170608.jpg,quadrat_corner,3820,2907,4136,3221
Ta02249,20170608,Ta02249_20170608,Ta02249_20170608.jpg,quadrat_corner,1264,2943,1589,3257
Ta02268,20170703,Ta02268_20170703,Ta02268_20170703.jpg,clover,1839,629,3020,1992
Ta02268,20170703,Ta02268_20170703,Ta02268_20170703.jpg,quadrat,946,0,4622,3456
Ta02268,20170703,Ta02268_20170703,Ta02268_20170703.jpg,quadrat_corner,983,38,1351,383
Ta02268,20170703,Ta02268_20170703,Ta02268_20170703.jpg,quadrat_corner,4022,0,4393,318
Ta02268,20170703,Ta02268_20170703,Ta02268_20170703.jpg,quadrat_corner,4226,2994,4620,3422
Ta02268,20170703,Ta02268_20170703,Ta02268_20170703.jpg,quadrat_corner,949,3100,1338,3456
Ta01858,20170703,Ta01858_20170703,Ta01858_20170703.jpg,clover,2063,996,2823,1878
Ta01858,20170703,Ta01858_20170703,Ta01858_20170703.jpg,quadrat,666,0,4230,3345
Ta01858,20170703,Ta01858_20170703,Ta01858_20170703.jpg,quadrat_corner,787,0,1153,340
Ta01858,20170703,Ta01858_20170703,Ta01858_20170703.jpg,quadrat_corner,3738,0,4104,286
Ta01858,20170703,Ta01858_20170703,Ta01858_20170703.jpg,quadrat_corner,3839,2940,4227,3340
Ta01858,20170703,Ta01858_20170703,Ta01858_20170703.jpg,quadrat_corner,668,2959,1046,3352
Ta01508,20170703,Ta01508_20170703,Ta01508_20170703.jpg,clover,1518,125,3497,2280
Ta01508,20170703,Ta01508_20170703,Ta01508_20170703.jpg,quadrat,393,0,4057,3456
Ta01508,20170703,Ta01508_20170703,Ta01508_20170703.jpg,quadrat_corner,499,54,881,397
Ta01508,20170703,Ta01508_20170703,Ta01508_20170703.jpg,quadrat_corner,3527,0,3921,318
Ta01508,20170703,Ta01508_20170703,Ta01508_20170703.jpg,quadrat_corner,3642,3054,4045,3456
Ta01508,20170703,Ta01508_20170703,Ta01508_20170703.jpg,quadrat_corner,399,3109,781,3456
Ta01415,20170703,Ta01415_20170703,Ta01415_20170703.jpg,clover,1788,1004,4144,2382
Ta01415,20170703,Ta01415_20170703,Ta01415_20170703.jpg,quadrat,1121,130,4745,3456
Ta01415,20170703,Ta01415_20170703,Ta01415_20170703.jpg,quadrat_corner,1241,192,1607,540
Ta01415,20170703,Ta01415_20170703,Ta01415_20170703.jpg,quadrat_corner,4217,116,4614,481
Ta01415,20170703,Ta01415_20170703,Ta01415_20170703.jpg,quadrat_corner,4338,3206,4759,3456
Ta01415,20170703,Ta01415_20170703,Ta01415_20170703.jpg,quadrat_corner,1134,3192,1497,3456
Ta01693,20170703,Ta01693_20170703,Ta01693_20170703.jpg,clover,2091,485,3551,1953
Ta01693,20170703,Ta01693_20170703,Ta01693_20170703.jpg,quadrat,683,0,4135,3377
Ta01693,20170703,Ta01693_20170703,Ta01693_20170703.jpg,quadrat_corner,880,11,1245,339
Ta01693,20170703,Ta01693_20170703,Ta01693_20170703.jpg,quadrat_corner,3745,59,4132,421
Ta01693,20170703,Ta01693_20170703,Ta01693_20170703.jpg,quadrat_corner,3728,2977,4139,3366
Ta01693,20170703,Ta01693_20170703,Ta01693_20170703.jpg,quadrat_corner,687,2897,1052,3287
Ta01470,20170703,Ta01470_20170703,Ta01470_20170703.jpg,clover,1576,917,3279,2900
Ta01470,20170703,Ta01470_20170703,Ta01470_20170703.jpg,quadrat,755,0,4336,3290
Ta01470,20170703,Ta01470_20170703,Ta01470_20170703.jpg,quadrat_corner,845,0,1221,300
Ta01470,20170703,Ta01470_20170703,Ta01470_20170703.jpg,quadrat_corner,3768,0,4141,245
Ta01470,20170703,Ta01470_20170703,Ta01470_20170703.jpg,quadrat_corner,3928,2798,4324,3203
Ta01470,20170703,Ta01470_20170703,Ta01470_20170703.jpg,quadrat_corner,766,2885,1157,3296
Ta01793,20170703,Ta01793_20170703,Ta01793_20170703.jpg,clover,1604,416,3648,2366
Ta01793,20170703,Ta01793_20170703,Ta01793_20170703.jpg,quadrat,732,0,4204,3346
Ta01793,20170703,Ta01793_20170703,Ta01793_20170703.jpg,quadrat_corner,780,66,1156,402
Ta01793,20170703,Ta01793_20170703,Ta01793_20170703.jpg,quadrat_corner,3684,0,4064,330
Ta01793,20170703,Ta01793_20170703,Ta01793_20170703.jpg,quadrat_corner,3832,2894,4200,3246
Ta01793,20170703,Ta01793_20170703,Ta01793_20170703.jpg,quadrat_corner,704,2970,1092,3362
Ta02090,20170703,Ta02090_20170703,Ta02090_20170703.jpg,clover,1448,832,3308,2396
Ta02090,20170703,Ta02090_20170703,Ta02090_20170703.jpg,quadrat,800,161,4300,3456
Ta02090,20170703,Ta02090_20170703,Ta02090_20170703.jpg,quadrat_corner,810,219,1190,588
Ta02090,20170703,Ta02090_20170703,Ta02090_20170703.jpg,quadrat_corner,3848,143,4221,530
Ta02090,20170703,Ta02090_20170703,Ta02090_20170703.jpg,quadrat_corner,3910,3167,4293,3456
Ta02090,20170703,Ta02090_20170703,Ta02090_20170703.jpg,quadrat_corner,879,3278,1262,3456
Ta02079,20170703,Ta02079_20170703,Ta02079_20170703.jpg,clover,1814,543,3032,1827
Ta02079,20170703,Ta02079_20170703,Ta02079_20170703.jpg,quadrat,226,0,3950,3391
Ta02079,20170703,Ta02079_20170703,Ta02079_20170703.jpg,quadrat_corner,394,0,802,175
Ta02079,20170703,Ta02079_20170703,Ta02079_20170703.jpg,quadrat_corner,3470,0,3882,219
Ta02079,20170703,Ta02079_20170703,Ta02079_20170703.jpg,quadrat_corner,3522,2971,3938,3395
Ta02079,20170703,Ta02079_20170703,Ta02079_20170703.jpg,quadrat_corner,230,2935,630,3347
Ta02318,20170703,Ta02318_20170703,Ta02318_20170703.jpg,clover,1512,221,3789,2358
Ta02318,20170703,Ta02318_20170703,Ta02318_20170703.jpg,quadrat,906,0,4485,3398
Ta02318,20170703,Ta02318_20170703,Ta02318_20170703.jpg,quadrat_corner,994,0,1369,317
Ta02318,20170703,Ta02318_20170703,Ta02318_20170703.jpg,quadrat_corner,3995,0,4353,303
Ta02318,20170703,Ta02318_20170703,Ta02318_20170703.jpg,quadrat_corner,4092,3008,4483,3365
Ta02318,20170703,Ta02318_20170703,Ta02318_20170703.jpg,quadrat_corner,916,3001,1298,3408
Ta02329,20170608,Ta02329_20170608,Ta02329_20170608.jpg,clover,2388,742,3745,2026
Ta02329,20170608,Ta02329_20170608,Ta02329_20170608.jpg,quadrat,1279,0,4231,2882
Ta02329,20170608,Ta02329_20170608,Ta02329_20170608.jpg,quadrat_corner,1296,0,1620,224
Ta02329,20170608,Ta02329_20170608,Ta02329_20170608.jpg,quadrat_corner,3899,0,4231,306
Ta02329,20170608,Ta02329_20170608,Ta02329_20170608.jpg,quadrat_corner,3786,2571,4118,2868
Ta02329,20170608,Ta02329_20170608,Ta02329_20170608.jpg,quadrat_corner,1270,2475,1590,2807
Ta01603,20170703,Ta01603_20170703,Ta01603_20170703.jpg,clover,1479,414,2947,2290
Ta01603,20170703,Ta01603_20170703,Ta01603_20170703.jpg,quadrat,451,0,3997,3304
Ta01603,20170703,Ta01603_20170703,Ta01603_20170703.jpg,quadrat_corner,603,0,975,332
Ta01603,20170703,Ta01603_20170703,Ta01603_20170703.jpg,quadrat_corner,3518,0,3894,289
Ta01603,20170703,Ta01603_20170703,Ta01603_20170703.jpg,quadrat_corner,3591,2895,4000,3307
Ta01603,20170703,Ta01603_20170703,Ta01603_20170703.jpg,quadrat_corner,457,2907,824,3307
Ta01874,20170703,Ta01874_20170703,Ta01874_20170703.jpg,clover,1291,1060,3061,2789
Ta01874,20170703,Ta01874_20170703,Ta01874_20170703.jpg,quadrat,740,0,4330,3372
Ta01874,20170703,Ta01874_20170703,Ta01874_20170703.jpg,quadrat_corner,758,0,1165,236
Ta01874,20170703,Ta01874_20170703,Ta01874_20170703.jpg,quadrat_corner,3928,0,4330,247
Ta01874,20170703,Ta01874_20170703,Ta01874_20170703.jpg,quadrat_corner,3885,2955,4269,3325
Ta01874,20170703,Ta01874_20170703,Ta01874_20170703.jpg,quadrat_corner,839,3002,1229,3380
Ta01550,20170703,Ta01550_20170703,Ta01550_20170703.jpg,clover,1815,38,3221,1618
Ta01550,20170703,Ta01550_20170703,Ta01550_20170703.jpg,quadrat,247,0,3858,3435
Ta01550,20170703,Ta01550_20170703,Ta01550_20170703.jpg,quadrat_corner,454,0,827,283
Ta01550,20170703,Ta01550_20170703,Ta01550_20170703.jpg,quadrat_corner,3447,0,3823,325
Ta01550,20170703,Ta01550_20170703,Ta01550_20170703.jpg,quadrat_corner,3465,3038,3861,3435
Ta01550,20170703,Ta01550_20170703,Ta01550_20170703.jpg,quadrat_corner,251,2959,634,3376
Ta01701,20170703,Ta01701_20170703,Ta01701_20170703.jpg,clover,1919,413,3690,2446
Ta01701,20170703,Ta01701_20170703,Ta01701_20170703.jpg,quadrat,764,0,4333,3386
Ta01701,20170703,Ta01701_20170703,Ta01701_20170703.jpg,quadrat_corner,918,0,1273,329
Ta01701,20170703,Ta01701_20170703,Ta01701_20170703.jpg,quadrat_corner,3870,0,4252,297
Ta01701,20170703,Ta01701_20170703,Ta01701_20170703.jpg,quadrat_corner,3917,2984,4327,3383
Ta01701,20170703,Ta01701_20170703,Ta01701_20170703.jpg,quadrat_corner,758,2955,1139,3357
Ta00628,20170703,Ta00628_20170703,Ta00628_20170703.jpg,clover,1392,140,3748,2882
Ta00628,20170703,Ta00628_20170703,Ta00628_20170703.jpg,quadrat,813,61,4310,3398
Ta00628,20170703,Ta00628_20170703,Ta00628_20170703.jpg,quadrat_corner,909,67,1282,413
Ta00628,20170703,Ta00628_20170703,Ta00628_20170703.jpg,quadrat_corner,3821,67,4182,408
Ta00628,20170703,Ta00628_20170703,Ta00628_20170703.jpg,quadrat_corner,3937,3008,4316,3395
Ta00628,20170703,Ta00628_20170703,Ta00628_20170703.jpg,quadrat_corner,810,3022,1189,3404
Ta00049,20170703,Ta00049_20170703,Ta00049_20170703.jpg,clover,1844,274,3439,2003
Ta00049,20170703,Ta00049_20170703,Ta00049_20170703.jpg,quadrat,653,23,4292,3456
Ta00049,20170703,Ta00049_20170703,Ta00049_20170703.jpg,quadrat_corner,845,111,1203,440
Ta00049,20170703,Ta00049_20170703,Ta00049_20170703.jpg,quadrat_corner,3794,17,4176,344
Ta00049,20170703,Ta00049_20170703,Ta00049_20170703.jpg,quadrat_corner,3891,3051,4295,3456
Ta00049,20170703,Ta00049_20170703,Ta00049_20170703.jpg,quadrat_corner,655,3046,1039,3456
Ta00787,20170703,Ta00787_20170703,Ta00787_20170703.jpg,clover,2077,1170,3632,2516
Ta00787,20170703,Ta00787_20170703,Ta00787_20170703.jpg,quadrat,551,160,4068,3456
Ta00787,20170703,Ta00787_20170703,Ta00787_20170703.jpg,quadrat_corner,740,151,1107,489
Ta00787,20170703,Ta00787_20170703,Ta00787_20170703.jpg,quadrat_corner,3617,186,3969,501
Ta00787,20170703,Ta00787_20170703,Ta00787_20170703.jpg,quadrat_corner,3693,3054,4089,3456
Ta00787,20170703,Ta00787_20170703,Ta00787_20170703.jpg,quadrat_corner,560,3040,927,3436
Ta01985,20170703,Ta01985_20170703,Ta01985_20170703.jpg,clover,2065,451,3643,2341
Ta01985,20170703,Ta01985_20170703,Ta01985_20170703.jpg,quadrat,969,0,4811,3456
Ta01985,20170703,Ta01985_20170703,Ta01985_20170703.jpg,quadrat_corner,1145,0,1536,305
Ta01985,20170703,Ta01985_20170703,Ta01985_20170703.jpg,quadrat_corner,4275,0,4657,308
Ta01985,20170703,Ta01985_20170703,Ta01985_20170703.jpg,quadrat_corner,4393,3090,4805,3456
Ta01985,20170703,Ta01985_20170703,Ta01985_20170703.jpg,quadrat_corner,963,3056,1390,3456
Ta00097,20170703,Ta00097_20170703,Ta00097_20170703.jpg,clover,1293,940,3911,2664
Ta00097,20170703,Ta00097_20170703,Ta00097_20170703.jpg,quadrat,653,0,4278,3412
Ta00097,20170703,Ta00097_20170703,Ta00097_20170703.jpg,quadrat_corner,810,0,1194,332
Ta00097,20170703,Ta00097_20170703,Ta00097_20170703.jpg,quadrat_corner,3797,0,4176,306
Ta00097,20170703,Ta00097_20170703,Ta00097_20170703.jpg,quadrat_corner,3882,2996,4284,3404
Ta00097,20170703,Ta00097_20170703,Ta00097_20170703.jpg,quadrat_corner,647,2961,1040,3383
Ta00964,20170703,Ta00964_20170703,Ta00964_20170703.jpg,clover,1931,1629,3199,2933
Ta00964,20170703,Ta00964_20170703,Ta00964_20170703.jpg,quadrat,1101,192,4567,3456
Ta00964,20170703,Ta00964_20170703,Ta00964_20170703.jpg,quadrat_corner,1115,230,1480,606
Ta00964,20170703,Ta00964_20170703,Ta00964_20170703.jpg,quadrat_corner,4136,192,4518,558
Ta00964,20170703,Ta00964_20170703,Ta00964_20170703.jpg,quadrat_corner,4177,3220,4542,3456
Ta00964,20170703,Ta00964_20170703,Ta00964_20170703.jpg,quadrat_corner,1146,3258,1532,3456
Ta02256,20170608,Ta02256_20170608,Ta02256_20170608.jpg,clover,2319,1114,3319,2576
Ta02256,20170608,Ta02256_20170608,Ta02256_20170608.jpg,quadrat,1171,110,4144,3088
Ta02256,20170608,Ta02256_20170608,Ta02256_20170608.jpg,quadrat_corner,1168,201,1493,534
Ta02256,20170608,Ta02256_20170608,Ta02256_20170608.jpg,quadrat_corner,3738,110,4096,425
Ta02256,20170608,Ta02256_20170608,Ta02256_20170608.jpg,quadrat_corner,3820,2667,4141,2995
Ta02256,20170608,Ta02256_20170608,Ta02256_20170608.jpg,quadrat_corner,1308,2782,1626,3092
Ta01963,20170703,Ta01963_20170703,Ta01963_20170703.jpg,clover,1698,789,3448,2507
Ta01963,20170703,Ta01963_20170703,Ta01963_20170703.jpg,quadrat,766,105,4324,3418
Ta01963,20170703,Ta01963_20170703,Ta01963_20170703.jpg,quadrat_corner,938,111,1308,437
Ta01963,20170703,Ta01963_20170703,Ta01963_20170703.jpg,quadrat_corner,3838,102,4211,434
Ta01963,20170703,Ta01963_20170703,Ta01963_20170703.jpg,quadrat_corner,3943,3016,4330,3418
Ta01963,20170703,Ta01963_20170703,Ta01963_20170703.jpg,quadrat_corner,766,2999,1139,3395
Ta00978,20170703,Ta00978_20170703,Ta00978_20170703.jpg,clover,1780,1619,2828,2425
Ta00978,20170703,Ta00978_20170703,Ta00978_20170703.jpg,quadrat,1090,0,4581,3456
Ta00978,20170703,Ta00978_20170703,Ta00978_20170703.jpg,quadrat_corner,1090,93,1468,457
Ta00978,20170703,Ta00978_20170703,Ta00978_20170703.jpg,quadrat_corner,4115,0,4493,355
Ta00978,20170703,Ta00978_20170703,Ta00978_20170703.jpg,quadrat_corner,4217,3002,4583,3377
Ta00978,20170703,Ta00978_20170703,Ta00978_20170703.jpg,quadrat_corner,1206,3115,1585,3456
Ta02153,20170703,Ta02153_20170703,Ta02153_20170703.jpg,quadrat,1093,151,4307,3241
Ta02153,20170703,Ta02153_20170703,Ta02153_20170703.jpg,quadrat_corner,1183,178,1526,498
Ta02153,20170703,Ta02153_20170703,Ta02153_20170703.jpg,quadrat_corner,3867,146,4214,469
Ta02153,20170703,Ta02153_20170703,Ta02153_20170703.jpg,quadrat_corner,3937,2871,4304,3241
Ta02153,20170703,Ta02153_20170703,Ta02153_20170703.jpg,quadrat_corner,1084,2865,1439,3238
Ta01886,20170703,Ta01886_20170703,Ta01886_20170703.jpg,clover,950,550,3136,2827
Ta01886,20170703,Ta01886_20170703,Ta01886_20170703.jpg,quadrat,304,114,3829,3412
Ta01886,20170703,Ta01886_20170703,Ta01886_20170703.jpg,quadrat_corner,458,114,845,445
Ta01886,20170703,Ta01886_20170703,Ta01886_20170703.jpg,quadrat_corner,3346,119,3704,434
Ta01886,20170703,Ta01886_20170703,Ta01886_20170703.jpg,quadrat_corner,3463,2979,3841,3386
Ta01886,20170703,Ta01886_20170703,Ta01886_20170703.jpg,quadrat_corner,309,3002,679,3409
Ta00883,20170703,Ta00883_20170703,Ta00883_20170703.jpg,clover,909,203,3412,3188
Ta00883,20170703,Ta00883_20170703,Ta00883_20170703.jpg,quadrat,675,72,4175,3456
Ta00883,20170703,Ta00883_20170703,Ta00883_20170703.jpg,quadrat_corner,754,103,1126,455
Ta00883,20170703,Ta00883_20170703,Ta00883_20170703.jpg,quadrat_corner,3712,65,4088,424
Ta00883,20170703,Ta00883_20170703,Ta00883_20170703.jpg,quadrat_corner,3792,3096,4168,3456
Ta00883,20170703,Ta00883_20170703,Ta00883_20170703.jpg,quadrat_corner,664,3090,1044,3456
Ta00243,20170703,Ta00243_20170703,Ta00243_20170703.jpg,clover,1550,282,3428,2818
Ta00243,20170703,Ta00243_20170703,Ta00243_20170703.jpg,quadrat,944,0,4441,3456
Ta00243,20170703,Ta00243_20170703,Ta00243_20170703.jpg,quadrat_corner,953,0,1343,370
Ta00243,20170703,Ta00243_20170703,Ta00243_20170703.jpg,quadrat_corner,4068,0,4450,364
Ta00243,20170703,Ta00243_20170703,Ta00243_20170703.jpg,quadrat_corner,4036,3043,4426,3412
Ta00243,20170703,Ta00243_20170703,Ta00243_20170703.jpg,quadrat_corner,1017,3089,1395,3456
Ta00647,20170703,Ta00647_20170703,Ta00647_20170703.jpg,clover,1235,457,3410,2428
Ta00647,20170703,Ta00647_20170703,Ta00647_20170703.jpg,quadrat,516,23,4089,3456
Ta00647,20170703,Ta00647_20170703,Ta00647_20170703.jpg,quadrat_corner,510,157,909,536
Ta00647,20170703,Ta00647_20170703,Ta00647_20170703.jpg,quadrat_corner,3547,12,3955,393
Ta00647,20170703,Ta00647_20170703,Ta00647_20170703.jpg,quadrat_corner,3710,3028,4091,3415
Ta00647,20170703,Ta00647_20170703,Ta00647_20170703.jpg,quadrat_corner,676,3226,1072,3456
Ta00694,20170703,Ta00694_20170703,Ta00694_20170703.jpg,clover,1568,537,3678,2426
Ta00694,20170703,Ta00694_20170703,Ta00694_20170703.jpg,quadrat,956,0,4524,3409
Ta00694,20170703,Ta00694_20170703,Ta00694_20170703.jpg,quadrat_corner,1040,0,1424,353
Ta00694,20170703,Ta00694_20170703,Ta00694_20170703.jpg,quadrat_corner,4031,0,4421,322
Ta00694,20170703,Ta00694_20170703,Ta00694_20170703.jpg,quadrat_corner,4125,2994,4537,3425
Ta00694,20170703,Ta00694_20170703,Ta00694_20170703.jpg,quadrat_corner,969,3000,1340,3397
Ta01012,20170703,Ta01012_20170703,Ta01012_20170703.jpg,clover,931,1255,3444,3156
Ta01012,20170703,Ta01012_20170703,Ta01012_20170703.jpg,quadrat,313,0,4037,3378
Ta01012,20170703,Ta01012_20170703,Ta01012_20170703.jpg,quadrat_corner,585,0,959,272
Ta01012,20170703,Ta01012_20170703,Ta01012_20170703.jpg,quadrat_corner,3563,0,3972,297
Ta01012,20170703,Ta01012_20170703,Ta01012_20170703.jpg,quadrat_corner,3616,2966,4037,3400
Ta01012,20170703,Ta01012_20170703,Ta01012_20170703.jpg,quadrat_corner,316,2894,719,3319
Ta02148,20170703,Ta02148_20170703,Ta02148_20170703.jpg,quadrat,466,75,4109,3456
Ta02148,20170703,Ta02148_20170703,Ta02148_20170703.jpg,quadrat_corner,569,87,953,425
Ta02148,20170703,Ta02148_20170703,Ta02148_20170703.jpg,quadrat_corner,3560,87,3950,440
Ta02148,20170703,Ta02148_20170703,Ta02148_20170703.jpg,quadrat_corner,3719,3069,4119,3456
Ta02148,20170703,Ta02148_20170703,Ta02148_20170703.jpg,quadrat_corner,463,3119,884,3456
Ta01827,20170703,Ta01827_20170703,Ta01827_20170703.jpg,clover,2077,556,3569,2822
Ta01827,20170703,Ta01827_20170703,Ta01827_20170703.jpg,quadrat,944,100,4599,3403
Ta01827,20170703,Ta01827_20170703,Ta01827_20170703.jpg,quadrat_corner,1172,109,1549,418
Ta01827,20170703,Ta01827_20170703,Ta01827_20170703.jpg,quadrat_corner,4084,112,4450,437
Ta01827,20170703,Ta01827_20170703,Ta01827_20170703.jpg,quadrat_corner,4187,2975,4615,3409
Ta01827,20170703,Ta01827_20170703,Ta01827_20170703.jpg,quadrat_corner,950,2932,1328,3344
Ta02065,20170703,Ta02065_20170703,Ta02065_20170703.jpg,clover,2015,1836,2643,2463
Ta02065,20170703,Ta02065_20170703,Ta02065_20170703.jpg,quadrat,836,152,4276,3456
Ta02065,20170703,Ta02065_20170703,Ta02065_20170703.jpg,quadrat_corner,840,144,1236,524
Ta02065,20170703,Ta02065_20170703,Ta02065_20170703.jpg,quadrat_corner,3908,144,4292,524
Ta02065,20170703,Ta02065_20170703,Ta02065_20170703.jpg,quadrat_corner,3916,3196,4280,3456
Ta02065,20170703,Ta02065_20170703,Ta02065_20170703.jpg,quadrat_corner,868,3232,1248,3456
Ta02368,20170703,Ta02368_20170703,Ta02368_20170703.jpg,clover,1696,668,3385,2304
Ta02368,20170703,Ta02368_20170703,Ta02368_20170703.jpg,quadrat,1044,22,4534,3350
Ta02368,20170703,Ta02368_20170703,Ta02368_20170703.jpg,quadrat_corner,1181,84,1556,421
Ta02368,20170703,Ta02368_20170703,Ta02368_20170703.jpg,quadrat_corner,4056,31,4425,365
Ta02368,20170703,Ta02368_20170703,Ta02368_20170703.jpg,quadrat_corner,4156,2969,4546,3353
Ta02368,20170703,Ta02368_20170703,Ta02368_20170703.jpg,quadrat_corner,1056,2928,1428,3319
Ta01495,20170703,Ta01495_20170703,Ta01495_20170703.jpg,clover,1009,97,3619,2847
Ta01495,20170703,Ta01495_20170703,Ta01495_20170703.jpg,quadrat,563,0,4231,3456
Ta01495,20170703,Ta01495_20170703,Ta01495_20170703.jpg,quadrat_corner,666,31,1031,381
Ta01495,20170703,Ta01495_20170703,Ta01495_20170703.jpg,quadrat_corner,3713,0,4094,347
Ta01495,20170703,Ta01495_20170703,Ta01495_20170703.jpg,quadrat_corner,3853,3094,4231,3456
Ta01495,20170703,Ta01495_20170703,Ta01495_20170703.jpg,quadrat_corner,578,3131,956,3456
Ta01783,20170703,Ta01783_20170703,Ta01783_20170703.jpg,clover,1662,403,3391,2285
Ta01783,20170703,Ta01783_20170703,Ta01783_20170703.jpg,quadrat,522,0,4103,3375
Ta01783,20170703,Ta01783_20170703,Ta01783_20170703.jpg,quadrat_corner,653,6,1044,356
Ta01783,20170703,Ta01783_20170703,Ta01783_20170703.jpg,quadrat_corner,3610,0,3978,347
Ta01783,20170703,Ta01783_20170703,Ta01783_20170703.jpg,quadrat_corner,3710,2975,4094,3384
Ta01783,20170703,Ta01783_20170703,Ta01783_20170703.jpg,quadrat_corner,525,2978,912,3390
Ta00328,20170703,Ta00328_20170703,Ta00328_20170703.jpg,clover,2055,812,3909,2519
Ta00328,20170703,Ta00328_20170703,Ta00328_20170703.jpg,quadrat,544,0,4375,3456
Ta00328,20170703,Ta00328_20170703,Ta00328_20170703.jpg,quadrat_corner,784,0,1184,306
Ta00328,20170703,Ta00328_20170703,Ta00328_20170703.jpg,quadrat_corner,3881,0,4268,322
Ta00328,20170703,Ta00328_20170703,Ta00328_20170703.jpg,quadrat_corner,3944,3056,4368,3456
Ta00328,20170703,Ta00328_20170703,Ta00328_20170703.jpg,quadrat_corner,547,3000,956,3437
Ta02200,20170608,Ta02200_20170608,Ta02200_20170608.jpg,clover,1996,1377,2914,2170
Ta02200,20170608,Ta02200_20170608,Ta02200_20170608.jpg,quadrat,1196,347,4128,3284
Ta02200,20170608,Ta02200_20170608,Ta02200_20170608.jpg,quadrat_corner,1196,387,1509,709
Ta02200,20170608,Ta02200_20170608,Ta02200_20170608.jpg,quadrat_corner,3775,340,4103,659
Ta02200,20170608,Ta02200_20170608,Ta02200_20170608.jpg,quadrat_corner,3822,2913,4128,3234
Ta02200,20170608,Ta02200_20170608,Ta02200_20170608.jpg,quadrat_corner,1265,2975,1593,3284
Ta02366,20170703,Ta02366_20170703,Ta02366_20170703.jpg,clover,2021,1214,3173,2548
Ta02366,20170703,Ta02366_20170703,Ta02366_20170703.jpg,quadrat,1081,131,4568,3456
Ta02366,20170703,Ta02366_20170703,Ta02366_20170703.jpg,quadrat_corner,1081,259,1449,631
Ta02366,20170703,Ta02366_20170703,Ta02366_20170703.jpg,quadrat_corner,4075,128,4446,490
Ta02366,20170703,Ta02366_20170703,Ta02366_20170703.jpg,quadrat_corner,4219,3125,4584,3456
Ta02366,20170703,Ta02366_20170703,Ta02366_20170703.jpg,quadrat_corner,1206,3266,1587,3456
Ta02066,20170608,Ta02066_20170608,Ta02066_20170608.jpg,clover,2462,1482,3264,2156
Ta02066,20170608,Ta02066_20170608,Ta02066_20170608.jpg,quadrat,1350,369,4394,3342
Ta02066,20170608,Ta02066_20170608,Ta02066_20170608.jpg,quadrat_corner,1343,418,1681,776
Ta02066,20170608,Ta02066_20170608,Ta02066_20170608.jpg,quadrat_corner,4053,363,4398,707
Ta02066,20170608,Ta02066_20170608,Ta02066_20170608.jpg,quadrat_corner,4036,3001,4360,3307
Ta02066,20170608,Ta02066_20170608,Ta02066_20170608.jpg,quadrat_corner,1456,3045,1784,3363
Ta00945,20170703,Ta00945_20170703,Ta00945_20170703.jpg,clover,1324,209,3978,2913
Ta00945,20170703,Ta00945_20170703,Ta00945_20170703.jpg,quadrat,544,0,4268,3456
Ta00945,20170703,Ta00945_20170703,Ta00945_20170703.jpg,quadrat_corner,703,28,1090,378
Ta00945,20170703,Ta00945_20170703,Ta00945_20170703.jpg,quadrat_corner,3766,0,4140,347
Ta00945,20170703,Ta00945_20170703,Ta00945_20170703.jpg,quadrat_corner,3860,3094,4272,3456
Ta00945,20170703,Ta00945_20170703,Ta00945_20170703.jpg,quadrat_corner,532,3097,934,3456
Ta01310,20170703,Ta01310_20170703,Ta01310_20170703.jpg,clover,2324,2132,3444,3103
Ta01310,20170703,Ta01310_20170703,Ta01310_20170703.jpg,quadrat,837,0,4284,3406
Ta01310,20170703,Ta01310_20170703,Ta01310_20170703.jpg,quadrat_corner,850,0,1237,318
Ta01310,20170703,Ta01310_20170703,Ta01310_20170703.jpg,quadrat_corner,3922,6,4287,375
Ta01310,20170703,Ta01310_20170703,Ta01310_20170703.jpg,quadrat_corner,3850,3028,4237,3400
Ta01310,20170703,Ta01310_20170703,Ta01310_20170703.jpg,quadrat_corner,831,3019,1221,3403
Ta02302,20170608,Ta02302_20170608,Ta02302_20170608.jpg,clover,2117,1112,3487,2828
Ta02302,20170608,Ta02302_20170608,Ta02302_20170608.jpg,quadrat,1274,613,4199,3456
Ta02302,20170608,Ta02302_20170608,Ta02302_20170608.jpg,quadrat_corner,1272,628,1593,934
Ta02302,20170608,Ta02302_20170608,Ta02302_20170608.jpg,quadrat_corner,3866,622,4208,937
Ta02302,20170608,Ta02302_20170608,Ta02302_20170608.jpg,quadrat_corner,3866,3216,4190,3456
Ta02302,20170608,Ta02302_20170608,Ta02302_20170608.jpg,quadrat_corner,1293,3231,1617,3456
Ta01661,20170703,Ta01661_20170703,Ta01661_20170703.jpg,clover,1029,365,3523,2783
Ta01661,20170703,Ta01661_20170703,Ta01661_20170703.jpg,quadrat,472,49,4117,3456
Ta01661,20170703,Ta01661_20170703,Ta01661_20170703.jpg,quadrat_corner,612,54,1001,408
Ta01661,20170703,Ta01661_20170703,Ta01661_20170703.jpg,quadrat_corner,3655,70,4029,418
Ta01661,20170703,Ta01661_20170703,Ta01661_20170703.jpg,quadrat_corner,3716,3165,4118,3456
Ta01661,20170703,Ta01661_20170703,Ta01661_20170703.jpg,quadrat_corner,480,3149,862,3456
Ta00624,20170703,Ta00624_20170703,Ta00624_20170703.jpg,clover,1177,1296,3247,3080
Ta00624,20170703,Ta00624_20170703,Ta00624_20170703.jpg,quadrat,468,0,4219,3363
Ta00624,20170703,Ta00624_20170703,Ta00624_20170703.jpg,quadrat_corner,652,0,1034,251
Ta00624,20170703,Ta00624_20170703,Ta00624_20170703.jpg,quadrat_corner,3689,0,4083,269
Ta00624,20170703,Ta00624_20170703,Ta00624_20170703.jpg,quadrat_corner,3819,2942,4228,3372
Ta00624,20170703,Ta00624_20170703,Ta00624_20170703.jpg,quadrat_corner,465,2939,871,3363
Ta02006,20170703,Ta02006_20170703,Ta02006_20170703.jpg,quadrat,440,0,4260,3456
Ta02006,20170703,Ta02006_20170703,Ta02006_20170703.jpg,quadrat_corner,627,0,1026,282
Ta02006,20170703,Ta02006_20170703,Ta02006_20170703.jpg,quadrat_corner,3777,0,4190,245
Ta02006,20170703,Ta02006_20170703,Ta02006_20170703.jpg,quadrat_corner,3844,3124,4257,3456
Ta02006,20170703,Ta02006_20170703,Ta02006_20170703.jpg,quadrat_corner,446,3086,848,3456
Ta01709,20170703,Ta01709_20170703,Ta01709_20170703.jpg,clover,1855,718,3515,2954
Ta01709,20170703,Ta01709_20170703,Ta01709_20170703.jpg,quadrat,1096,96,4568,3456
Ta01709,20170703,Ta01709_20170703,Ta01709_20170703.jpg,quadrat_corner,1114,184,1466,520
Ta01709,20170703,Ta01709_20170703,Ta01709_20170703.jpg,quadrat_corner,4134,80,4490,432
Ta01709,20170703,Ta01709_20170703,Ta01709_20170703.jpg,quadrat_corner,1211,3202,1563,3456
Ta01709,20170703,Ta01709_20170703,Ta01709_20170703.jpg,quadrat_corner,4229,3119,4570,3454
Ta02082,20170703,Ta02082_20170703,Ta02082_20170703.jpg,clover,1497,433,3363,2039
Ta02082,20170703,Ta02082_20170703,Ta02082_20170703.jpg,quadrat,416,0,4176,3447
Ta02082,20170703,Ta02082_20170703,Ta02082_20170703.jpg,quadrat_corner,542,81,918,409
Ta02082,20170703,Ta02082_20170703,Ta02082_20170703.jpg,quadrat_corner,3582,0,3982,329
Ta02082,20170703,Ta02082_20170703,Ta02082_20170703.jpg,quadrat_corner,3750,3097,4142,3456
Ta02082,20170703,Ta02082_20170703,Ta02082_20170703.jpg,quadrat_corner,406,3137,782,3456
Ta02014,20170703,Ta02014_20170703,Ta02014_20170703.jpg,clover,913,0,3847,2610
Ta02014,20170703,Ta02014_20170703,Ta02014_20170703.jpg,quadrat,617,50,4145,3456
Ta02014,20170703,Ta02014_20170703,Ta02014_20170703.jpg,quadrat_corner,737,63,1100,404
Ta02014,20170703,Ta02014_20170703,Ta02014_20170703.jpg,quadrat_corner,3719,79,4076,410
Ta02014,20170703,Ta02014_20170703,Ta02014_20170703.jpg,quadrat_corner,3771,3091,4151,3456
Ta02014,20170703,Ta02014_20170703,Ta02014_20170703.jpg,quadrat_corner,635,3087,1003,3456
Ta00141,20170703,Ta00141_20170703,Ta00141_20170703.jpg,clover,603,342,3363,2330
Ta00141,20170703,Ta00141_20170703,Ta00141_20170703.jpg,quadrat,303,40,3887,3376
Ta00141,20170703,Ta00141_20170703,Ta00141_20170703.jpg,quadrat_corner,431,80,799,384
Ta00141,20170703,Ta00141_20170703,Ta00141_20170703.jpg,quadrat_corner,3335,40,3703,360
Ta00141,20170703,Ta00141_20170703,Ta00141_20170703.jpg,quadrat_corner,3503,2928,3887,3344
Ta00141,20170703,Ta00141_20170703,Ta00141_20170703.jpg,quadrat_corner,311,3008,687,3384
Ta00388,20170703,Ta00388_20170703,Ta00388_20170703.jpg,clover,1743,214,3460,2271
Ta00388,20170703,Ta00388_20170703,Ta00388_20170703.jpg,quadrat,1218,27,4657,3456
Ta00388,20170703,Ta00388_20170703,Ta00388_20170703.jpg,quadrat_corner,4302,2988,4654,3367
Ta00388,20170703,Ta00388_20170703,Ta00388_20170703.jpg,quadrat_corner,1305,3095,1667,3441
Ta00388,20170703,Ta00388_20170703,Ta00388_20170703.jpg,quadrat_corner,1233,84,1590,425
Ta00388,20170703,Ta00388_20170703,Ta00388_20170703.jpg,quadrat_corner,4219,15,4571,361
Ta01548,20170703,Ta01548_20170703,Ta01548_20170703.jpg,clover,1111,722,3250,2770
Ta01548,20170703,Ta01548_20170703,Ta01548_20170703.jpg,quadrat,695,39,4157,3456
Ta01548,20170703,Ta01548_20170703,Ta01548_20170703.jpg,quadrat_corner,694,127,1046,475
Ta01548,20170703,Ta01548_20170703,Ta01548_20170703.jpg,quadrat_corner,3702,29,4064,381
Ta01548,20170703,Ta01548_20170703,Ta01548_20170703.jpg,quadrat_corner,3803,3037,4166,3405
Ta01548,20170703,Ta01548_20170703,Ta01548_20170703.jpg,quadrat_corner,790,3170,1152,3456
Ta01945,20170608,Ta01945_20170608,Ta01945_20170608.jpg,clover,2395,1111,3392,2299
Ta01945,20170608,Ta01945_20170608,Ta01945_20170608.jpg,quadrat,1154,0,4114,2885
Ta01945,20170608,Ta01945_20170608,Ta01945_20170608.jpg,quadrat_corner,1165,0,1475,270
Ta01945,20170608,Ta01945_20170608,Ta01945_20170608.jpg,quadrat_corner,3805,0,4120,239
Ta01945,20170608,Ta01945_20170608,Ta01945_20170608.jpg,quadrat_corner,1240,2559,1554,2895
Ta01945,20170608,Ta01945_20170608,Ta01945_20170608.jpg,quadrat_corner,3794,2527,4098,2836
Ta02003,20170703,Ta02003_20170703,Ta02003_20170703.jpg,quadrat_corner,4003,154,4370,505
Ta02003,20170703,Ta02003_20170703,Ta02003_20170703.jpg,quadrat_corner,4102,3160,4497,3456
Ta02003,20170703,Ta02003_20170703,Ta02003_20170703.jpg,quadrat_corner,953,3154,1315,3456
Ta02003,20170703,Ta02003_20170703,Ta02003_20170703.jpg,quadrat_corner,1063,187,1414,510
Ta02003,20170703,Ta02003_20170703,Ta02003_20170703.jpg,quadrat,931,170,4497,3456
Ta01520,20170703,Ta01520_20170703,Ta01520_20170703.jpg,clover,1878,473,3350,2325
Ta01520,20170703,Ta01520_20170703,Ta01520_20170703.jpg,quadrat_corner,556,3072,928,3456
Ta01520,20170703,Ta01520_20170703,Ta01520_20170703.jpg,quadrat_corner,3785,3050,4161,3450
Ta01520,20170703,Ta01520_20170703,Ta01520_20170703.jpg,quadrat_corner,3675,8,4032,349
Ta01520,20170703,Ta01520_20170703,Ta01520_20170703.jpg,quadrat_corner,677,66,1045,392
Ta01520,20170703,Ta01520_20170703,Ta01520_20170703.jpg,quadrat,539,13,4178,3456
Ta01980,20170608,Ta01980_20170608,Ta01980_20170608.jpg,clover,2274,1235,3299,2280
Ta01980,20170608,Ta01980_20170608,Ta01980_20170608.jpg,quadrat,1352,106,4320,3130
Ta01980,20170608,Ta01980_20170608,Ta01980_20170608.jpg,quadrat_corner,1358,154,1670,454
Ta01980,20170608,Ta01980_20170608,Ta01980_20170608.jpg,quadrat_corner,4024,98,4322,412
Ta01980,20170608,Ta01980_20170608,Ta01980_20170608.jpg,quadrat_corner,4002,2727,4301,3031
Ta01980,20170608,Ta01980_20170608,Ta01980_20170608.jpg,quadrat_corner,1432,2759,1762,3074
Ta01125,20170703,Ta01125_20170703,Ta01125_20170703.jpg,clover,1458,794,3068,2506
Ta01125,20170703,Ta01125_20170703,Ta01125_20170703.jpg,quadrat,346,0,3842,3247
Ta01125,20170703,Ta01125_20170703,Ta01125_20170703.jpg,quadrat_corner,481,0,826,285
Ta01125,20170703,Ta01125_20170703,Ta01125_20170703.jpg,quadrat_corner,3358,0,3699,252
Ta01125,20170703,Ta01125_20170703,Ta01125_20170703.jpg,quadrat_corner,3467,2812,3835,3208
Ta01125,20170703,Ta01125_20170703,Ta01125_20170703.jpg,quadrat_corner,335,2848,687,3240
Ta01322,20170703,Ta01322_20170703,Ta01322_20170703.jpg,clover,2132,280,3476,1733
Ta01322,20170703,Ta01322_20170703,Ta01322_20170703.jpg,quadrat,917,0,4605,3456
Ta01322,20170703,Ta01322_20170703,Ta01322_20170703.jpg,quadrat_corner,1018,0,1402,289
Ta01322,20170703,Ta01322_20170703,Ta01322_20170703.jpg,quadrat_corner,4143,0,4517,289
Ta01322,20170703,Ta01322_20170703,Ta01322_20170703.jpg,quadrat_corner,4218,3123,4607,3456
Ta01322,20170703,Ta01322_20170703,Ta01322_20170703.jpg,quadrat_corner,890,3070,1274,3456
Ta01789,20170703,Ta01789_20170703,Ta01789_20170703.jpg,clover,1962,801,4030,2534
Ta01789,20170703,Ta01789_20170703,Ta01789_20170703.jpg,quadrat,901,151,4373,3456
Ta01789,20170703,Ta01789_20170703,Ta01789_20170703.jpg,quadrat_corner,907,161,1275,545
Ta01789,20170703,Ta01789_20170703,Ta01789_20170703.jpg,quadrat_corner,4000,140,4347,503
Ta01789,20170703,Ta01789_20170703,Ta01789_20170703.jpg,quadrat_corner,4032,3169,4368,3456
Ta01789,20170703,Ta01789_20170703,Ta01789_20170703.jpg,quadrat_corner,1003,3271,1349,3456
Ta00962,20170703,Ta00962_20170703,Ta00962_20170703.jpg,clover,1512,466,3410,2249
Ta00962,20170703,Ta00962_20170703,Ta00962_20170703.jpg,quadrat,882,0,4420,3412
Ta00962,20170703,Ta00962_20170703,Ta00962_20170703.jpg,quadrat_corner,931,33,1293,362
Ta00962,20170703,Ta00962_20170703,Ta00962_20170703.jpg,quadrat_corner,3904,0,4277,324
Ta00962,20170703,Ta00962_20170703,Ta00962_20170703.jpg,quadrat_corner,4036,3012,4409,3390
Ta00962,20170703,Ta00962_20170703,Ta00962_20170703.jpg,quadrat_corner,865,3034,1255,3423
Ta01963,20170608,Ta01963_20170608,Ta01963_20170608.jpg,clover,2292,1881,3487,2775
Ta01963,20170608,Ta01963_20170608,Ta01963_20170608.jpg,quadrat,1499,674,4387,3456
Ta01963,20170608,Ta01963_20170608,Ta01963_20170608.jpg,quadrat_corner,1506,690,1806,974
Ta01963,20170608,Ta01963_20170608,Ta01963_20170608.jpg,quadrat_corner,4022,670,4318,962
Ta01963,20170608,Ta01963_20170608,Ta01963_20170608.jpg,quadrat_corner,4071,3222,4370,3456
Ta01963,20170608,Ta01963_20170608,Ta01963_20170608.jpg,quadrat_corner,1474,3217,1773,3456
Ta01948,20170608,Ta01948_20170608,Ta01948_20170608.jpg,clover,2344,1061,3544,2725
Ta01948,20170608,Ta01948_20170608,Ta01948_20170608.jpg,quadrat,1152,256,4120,3184
Ta01948,20170608,Ta01948_20170608,Ta01948_20170608.jpg,quadrat_corner,1165,319,1480,613
Ta01948,20170608,Ta01948_20170608,Ta01948_20170608.jpg,quadrat_corner,3725,250,4035,533
Ta01948,20170608,Ta01948_20170608,Ta01948_20170608.jpg,quadrat_corner,3821,2826,4104,3114
Ta01948,20170608,Ta01948_20170608,Ta01948_20170608.jpg,quadrat_corner,1213,2911,1533,3194
Ta02157,20170703,Ta02157_20170703,Ta02157_20170703.jpg,quadrat,545,69,4209,3456
Ta02157,20170703,Ta02157_20170703,Ta02157_20170703.jpg,quadrat_corner,673,85,1049,397
Ta02157,20170703,Ta02157_20170703,Ta02157_20170703.jpg,quadrat_corner,3689,61,4065,405
Ta02157,20170703,Ta02157_20170703,Ta02157_20170703.jpg,quadrat_corner,3820,3101,4182,3456
Ta02157,20170703,Ta02157_20170703,Ta02157_20170703.jpg,quadrat_corner,513,3101,918,3456
Ta00255,20170703,Ta00255_20170703,Ta00255_20170703.jpg,clover,1863,752,3312,2567
Ta00255,20170703,Ta00255_20170703,Ta00255_20170703.jpg,quadrat,539,104,4022,3440
Ta00255,20170703,Ta00255_20170703,Ta00255_20170703.jpg,quadrat_corner,651,170,997,472
Ta00255,20170703,Ta00255_20170703,Ta00255_20170703.jpg,quadrat_corner,3531,99,3882,417
Ta00255,20170703,Ta00255_20170703,Ta00255_20170703.jpg,quadrat_corner,3657,3039,4019,3407
Ta00255,20170703,Ta00255_20170703,Ta00255_20170703.jpg,quadrat_corner,525,3056,887,3456
Ta02005,20170608,Ta02005_20170608,Ta02005_20170608.jpg,clover,1611,462,3962,3088
Ta02005,20170608,Ta02005_20170608,Ta02005_20170608.jpg,quadrat,1147,371,4147,3371
Ta02005,20170608,Ta02005_20170608,Ta02005_20170608.jpg,quadrat_corner,1147,455,1463,759
Ta02005,20170608,Ta02005_20170608,Ta02005_20170608.jpg,quadrat_corner,3819,375,4127,695
Ta02005,20170608,Ta02005_20170608,Ta02005_20170608.jpg,quadrat_corner,1267,3088,1584,3395
Ta02005,20170608,Ta02005_20170608,Ta02005_20170608.jpg,quadrat_corner,3849,3013,4156,3313
Ta02214,20170608,Ta02214_20170608,Ta02214_20170608.jpg,clover,1892,858,3013,2227
Ta02214,20170608,Ta02214_20170608,Ta02214_20170608.jpg,quadrat,1136,213,4032,3194
Ta02214,20170608,Ta02214_20170608,Ta02214_20170608.jpg,quadrat_corner,1119,215,1439,503
Ta02214,20170608,Ta02214_20170608,Ta02214_20170608.jpg,quadrat_corner,3727,204,4047,519
Ta02214,20170608,Ta02214_20170608,Ta02214_20170608.jpg,quadrat_corner,3725,2794,4018,3091
Ta02214,20170608,Ta02214_20170608,Ta02214_20170608.jpg,quadrat_corner,1175,2808,1481,3102
Ta00082,20170703,Ta00082_20170703,Ta00082_20170703.jpg,clover,1441,570,3529,2446
Ta00082,20170703,Ta00082_20170703,Ta00082_20170703.jpg,quadrat,400,0,3976,3456
Ta00082,20170703,Ta00082_20170703,Ta00082_20170703.jpg,quadrat_corner,512,0,888,313
Ta00082,20170703,Ta00082_20170703,Ta00082_20170703.jpg,quadrat_corner,3560,0,3936,345
Ta00082,20170703,Ta00082_20170703,Ta00082_20170703.jpg,quadrat_corner,3560,3081,3960,3456
Ta00082,20170703,Ta00082_20170703,Ta00082_20170703.jpg,quadrat_corner,384,3041,736,3441
Ta02269,20170703,Ta02269_20170703,Ta02269_20170703.jpg,clover,1687,902,2856,2081
Ta02269,20170703,Ta02269_20170703,Ta02269_20170703.jpg,quadrat,1298,97,4690,3444
Ta02269,20170703,Ta02269_20170703,Ta02269_20170703.jpg,quadrat_corner,1265,141,1641,493
Ta02269,20170703,Ta02269_20170703,Ta02269_20170703.jpg,quadrat_corner,4313,149,4657,525
Ta02269,20170703,Ta02269_20170703,Ta02269_20170703.jpg,quadrat_corner,4284,3191,4636,3456
Ta02269,20170703,Ta02269_20170703,Ta02269_20170703.jpg,quadrat_corner,1264,3156,1623,3456
,,,,,,,,
Ta01911,20170703,Ta01911_20170703,Ta01911_20170703.jpg,clover,0,0,5184,3456
Ta01911,20170703,Ta01911_20170703,Ta01911_20170703.jpg,quadrat,1161,99,4650,3379
Ta01911,20170703,Ta01911_20170703,Ta01911_20170703.jpg,quadrat_corner,1315,154,1666,455
Ta01911,20170703,Ta01911_20170703,Ta01911_20170703.jpg,quadrat_corner,4211,77,4551,406
Ta01911,20170703,Ta01911_20170703,Ta01911_20170703.jpg,quadrat_corner,1167,3001,1512,3390
Ta02136,20170703,Ta02136_20170703,Ta02136_20170703.jpg,clover,984,558,2848,2566
Ta02136,20170703,Ta02136_20170703,Ta02136_20170703.jpg,quadrat_corner,692,69,1039,389
Ta02136,20170703,Ta02136_20170703,Ta02136_20170703.jpg,quadrat_corner,3604,69,3956,400
Ta02136,20170703,Ta02136_20170703,Ta02136_20170703.jpg,quadrat_corner,564,3024,937,3418
Ta02136,20170703,Ta02136_20170703,Ta02136_20170703.jpg,quadrat_corner,3668,3008,4068,3402
Ta02136,20170703,Ta02136_20170703,Ta02136_20170703.jpg,quadrat,558,64,4056,3398
Ta01928,20170608,Ta01928_20170608,Ta01928_20170608.jpg,clover,2805,895,3463,1635
Ta01928,20170608,Ta01928_20170608,Ta01928_20170608.jpg,quadrat_corner,1618,188,1924,491
Ta01928,20170608,Ta01928_20170608,Ta01928_20170608.jpg,quadrat_corner,4261,246,4567,564
Ta01928,20170608,Ta01928_20170608,Ta01928_20170608.jpg,quadrat_corner,1551,2794,1858,3113
Ta01928,20170608,Ta01928_20170608,Ta01928_20170608.jpg,quadrat_corner,4166,2904,4476,3208
Ta01928,20170608,Ta01928_20170608,Ta01928_20170608.jpg,quadrat,1564,179,4572,3222
Ta01648,20170703,Ta01648_20170703,Ta01648_20170703.jpg,clover,1457,418,3297,2482
Ta01648,20170703,Ta01648_20170703,Ta01648_20170703.jpg,quadrat,406,51,3939,3430
Ta01648,20170703,Ta01648_20170703,Ta01648_20170703.jpg,quadrat_corner,535,84,883,420
Ta01648,20170703,Ta01648_20170703,Ta01648_20170703.jpg,quadrat_corner,418,3058,770,3430
Ta01648,20170703,Ta01648_20170703,Ta01648_20170703.jpg,quadrat_corner,3558,3026,3930,3402
Ta01648,20170703,Ta01648_20170703,Ta01648_20170703.jpg,quadrat_corner,3477,52,3819,382
Ta01983,20170608,Ta01983_20170608,Ta01983_20170608.jpg,clover,2019,993,3510,2212
Ta01983,20170608,Ta01983_20170608,Ta01983_20170608.jpg,quadrat_corner,1384,264,1692,576
Ta01983,20170608,Ta01983_20170608,Ta01983_20170608.jpg,quadrat_corner,4064,228,4380,568
Ta01983,20170608,Ta01983_20170608,Ta01983_20170608.jpg,quadrat_corner,1435,2834,1746,3141
Ta01983,20170608,Ta01983_20170608,Ta01983_20170608.jpg,quadrat_corner,3998,2886,4304,3169
Ta01983,20170608,Ta01983_20170608,Ta01983_20170608.jpg,quadrat,1375,231,4389,3187
Ta00747,20170703,Ta00747_20170703,Ta00747_20170703.jpg,clover,1596,330,3484,2303
Ta00747,20170703,Ta00747_20170703,Ta00747_20170703.jpg,quadrat,492,0,4180,3364
Ta00747,20170703,Ta00747_20170703,Ta00747_20170703.jpg,quadrat_corner,516,2924,908,3332
Ta00747,20170703,Ta00747_20170703,Ta00747_20170703.jpg,quadrat_corner,3820,2980,4204,3372
Ta00747,20170703,Ta00747_20170703,Ta00747_20170703.jpg,quadrat_corner,3764,0,4132,204
Ta00747,20170703,Ta00747_20170703,Ta00747_20170703.jpg,quadrat_corner,676,0,1052,180
Ta00956,20170703,Ta00956_20170703,Ta00956_20170703.jpg,clover,2083,669,3290,2414
Ta00956,20170703,Ta00956_20170703,Ta00956_20170703.jpg,quadrat,1259,63,4723,3456
Ta00956,20170703,Ta00956_20170703,Ta00956_20170703.jpg,quadrat_corner,1275,175,1627,519
Ta00956,20170703,Ta00956_20170703,Ta00956_20170703.jpg,quadrat_corner,1370,3144,1746,3456
Ta00956,20170703,Ta00956_20170703,Ta00956_20170703.jpg,quadrat_corner,4370,3035,4708,3404
Ta00956,20170703,Ta00956_20170703,Ta00956_20170703.jpg,quadrat_corner,4248,69,4593,414
Ta00389,20170703,Ta00389_20170703,Ta00389_20170703.jpg,clover,2761,700,4261,1997
Ta00389,20170703,Ta00389_20170703,Ta00389_20170703.jpg,quadrat,1401,0,4913,3436
Ta00389,20170703,Ta00389_20170703,Ta00389_20170703.jpg,quadrat_corner,1409,0,1793,364
Ta00389,20170703,Ta00389_20170703,Ta00389_20170703.jpg,quadrat_corner,1473,3068,1849,3428
Ta00389,20170703,Ta00389_20170703,Ta00389_20170703.jpg,quadrat_corner,4521,3060,4881,3412
Ta00389,20170703,Ta00389_20170703,Ta00389_20170703.jpg,quadrat_corner,4553,0,4926,315
Ta00474,20170703,Ta00474_20170703,Ta00474_20170703.jpg,clover,2396,411,3756,1805
Ta00474,20170703,Ta00474_20170703,Ta00474_20170703.jpg,quadrat,788,33,4414,3390
Ta00474,20170703,Ta00474_20170703,Ta00474_20170703.jpg,quadrat_corner,1024,93,1364,422
Ta00474,20170703,Ta00474_20170703,Ta00474_20170703.jpg,quadrat_corner,3926,22,4277,351
Ta00474,20170703,Ta00474_20170703,Ta00474_20170703.jpg,quadrat_corner,4014,2990,4403,3390
Ta00474,20170703,Ta00474_20170703,Ta00474_20170703.jpg,quadrat_corner,783,2951,1156,3357
Ta01617,20170703,Ta01617_20170703,Ta01617_20170703.jpg,clover,1571,708,2959,2288
Ta01617,20170703,Ta01617_20170703,Ta01617_20170703.jpg,quadrat,481,213,3905,3445
Ta01617,20170703,Ta01617_20170703,Ta01617_20170703.jpg,quadrat_corner,663,209,994,513
Ta01617,20170703,Ta01617_20170703,Ta01617_20170703.jpg,quadrat_corner,3494,223,3822,537
Ta01617,20170703,Ta01617_20170703,Ta01617_20170703.jpg,quadrat_corner,3524,3083,3882,3452
Ta01617,20170703,Ta01617_20170703,Ta01617_20170703.jpg,quadrat_corner,486,3052,830,3438
Ta01499,20170703,Ta01499_20170703,Ta01499_20170703.jpg,clover,1617,697,3542,2567
Ta01499,20170703,Ta01499_20170703,Ta01499_20170703.jpg,quadrat_corner,4123,125,4483,477
Ta01499,20170703,Ta01499_20170703,Ta01499_20170703.jpg,quadrat_corner,1067,153,1427,513
Ta01499,20170703,Ta01499_20170703,Ta01499_20170703.jpg,quadrat_corner,4135,3152,4493,3456
Ta01499,20170703,Ta01499_20170703,Ta01499_20170703.jpg,quadrat_corner,1118,3191,1480,3456
Ta01499,20170703,Ta01499_20170703,Ta01499_20170703.jpg,quadrat,1073,123,4494,3456
Ta00447,20170703,Ta00447_20170703,Ta00447_20170703.jpg,clover,2333,817,2656,1243
Ta00447,20170703,Ta00447_20170703,Ta00447_20170703.jpg,quadrat,523,0,4123,3355
Ta00447,20170703,Ta00447_20170703,Ta00447_20170703.jpg,quadrat_corner,707,0,1091,296
Ta00447,20170703,Ta00447_20170703,Ta00447_20170703.jpg,quadrat_corner,3651,16,4003,352
Ta00447,20170703,Ta00447_20170703,Ta00447_20170703.jpg,quadrat_corner,3763,2952,4139,3344
Ta00447,20170703,Ta00447_20170703,Ta00447_20170703.jpg,quadrat_corner,523,2928,923,3336
Ta01935,20170703,Ta01935_20170703,Ta01935_20170703.jpg,clover,2183,968,3475,2892
Ta01935,20170703,Ta01935_20170703,Ta01935_20170703.jpg,quadrat,1281,126,4745,3456
Ta01935,20170703,Ta01935_20170703,Ta01935_20170703.jpg,quadrat_corner,1340,126,1708,478
Ta01935,20170703,Ta01935_20170703,Ta01935_20170703.jpg,quadrat_corner,4417,185,4753,542
Ta01935,20170703,Ta01935_20170703,Ta01935_20170703.jpg,quadrat_corner,4327,3236,4679,3456
Ta01935,20170703,Ta01935_20170703,Ta01935_20170703.jpg,quadrat_corner,1276,3166,1639,3456
Ta01620,20170703,Ta01620_20170703,Ta01620_20170703.jpg,clover,1067,284,3168,2743
Ta01620,20170703,Ta01620_20170703,Ta01620_20170703.jpg,quadrat,550,0,4110,3388
Ta01620,20170703,Ta01620_20170703,Ta01620_20170703.jpg,quadrat_corner,629,52,985,376
Ta01620,20170703,Ta01620_20170703,Ta01620_20170703.jpg,quadrat_corner,3554,0,3906,290
Ta01620,20170703,Ta01620_20170703,Ta01620_20170703.jpg,quadrat_corner,3722,2925,4084,3315
Ta01620,20170703,Ta01620_20170703,Ta01620_20170703.jpg,quadrat_corner,550,2998,932,3384
Ta00757,20170703,Ta00757_20170703,Ta00757_20170703.jpg,clover,1889,369,4171,2454
Ta00757,20170703,Ta00757_20170703,Ta00757_20170703.jpg,quadrat,897,43,4585,3456
Ta00757,20170703,Ta00757_20170703,Ta00757_20170703.jpg,quadrat_corner,1081,54,1438,380
Ta00757,20170703,Ta00757_20170703,Ta00757_20170703.jpg,quadrat_corner,4110,33,4473,358
Ta00757,20170703,Ta00757_20170703,Ta00757_20170703.jpg,quadrat_corner,4199,3118,4599,3456
Ta00757,20170703,Ta00757_20170703,Ta00757_20170703.jpg,quadrat_corner,887,3054,1263,3456
Ta01491,20170703,Ta01491_20170703,Ta01491_20170703.jpg,clover,1161,38,3602,2803
Ta01491,20170703,Ta01491_20170703,Ta01491_20170703.jpg,quadrat,461,0,4229,3349
Ta01491,20170703,Ta01491_20170703,Ta01491_20170703.jpg,quadrat_corner,701,0,1061,205
Ta01491,20170703,Ta01491_20170703,Ta01491_20170703.jpg,quadrat_corner,3749,0,4109,245
Ta01491,20170703,Ta01491_20170703,Ta01491_20170703.jpg,quadrat_corner,3805,2965,4221,3349
Ta01491,20170703,Ta01491_20170703,Ta01491_20170703.jpg,quadrat_corner,445,2885,845,3317
Ta02200,20170703,Ta02200_20170703,Ta02200_20170703.jpg,clover,1945,532,3119,1977
Ta02200,20170703,Ta02200_20170703,Ta02200_20170703.jpg,quadrat,831,41,4271,3305
Ta02200,20170703,Ta02200_20170703,Ta02200_20170703.jpg,quadrat_corner,964,95,1305,404
Ta02200,20170703,Ta02200_20170703,Ta02200_20170703.jpg,quadrat_corner,3801,41,4143,356
Ta02200,20170703,Ta02200_20170703,Ta02200_20170703.jpg,quadrat_corner,3913,2927,4265,3305
Ta02200,20170703,Ta02200_20170703,Ta02200_20170703.jpg,quadrat_corner,831,2921,1172,3289
Ta01999,20170703,Ta01999_20170703,Ta01999_20170703.jpg,clover,0,0,3416,3456
Ta01999,20170703,Ta01999_20170703,Ta01999_20170703.jpg,quadrat,0,0,3498,3456
Ta01999,20170703,Ta01999_20170703,Ta01999_20170703.jpg,quadrat_corner,0,0,306,368
Ta01999,20170703,Ta01999_20170703,Ta01999_20170703.jpg,quadrat_corner,3005,0,3361,252
Ta01999,20170703,Ta01999_20170703,Ta01999_20170703.jpg,quadrat_corner,3169,2891,3515,3280
Ta01999,20170703,Ta01999_20170703,Ta01999_20170703.jpg,quadrat_corner,92,3105,481,3456
Ta00536,20170703,Ta00536_20170703,Ta00536_20170703.jpg,clover,1272,590,3204,2542
Ta00536,20170703,Ta00536_20170703,Ta00536_20170703.jpg,quadrat,431,24,4151,3456
Ta00536,20170703,Ta00536_20170703,Ta00536_20170703.jpg,quadrat_corner,527,144,887,472
Ta00536,20170703,Ta00536_20170703,Ta00536_20170703.jpg,quadrat_corner,3542,24,3918,360
Ta00536,20170703,Ta00536_20170703,Ta00536_20170703.jpg,quadrat_corner,3774,3066,4150,3456
Ta00536,20170703,Ta00536_20170703,Ta00536_20170703.jpg,quadrat_corner,429,3185,816,3456
Ta01949,20170608,Ta01949_20170608,Ta01949_20170608.jpg,clover,1771,1074,2981,2253
Ta01949,20170608,Ta01949_20170608,Ta01949_20170608.jpg,quadrat,1157,85,4101,3013
Ta01949,20170608,Ta01949_20170608,Ta01949_20170608.jpg,quadrat_corner,1193,2662,1493,2976
Ta01949,20170608,Ta01949_20170608,Ta01949_20170608.jpg,quadrat_corner,3742,2679,4048,2979
Ta01949,20170608,Ta01949_20170608,Ta01949_20170608.jpg,quadrat_corner,1152,81,1448,381
Ta01949,20170608,Ta01949_20170608,Ta01949_20170608.jpg,quadrat_corner,3802,65,4102,373
Ta00134,20170703,Ta00134_20170703,Ta00134_20170703.jpg,clover,832,395,3295,2721
Ta00134,20170703,Ta00134_20170703,Ta00134_20170703.jpg,quadrat_corner,470,187,832,505
Ta00134,20170703,Ta00134_20170703,Ta00134_20170703.jpg,quadrat_corner,3399,154,3740,472
Ta00134,20170703,Ta00134_20170703,Ta00134_20170703.jpg,quadrat_corner,3493,3105,3877,3456
Ta00134,20170703,Ta00134_20170703,Ta00134_20170703.jpg,quadrat_corner,338,3143,717,3456
Ta00134,20170703,Ta00134_20170703,Ta00134_20170703.jpg,quadrat,375,178,3863,3456
Ta02075,20170608,Ta02075_20170608,Ta02075_20170608.jpg,clover,1843,1031,3146,2272
Ta02075,20170608,Ta02075_20170608,Ta02075_20170608.jpg,quadrat,1103,165,4143,3189
Ta02075,20170608,Ta02075_20170608,Ta02075_20170608.jpg,quadrat_corner,1127,269,1431,589
Ta02075,20170608,Ta02075_20170608,Ta02075_20170608.jpg,quadrat_corner,3775,173,4103,469
Ta02075,20170608,Ta02075_20170608,Ta02075_20170608.jpg,quadrat_corner,3847,2781,4135,3085
Ta02075,20170608,Ta02075_20170608,Ta02075_20170608.jpg,quadrat_corner,1271,2893,1591,3213
Ta01355,20170703,Ta01355_20170703,Ta01355_20170703.jpg,clover,1732,938,3087,2315
Ta01355,20170703,Ta01355_20170703,Ta01355_20170703.jpg,quadrat,1014,0,4558,3456
Ta01355,20170703,Ta01355_20170703,Ta01355_20170703.jpg,quadrat_corner,1022,78,1358,446
Ta01355,20170703,Ta01355_20170703,Ta01355_20170703.jpg,quadrat_corner,4070,0,4430,294
Ta01355,20170703,Ta01355_20170703,Ta01355_20170703.jpg,quadrat_corner,4214,2958,4566,3310
Ta01355,20170703,Ta01355_20170703,Ta01355_20170703.jpg,quadrat_corner,1174,3142,1558,3456
Ta02017,20170703,Ta02017_20170703,Ta02017_20170703.jpg,clover,822,105,3619,2836
Ta02017,20170703,Ta02017_20170703,Ta02017_20170703.jpg,quadrat,427,0,3888,3253
Ta02017,20170703,Ta02017_20170703,Ta02017_20170703.jpg,quadrat_corner,507,0,843,287
Ta02017,20170703,Ta02017_20170703,Ta02017_20170703.jpg,quadrat_corner,3392,0,3733,239
Ta02017,20170703,Ta02017_20170703,Ta02017_20170703.jpg,quadrat_corner,3536,2810,3883,3189
Ta02017,20170703,Ta02017_20170703,Ta02017_20170703.jpg,quadrat_corner,416,2885,779,3247
Ta00912,20170703,Ta00912_20170703,Ta00912_20170703.jpg,clover,2286,299,3859,2731
Ta00912,20170703,Ta00912_20170703,Ta00912_20170703.jpg,quadrat,1083,0,4787,3456
Ta00912,20170703,Ta00912_20170703,Ta00912_20170703.jpg,quadrat_corner,1203,0,1571,291
Ta00912,20170703,Ta00912_20170703,Ta00912_20170703.jpg,quadrat_corner,4299,0,4651,291
Ta00912,20170703,Ta00912_20170703,Ta00912_20170703.jpg,quadrat_corner,4379,3067,4771,3456
Ta00912,20170703,Ta00912_20170703,Ta00912_20170703.jpg,quadrat_corner,1067,3035,1443,3456
Ta02169,20170703,Ta02169_20170703,Ta02169_20170703.jpg,clover,2253,900,4019,2320
Ta02169,20170703,Ta02169_20170703,Ta02169_20170703.jpg,quadrat,1138,10,4634,3322
Ta02169,20170703,Ta02169_20170703,Ta02169_20170703.jpg,quadrat_corner,1274,42,1626,354
Ta02169,20170703,Ta02169_20170703,Ta02169_20170703.jpg,quadrat_corner,4178,34,4514,346
Ta02169,20170703,Ta02169_20170703,Ta02169_20170703.jpg,quadrat_corner,4258,2938,4634,3330
Ta02169,20170703,Ta02169_20170703,Ta02169_20170703.jpg,quadrat_corner,1146,2906,1506,3298
Ta01388,20170703,Ta01388_20170703,Ta01388_20170703.jpg,clover,1661,368,3838,2260
Ta01388,20170703,Ta01388_20170703,Ta01388_20170703.jpg,quadrat,659,17,4211,3454
Ta01388,20170703,Ta01388_20170703,Ta01388_20170703.jpg,quadrat_corner,772,0,1148,293
Ta01388,20170703,Ta01388_20170703,Ta01388_20170703.jpg,quadrat_corner,3812,0,4164,341
Ta01388,20170703,Ta01388_20170703,Ta01388_20170703.jpg,quadrat_corner,3836,3069,4180,3445
Ta01388,20170703,Ta01388_20170703,Ta01388_20170703.jpg,quadrat_corner,628,2997,1012,3389
Ta01370,20170703,Ta01370_20170703,Ta01370_20170703.jpg,clover,1546,474,3402,2421
Ta01370,20170703,Ta01370_20170703,Ta01370_20170703.jpg,quadrat,442,64,4122,3456
Ta01370,20170703,Ta01370_20170703,Ta01370_20170703.jpg,quadrat_corner,677,80,1040,378
Ta01370,20170703,Ta01370_20170703,Ta01370_20170703.jpg,quadrat_corner,3664,64,4026,394
Ta01370,20170703,Ta01370_20170703,Ta01370_20170703.jpg,quadrat_corner,3728,3061,4122,3456
Ta01370,20170703,Ta01370_20170703,Ta01370_20170703.jpg,quadrat_corner,437,3002,816,3408
Ta02261,20170608,Ta02261_20170608,Ta02261_20170608.jpg,clover,2010,1031,3338,2575
Ta02261,20170608,Ta02261_20170608,Ta02261_20170608.jpg,quadrat,1230,292,4278,3348
Ta02261,20170608,Ta02261_20170608,Ta02261_20170608.jpg,quadrat_corner,1254,468,1550,804
Ta02261,20170608,Ta02261_20170608,Ta02261_20170608.jpg,quadrat_corner,3830,316,4150,628
Ta02261,20170608,Ta02261_20170608,Ta02261_20170608.jpg,quadrat_corner,3974,2900,4270,3220
Ta02261,20170608,Ta02261_20170608,Ta02261_20170608.jpg,quadrat_corner,1406,3052,1734,3396
Ta02002,20170703,Ta02002_20170703,Ta02002_20170703.jpg,clover,0,0,4880,3456
Ta02002,20170703,Ta02002_20170703,Ta02002_20170703.jpg,quadrat,1349,0,4819,3393
Ta02002,20170703,Ta02002_20170703,Ta02002_20170703.jpg,quadrat_corner,1377,0,1736,305
Ta02002,20170703,Ta02002_20170703,Ta02002_20170703.jpg,quadrat_corner,4444,0,4819,330
Ta02002,20170703,Ta02002_20170703,Ta02002_20170703.jpg,quadrat_corner,4364,3022,4751,3395
Ta02002,20170703,Ta02002_20170703,Ta02002_20170703.jpg,quadrat_corner,1352,2993,1767,3367
Ta00398,20170703,Ta00398_20170703,Ta00398_20170703.jpg,clover,1002,0,3378,3160
Ta00398,20170703,Ta00398_20170703,Ta00398_20170703.jpg,quadrat,519,0,4319,3456
Ta00398,20170703,Ta00398_20170703,Ta00398_20170703.jpg,quadrat_corner,663,0,1055,234
Ta00398,20170703,Ta00398_20170703,Ta00398_20170703.jpg,quadrat_corner,3831,0,4223,274
Ta00398,20170703,Ta00398_20170703,Ta00398_20170703.jpg,quadrat_corner,3935,3074,4343,3456
Ta00398,20170703,Ta00398_20170703,Ta00398_20170703.jpg,quadrat_corner,471,3074,903,3456
Ta01342,20170703,Ta01342_20170703,Ta01342_20170703.jpg,clover,2061,768,3142,2266
Ta01342,20170703,Ta01342_20170703,Ta01342_20170703.jpg,quadrat_corner,1255,77,1617,428
Ta01342,20170703,Ta01342_20170703,Ta01342_20170703.jpg,quadrat_corner,4343,121,4694,483
Ta01342,20170703,Ta01342_20170703,Ta01342_20170703.jpg,quadrat_corner,4288,3160,4634,3456
Ta01342,20170703,Ta01342_20170703,Ta01342_20170703.jpg,quadrat_corner,1244,3171,1600,3456
Ta01342,20170703,Ta01342_20170703,Ta01342_20170703.jpg,quadrat,1249,77,4696,3456
Ta02044,20170703,Ta02044_20170703,Ta02044_20170703.jpg,clover,2391,916,2641,1222
Ta02044,20170703,Ta02044_20170703,Ta02044_20170703.jpg,quadrat,699,0,4159,3328
Ta02044,20170703,Ta02044_20170703,Ta02044_20170703.jpg,quadrat_corner,811,0,1163,315
Ta02044,20170703,Ta02044_20170703,Ta02044_20170703.jpg,quadrat_corner,3731,0,4083,323
Ta02044,20170703,Ta02044_20170703,Ta02044_20170703.jpg,quadrat_corner,3803,2963,4171,3363
Ta02044,20170703,Ta02044_20170703,Ta02044_20170703.jpg,quadrat_corner,675,2939,1075,3331
Ta02323,20170608,Ta02323_20170608,Ta02323_20170608.jpg,clover,1640,866,3578,2852
Ta02323,20170608,Ta02323_20170608,Ta02323_20170608.jpg,quadrat,1173,207,4202,3242
Ta02323,20170608,Ta02323_20170608,Ta02323_20170608.jpg,quadrat_corner,1168,303,1472,618
Ta02323,20170608,Ta02323_20170608,Ta02323_20170608.jpg,quadrat_corner,3802,196,4112,511
Ta02323,20170608,Ta02323_20170608,Ta02323_20170608.jpg,quadrat_corner,3904,2788,4192,3076
Ta02323,20170608,Ta02323_20170608,Ta02323_20170608.jpg,quadrat_corner,1338,2927,1674,3247
Ta00762,20170703,Ta00762_20170703,Ta00762_20170703.jpg,clover,870,354,3340,2986
Ta00762,20170703,Ta00762_20170703,Ta00762_20170703.jpg,quadrat,540,4,4124,3456
Ta00762,20170703,Ta00762_20170703,Ta00762_20170703.jpg,quadrat_corner,550,168,902,545
Ta00762,20170703,Ta00762_20170703,Ta00762_20170703.jpg,quadrat_corner,3617,15,3969,362
Ta00762,20170703,Ta00762_20170703,Ta00762_20170703.jpg,quadrat_corner,3789,3033,4141,3413
Ta00762,20170703,Ta00762_20170703,Ta00762_20170703.jpg,quadrat_corner,749,3257,1109,3456
Ta01925,20170608,Ta01925_20170608,Ta01925_20170608.jpg,clover,2164,889,3622,1972
Ta01925,20170608,Ta01925_20170608,Ta01925_20170608.jpg,quadrat,1159,175,4063,3063
Ta01925,20170608,Ta01925_20170608,Ta01925_20170608.jpg,quadrat_corner,1175,191,1471,479
Ta01925,20170608,Ta01925_20170608,Ta01925_20170608.jpg,quadrat_corner,3727,159,4039,463
Ta01925,20170608,Ta01925_20170608,Ta01925_20170608.jpg,quadrat_corner,1159,2759,1487,3055
Ta01925,20170608,Ta01925_20170608,Ta01925_20170608.jpg,quadrat_corner,3751,2751,4063,3047
Ta01553,20170703,Ta01553_20170703,Ta01553_20170703.jpg,clover,794,154,2653,2008
Ta01553,20170703,Ta01553_20170703,Ta01553_20170703.jpg,quadrat,454,16,4014,3434
Ta01553,20170703,Ta01553_20170703,Ta01553_20170703.jpg,quadrat_corner,574,0,942,340
Ta01553,20170703,Ta01553_20170703,Ta01553_20170703.jpg,quadrat_corner,3575,27,3926,373
Ta01553,20170703,Ta01553_20170703,Ta01553_20170703.jpg,quadrat_corner,3635,3050,4014,3429
Ta01553,20170703,Ta01553_20170703,Ta01553_20170703.jpg,quadrat_corner,481,3039,854,3440
Ta01575,20170703,Ta01575_20170703,Ta01575_20170703.jpg,clover,1244,494,3098,2315
Ta01575,20170703,Ta01575_20170703,Ta01575_20170703.jpg,quadrat,695,0,4239,3382
Ta01575,20170703,Ta01575_20170703,Ta01575_20170703.jpg,quadrat_corner,735,0,1079,318
Ta01575,20170703,Ta01575_20170703,Ta01575_20170703.jpg,quadrat_corner,3687,0,4047,254
Ta01575,20170703,Ta01575_20170703,Ta01575_20170703.jpg,quadrat_corner,3887,2878,4231,3310
Ta01575,20170703,Ta01575_20170703,Ta01575_20170703.jpg,quadrat_corner,687,2974,1087,3366
Ta01203,20170703,Ta01203_20170703,Ta01203_20170703.jpg,clover,2127,850,3701,2650
Ta01203,20170703,Ta01203_20170703,Ta01203_20170703.jpg,quadrat,1315,0,4848,3456
Ta01203,20170703,Ta01203_20170703,Ta01203_20170703.jpg,quadrat_corner,1331,55,1704,428
Ta01203,20170703,Ta01203_20170703,Ta01203_20170703.jpg,quadrat_corner,4409,0,4787,340
Ta01203,20170703,Ta01203_20170703,Ta01203_20170703.jpg,quadrat_corner,4475,3050,4837,3423
Ta01203,20170703,Ta01203_20170703,Ta01203_20170703.jpg,quadrat_corner,1425,3121,1781,3456
Ta02002,20170608,Ta02002_20170608,Ta02002_20170608.jpg,quadrat,958,338,3849,3240
Ta02002,20170608,Ta02002_20170608,Ta02002_20170608.jpg,quadrat_corner,964,340,1271,642
Ta02002,20170608,Ta02002_20170608,Ta02002_20170608.jpg,quadrat_corner,3542,395,3849,680
Ta02002,20170608,Ta02002_20170608,Ta02002_20170608.jpg,quadrat_corner,3509,2940,3805,3253
Ta02002,20170608,Ta02002_20170608,Ta02002_20170608.jpg,quadrat_corner,958,2924,1266,3220
Ta02002,20170608,Ta02002_20170608,Ta02002_20170608.jpg,clover,1220,275,3678,3376
Ta01851,20170703,Ta01851_20170703,Ta01851_20170703.jpg,clover,1537,1703,2403,2406
Ta01851,20170703,Ta01851_20170703,Ta01851_20170703.jpg,quadrat,1112,60,4589,3452
Ta01851,20170703,Ta01851_20170703,Ta01851_20170703.jpg,quadrat_corner,1135,99,1493,451
Ta01851,20170703,Ta01851_20170703,Ta01851_20170703.jpg,quadrat_corner,4223,46,4597,409
Ta01851,20170703,Ta01851_20170703,Ta01851_20170703.jpg,quadrat_corner,4223,3129,4586,3456
Ta01851,20170703,Ta01851_20170703,Ta01851_20170703.jpg,quadrat_corner,1178,3171,1535,3456
Ta02047,20170703,Ta02047_20170703,Ta02047_20170703.jpg,clover,2887,1035,3887,2210
Ta02047,20170703,Ta02047_20170703,Ta02047_20170703.jpg,quadrat,1462,195,4958,3456
Ta02047,20170703,Ta02047_20170703,Ta02047_20170703.jpg,quadrat_corner,1510,251,1846,635
Ta02047,20170703,Ta02047_20170703,Ta02047_20170703.jpg,quadrat_corner,4502,187,4878,539
Ta02047,20170703,Ta02047_20170703,Ta02047_20170703.jpg,quadrat_corner,4601,3221,4949,3456
Ta02047,20170703,Ta02047_20170703,Ta02047_20170703.jpg,quadrat_corner,1565,3288,1924,3456
Ta00501,20170703,Ta00501_20170703,Ta00501_20170703.jpg,clover,1591,201,4283,1371
Ta00501,20170703,Ta00501_20170703,Ta00501_20170703.jpg,quadrat,849,0,4645,3429
Ta00501,20170703,Ta00501_20170703,Ta00501_20170703.jpg,quadrat_corner,1057,0,1419,230
Ta00501,20170703,Ta00501_20170703,Ta00501_20170703.jpg,quadrat_corner,4102,0,4464,296
Ta00501,20170703,Ta00501_20170703,Ta00501_20170703.jpg,quadrat_corner,4250,3034,4634,3434
Ta00501,20170703,Ta00501_20170703,Ta00501_20170703.jpg,quadrat_corner,854,2951,1238,3363
Ta00052,20170703,Ta00052_20170703,Ta00052_20170703.jpg,clover,1123,400,3251,2622
Ta00052,20170703,Ta00052_20170703,Ta00052_20170703.jpg,quadrat,541,38,4157,3401
Ta00052,20170703,Ta00052_20170703,Ta00052_20170703.jpg,quadrat_corner,679,55,1030,362
Ta00052,20170703,Ta00052_20170703,Ta00052_20170703.jpg,quadrat_corner,3630,55,3970,373
Ta00052,20170703,Ta00052_20170703,Ta00052_20170703.jpg,quadrat_corner,3794,2990,4167,3374
Ta00052,20170703,Ta00052_20170703,Ta00052_20170703.jpg,quadrat_corner,536,3028,925,3412
Ta01132,20170703,Ta01132_20170703,Ta01132_20170703.jpg,clover,2322,324,4384,1816
Ta01132,20170703,Ta01132_20170703,Ta01132_20170703.jpg,quadrat,283,61,3987,3454
Ta01132,20170703,Ta01132_20170703,Ta01132_20170703.jpg,quadrat_corner,555,63,907,367
Ta01132,20170703,Ta01132_20170703,Ta01132_20170703.jpg,quadrat_corner,3531,63,3883,391
Ta01132,20170703,Ta01132_20170703,Ta01132_20170703.jpg,quadrat_corner,3571,3050,3979,3456
Ta01132,20170703,Ta01132_20170703,Ta01132_20170703.jpg,quadrat_corner,299,3002,683,3434
Ta01565,20170703,Ta01565_20170703,Ta01565_20170703.jpg,clover,1227,362,3586,2836
Ta01565,20170703,Ta01565_20170703,Ta01565_20170703.jpg,quadrat,622,0,4158,3426
Ta01565,20170703,Ta01565_20170703,Ta01565_20170703.jpg,quadrat_corner,606,0,982,322
Ta01565,20170703,Ta01565_20170703,Ta01565_20170703.jpg,quadrat_corner,3742,0,4110,250
Ta01565,20170703,Ta01565_20170703,Ta01565_20170703.jpg,quadrat_corner,3790,2938,4166,3306
Ta01565,20170703,Ta01565_20170703,Ta01565_20170703.jpg,quadrat_corner,742,3074,1134,3418
Ta00877,20170703,Ta00877_20170703,Ta00877_20170703.jpg,clover,882,203,3613,2754
Ta00877,20170703,Ta00877_20170703,Ta00877_20170703.jpg,quadrat,479,0,4039,3456
Ta00877,20170703,Ta00877_20170703,Ta00877_20170703.jpg,quadrat_corner,567,0,935,297
Ta00877,20170703,Ta00877_20170703,Ta00877_20170703.jpg,quadrat_corner,3647,0,4015,297
Ta00877,20170703,Ta00877_20170703,Ta00877_20170703.jpg,quadrat_corner,3647,3049,4055,3449
Ta00877,20170703,Ta00877_20170703,Ta00877_20170703.jpg,quadrat_corner,463,3041,847,3417
Ta00538,20170703,Ta00538_20170703,Ta00538_20170703.jpg,clover,2055,411,3871,2469
Ta00538,20170703,Ta00538_20170703,Ta00538_20170703.jpg,quadrat,1056,0,4648,3303
Ta00538,20170703,Ta00538_20170703,Ta00538_20170703.jpg,quadrat_corner,1168,23,1520,335
Ta00538,20170703,Ta00538_20170703,Ta00538_20170703.jpg,quadrat_corner,4072,0,4432,271
Ta00538,20170703,Ta00538_20170703,Ta00538_20170703.jpg,quadrat_corner,4280,2871,4648,3279
Ta00538,20170703,Ta00538_20170703,Ta00538_20170703.jpg,quadrat_corner,1040,2911,1440,3295
Ta01176,20170703,Ta01176_20170703,Ta01176_20170703.jpg,quadrat,498,82,3990,3424
Ta01176,20170703,Ta01176_20170703,Ta01176_20170703.jpg,quadrat_corner,3525,78,3895,421
Ta01176,20170703,Ta01176_20170703,Ta01176_20170703.jpg,quadrat_corner,616,105,992,433
Ta01176,20170703,Ta01176_20170703,Ta01176_20170703.jpg,quadrat_corner,500,3042,868,3422
Ta01176,20170703,Ta01176_20170703,Ta01176_20170703.jpg,quadrat_corner,3618,3033,3984,3418
Ta01176,20170703,Ta01176_20170703,Ta01176_20170703.jpg,clover,826,677,3637,2973
Ta02297,20170703,Ta02297_20170703,Ta02297_20170703.jpg,clover,668,236,3553,3056
Ta02297,20170703,Ta02297_20170703,Ta02297_20170703.jpg,quadrat,306,55,3888,3401
Ta02297,20170703,Ta02297_20170703,Ta02297_20170703.jpg,quadrat_corner,569,82,903,395
Ta02297,20170703,Ta02297_20170703,Ta02297_20170703.jpg,quadrat_corner,3460,55,3816,368
Ta02297,20170703,Ta02297_20170703,Ta02297_20170703.jpg,quadrat_corner,3498,2995,3882,3385
Ta02297,20170703,Ta02297_20170703,Ta02297_20170703.jpg,quadrat_corner,322,2957,695,3352
Ta00711,20170703,Ta00711_20170703,Ta00711_20170703.jpg,clover,1652,1255,3532,2783
Ta00711,20170703,Ta00711_20170703,Ta00711_20170703.jpg,quadrat,936,11,4488,3456
Ta00711,20170703,Ta00711_20170703,Ta00711_20170703.jpg,quadrat_corner,931,64,1307,419
Ta00711,20170703,Ta00711_20170703,Ta00711_20170703.jpg,quadrat_corner,4043,0,4411,307
Ta00711,20170703,Ta00711_20170703,Ta00711_20170703.jpg,quadrat_corner,4131,3011,4491,3379
Ta00711,20170703,Ta00711_20170703,Ta00711_20170703.jpg,quadrat_corner,1075,3155,1443,3456
Ta01644,20170703,Ta01644_20170703,Ta01644_20170703.jpg,clover,1982,825,2851,1905
Ta01644,20170703,Ta01644_20170703,Ta01644_20170703.jpg,quadrat,468,0,4074,3424
Ta01644,20170703,Ta01644_20170703,Ta01644_20170703.jpg,quadrat_corner,528,0,880,360
Ta01644,20170703,Ta01644_20170703,Ta01644_20170703.jpg,quadrat_corner,3504,0,3848,328
Ta01644,20170703,Ta01644_20170703,Ta01644_20170703.jpg,quadrat_corner,3616,2968,3984,3352
Ta01644,20170703,Ta01644_20170703,Ta01644_20170703.jpg,quadrat_corner,456,3016,840,3416
Ta02068,20170608,Ta02068_20170608,Ta02068_20170608.jpg,clover,2197,1034,3621,2090
Ta02068,20170608,Ta02068_20170608,Ta02068_20170608.jpg,quadrat,1502,0,4419,2813
Ta02068,20170608,Ta02068_20170608,Ta02068_20170608.jpg,quadrat_corner,1495,0,1839,238
Ta02068,20170608,Ta02068_20170608,Ta02068_20170608.jpg,quadrat_corner,4063,0,4359,190
Ta02068,20170608,Ta02068_20170608,Ta02068_20170608.jpg,quadrat_corner,4135,2430,4407,2734
Ta02068,20170608,Ta02068_20170608,Ta02068_20170608.jpg,quadrat_corner,1567,2478,1863,2766
Ta02352,20170608,Ta02352_20170608,Ta02352_20170608.jpg,clover,2008,957,3111,2771
Ta02352,20170608,Ta02352_20170608,Ta02352_20170608.jpg,quadrat,1014,574,3902,3456
Ta02352,20170608,Ta02352_20170608,Ta02352_20170608.jpg,quadrat_corner,998,582,1302,886
Ta02352,20170608,Ta02352_20170608,Ta02352_20170608.jpg,quadrat_corner,3558,558,3862,862
Ta02352,20170608,Ta02352_20170608,Ta02352_20170608.jpg,quadrat_corner,3606,3094,3886,3406
Ta02352,20170608,Ta02352_20170608,Ta02352_20170608.jpg,quadrat_corner,1022,3142,1342,3456
Ta02156,20170703,Ta02156_20170703,Ta02156_20170703.jpg,clover,1260,263,3564,3209
Ta02156,20170703,Ta02156_20170703,Ta02156_20170703.jpg,quadrat,1002,33,4431,3456
Ta02156,20170703,Ta02156_20170703,Ta02156_20170703.jpg,quadrat_corner,1008,44,1370,406
Ta02156,20170703,Ta02156_20170703,Ta02156_20170703.jpg,quadrat_corner,4085,22,4442,384
Ta02156,20170703,Ta02156_20170703,Ta02156_20170703.jpg,quadrat_corner,4074,3050,4420,3412
Ta02156,20170703,Ta02156_20170703,Ta02156_20170703.jpg,quadrat_corner,1046,3127,1419,3456
Ta01302,20170703,Ta01302_20170703,Ta01302_20170703.jpg,clover,2061,697,3849,2030
Ta01302,20170703,Ta01302_20170703,Ta01302_20170703.jpg,quadrat,1063,110,4228,3138
Ta01302,20170703,Ta01302_20170703,Ta01302_20170703.jpg,quadrat_corner,1145,104,1452,389
Ta01302,20170703,Ta01302_20170703,Ta01302_20170703.jpg,quadrat_corner,3811,93,4129,406
Ta01302,20170703,Ta01302_20170703,Ta01302_20170703.jpg,quadrat_corner,3904,2792,4217,3127
Ta01302,20170703,Ta01302_20170703,Ta01302_20170703.jpg,quadrat_corner,1063,2792,1403,3132
Ta00975,20170703,Ta00975_20170703,Ta00975_20170703.jpg,clover,2237,1339,3498,2644
Ta00975,20170703,Ta00975_20170703,Ta00975_20170703.jpg,quadrat,997,0,4541,3456
Ta00975,20170703,Ta00975_20170703,Ta00975_20170703.jpg,quadrat_corner,1008,0,1381,335
Ta00975,20170703,Ta00975_20170703,Ta00975_20170703.jpg,quadrat_corner,4184,22,4541,406
Ta00975,20170703,Ta00975_20170703,Ta00975_20170703.jpg,quadrat_corner,4080,3121,4409,3445
Ta00975,20170703,Ta00975_20170703,Ta00975_20170703.jpg,quadrat_corner,1013,3088,1370,3456
Ta01413,20170703,Ta01413_20170703,Ta01413_20170703.jpg,clover,2083,1492,2867,2068
Ta01413,20170703,Ta01413_20170703,Ta01413_20170703.jpg,quadrat_corner,1222,236,1562,592
Ta01413,20170703,Ta01413_20170703,Ta01413_20170703.jpg,quadrat_corner,4244,181,4579,527
Ta01413,20170703,Ta01413_20170703,Ta01413_20170703.jpg,quadrat_corner,4305,3193,4628,3456
Ta01413,20170703,Ta01413_20170703,Ta01413_20170703.jpg,quadrat_corner,1266,3269,1617,3456
Ta01413,20170703,Ta01413_20170703,Ta01413_20170703.jpg,quadrat,1205,192,4645,3456
Ta01630,20170703,Ta01630_20170703,Ta01630_20170703.jpg,clover,2039,581,3498,2183
Ta01630,20170703,Ta01630_20170703,Ta01630_20170703.jpg,quadrat,909,170,4189,3291
Ta01630,20170703,Ta01630_20170703,Ta01630_20170703.jpg,quadrat_corner,1079,159,1414,450
Ta01630,20170703,Ta01630_20170703,Ta01630_20170703.jpg,quadrat_corner,3811,187,4129,494
Ta01630,20170703,Ta01630_20170703,Ta01630_20170703.jpg,quadrat_corner,3844,2946,4189,3286
Ta01630,20170703,Ta01630_20170703,Ta01630_20170703.jpg,quadrat_corner,909,2891,1249,3231
Ta00502,20170703,Ta00502_20170703,Ta00502_20170703.jpg,clover,1386,477,3037,2430
Ta00502,20170703,Ta00502_20170703,Ta00502_20170703.jpg,quadrat,458,0,4234,3388
Ta00502,20170703,Ta00502_20170703,Ta00502_20170703.jpg,quadrat_corner,575,0,943,241
Ta00502,20170703,Ta00502_20170703,Ta00502_20170703.jpg,quadrat_corner,3607,0,3999,185
Ta00502,20170703,Ta00502_20170703,Ta00502_20170703.jpg,quadrat_corner,3871,2905,4239,3321
Ta00502,20170703,Ta00502_20170703,Ta00502_20170703.jpg,quadrat_corner,447,2985,863,3401
Ta01457,20170703,Ta01457_20170703,Ta01457_20170703.jpg,clover,2066,933,3630,2414
Ta01457,20170703,Ta01457_20170703,Ta01457_20170703.jpg,quadrat,1175,21,4714,3400
Ta01457,20170703,Ta01457_20170703,Ta01457_20170703.jpg,quadrat_corner,1266,99,1617,406
Ta01457,20170703,Ta01457_20170703,Ta01457_20170703.jpg,quadrat_corner,4189,11,4530,340
Ta01457,20170703,Ta01457_20170703,Ta01457_20170703.jpg,quadrat_corner,4338,2979,4689,3352
Ta01457,20170703,Ta01457_20170703,Ta01457_20170703.jpg,quadrat_corner,1167,3001,1534,3401
Ta02145,20170608,Ta02145_20170608,Ta02145_20170608.jpg,clover,2560,828,3783,2063
Ta02145,20170608,Ta02145_20170608,Ta02145_20170608.jpg,quadrat,1628,154,4606,3127
Ta02145,20170608,Ta02145_20170608,Ta02145_20170608.jpg,quadrat_corner,1644,148,1962,472
Ta02145,20170608,Ta02145_20170608,Ta02145_20170608.jpg,quadrat_corner,4321,208,4601,516
Ta02145,20170608,Ta02145_20170608,Ta02145_20170608.jpg,quadrat_corner,4167,2820,4491,3105
Ta02145,20170608,Ta02145_20170608,Ta02145_20170608.jpg,quadrat_corner,1622,2710,1918,3017
Ta01985,20170608,Ta01985_20170608,Ta01985_20170608.jpg,clover,2714,1064,3591,2293
Ta01985,20170608,Ta01985_20170608,Ta01985_20170608.jpg,quadrat,1567,115,4535,3072
Ta01985,20170608,Ta01985_20170608,Ta01985_20170608.jpg,quadrat_corner,1595,121,1891,428
Ta01985,20170608,Ta01985_20170608,Ta01985_20170608.jpg,quadrat_corner,4239,181,4530,488
Ta01985,20170608,Ta01985_20170608,Ta01985_20170608.jpg,quadrat_corner,4146,2792,4431,3072
Ta01985,20170608,Ta01985_20170608,Ta01985_20170608.jpg,quadrat_corner,1556,2732,1863,3034
Ta01503,20170703,Ta01503_20170703,Ta01503_20170703.jpg,clover,1633,862,3465,3105
Ta01503,20170703,Ta01503_20170703,Ta01503_20170703.jpg,quadrat,1000,131,4528,3456
Ta01503,20170703,Ta01503_20170703,Ta01503_20170703.jpg,quadrat_corner,1007,187,1391,547
Ta01503,20170703,Ta01503_20170703,Ta01503_20170703.jpg,quadrat_corner,4151,139,4503,499
Ta01503,20170703,Ta01503_20170703,Ta01503_20170703.jpg,quadrat_corner,4159,3203,4511,3456
Ta01503,20170703,Ta01503_20170703,Ta01503_20170703.jpg,quadrat_corner,1111,3299,1475,3456
Ta00638,20170703,Ta00638_20170703,Ta00638_20170703.jpg,clover,1715,549,3103,2995
Ta00638,20170703,Ta00638_20170703,Ta00638_20170703.jpg,quadrat,1101,0,4486,3412
Ta00638,20170703,Ta00638_20170703,Ta00638_20170703.jpg,quadrat_corner,1101,0,1447,340
Ta00638,20170703,Ta00638_20170703,Ta00638_20170703.jpg,quadrat_corner,4146,27,4475,373
Ta00638,20170703,Ta00638_20170703,Ta00638_20170703.jpg,quadrat_corner,4113,3017,4475,3385
Ta00638,20170703,Ta00638_20170703,Ta00638_20170703.jpg,quadrat_corner,1117,3045,1479,3401
Ta00759,20170703,Ta00759_20170703,Ta00759_20170703.jpg,clover,871,384,3295,3132
Ta00759,20170703,Ta00759_20170703,Ta00759_20170703.jpg,quadrat,569,22,4167,3456
Ta00759,20170703,Ta00759_20170703,Ta00759_20170703.jpg,quadrat_corner,657,11,1019,351
Ta00759,20170703,Ta00759_20170703,Ta00759_20170703.jpg,quadrat_corner,3668,11,4052,351
Ta00759,20170703,Ta00759_20170703,Ta00759_20170703.jpg,quadrat_corner,3794,3067,4178,3434
Ta00759,20170703,Ta00759_20170703,Ta00759_20170703.jpg,quadrat_corner,569,3094,947,3456
Ta00510,20170703,Ta00510_20170703,Ta00510_20170703.jpg,clover,1287,614,3240,2441
Ta00510,20170703,Ta00510_20170703,Ta00510_20170703.jpg,quadrat,251,104,3773,3412
Ta00510,20170703,Ta00510_20170703,Ta00510_20170703.jpg,quadrat_corner,404,151,744,461
Ta00510,20170703,Ta00510_20170703,Ta00510_20170703.jpg,quadrat_corner,3284,104,3619,428
Ta00510,20170703,Ta00510_20170703,Ta00510_20170703.jpg,quadrat_corner,3421,2979,3751,3374
Ta00510,20170703,Ta00510_20170703,Ta00510_20170703.jpg,quadrat_corner,251,3034,618,3418
Ta01328,20170703,Ta01328_20170703,Ta01328_20170703.jpg,clover,1359,252,3026,2156
Ta01328,20170703,Ta01328_20170703,Ta01328_20170703.jpg,quadrat,580,143,3745,3198
Ta01328,20170703,Ta01328_20170703,Ta01328_20170703.jpg,quadrat_corner,662,143,986,444
Ta01328,20170703,Ta01328_20170703,Ta01328_20170703.jpg,quadrat_corner,3350,126,3674,433
Ta01328,20170703,Ta01328_20170703,Ta01328_20170703.jpg,quadrat_corner,3421,2864,3734,3182
Ta01328,20170703,Ta01328_20170703,Ta01328_20170703.jpg,quadrat_corner,574,2853,887,3204
Ta01868,20170703,Ta01868_20170703,Ta01868_20170703.jpg,clover,1600,949,2807,2408
Ta01868,20170703,Ta01868_20170703,Ta01868_20170703.jpg,quadrat,1194,121,4639,3456
Ta01868,20170703,Ta01868_20170703,Ta01868_20170703.jpg,quadrat_corner,1211,192,1556,527
Ta01868,20170703,Ta01868_20170703,Ta01868_20170703.jpg,quadrat_corner,4228,121,4573,466
Ta01868,20170703,Ta01868_20170703,Ta01868_20170703.jpg,quadrat_corner,4294,3132,4634,3456
Ta01868,20170703,Ta01868_20170703,Ta01868_20170703.jpg,quadrat_corner,1277,3198,1633,3456
Ta02184,20170703,Ta02184_20170703,Ta02184_20170703.jpg,clover,1639,203,3723,2200
Ta02184,20170703,Ta02184_20170703,Ta02184_20170703.jpg,quadrat,690,0,4403,3456
Ta02184,20170703,Ta02184_20170703,Ta02184_20170703.jpg,quadrat_corner,903,0,1304,329
Ta02184,20170703,Ta02184_20170703,Ta02184_20170703.jpg,quadrat_corner,3981,5,4327,373
Ta02184,20170703,Ta02184_20170703,Ta02184_20170703.jpg,quadrat_corner,4030,3138,4409,3456
Ta02184,20170703,Ta02184_20170703,Ta02184_20170703.jpg,quadrat_corner,684,3056,1074,3445
Ta00723,20170703,Ta00723_20170703,Ta00723_20170703.jpg,clover,1676,1110,2730,2298
Ta00723,20170703,Ta00723_20170703,Ta00723_20170703.jpg,quadrat,1186,129,4682,3456
Ta00723,20170703,Ta00723_20170703,Ta00723_20170703.jpg,quadrat_corner,1195,225,1562,593
Ta00723,20170703,Ta00723_20170703,Ta00723_20170703.jpg,quadrat_corner,4234,129,4594,473
Ta00723,20170703,Ta00723_20170703,Ta00723_20170703.jpg,quadrat_corner,4362,3129,4698,3456
Ta00723,20170703,Ta00723_20170703,Ta00723_20170703.jpg,quadrat_corner,1295,3255,1679,3454
Ta01860,20170703,Ta01860_20170703,Ta01860_20170703.jpg,clover,2165,895,3645,2411
Ta01860,20170703,Ta01860_20170703,Ta01860_20170703.jpg,quadrat,1332,0,4748,3360
Ta01860,20170703,Ta01860_20170703,Ta01860_20170703.jpg,quadrat_corner,1365,0,1725,303
Ta01860,20170703,Ta01860_20170703,Ta01860_20170703.jpg,quadrat_corner,4380,0,4748,328
Ta01860,20170703,Ta01860_20170703,Ta01860_20170703.jpg,quadrat_corner,4361,2982,4697,3350
Ta01860,20170703,Ta01860_20170703,Ta01860_20170703.jpg,quadrat_corner,1340,2947,1708,3307
Ta01195,20170703,Ta01195_20170703,Ta01195_20170703.jpg,clover,1752,592,3026,1706
Ta01195,20170703,Ta01195_20170703,Ta01195_20170703.jpg,quadrat,530,0,4124,3368
Ta01195,20170703,Ta01195_20170703,Ta01195_20170703.jpg,quadrat_corner,657,0,1013,274
Ta01195,20170703,Ta01195_20170703,Ta01195_20170703.jpg,quadrat_corner,3641,0,4030,313
Ta01195,20170703,Ta01195_20170703,Ta01195_20170703.jpg,quadrat_corner,3729,2979,4107,3363
Ta01195,20170703,Ta01195_20170703,Ta01195_20170703.jpg,quadrat_corner,519,2995,920,3396
Ta01054,20170703,Ta01054_20170703,Ta01054_20170703.jpg,quadrat,971,0,4473,3324
Ta01054,20170703,Ta01054_20170703,Ta01054_20170703.jpg,quadrat_corner,4099,0,4484,248
Ta01054,20170703,Ta01054_20170703,Ta01054_20170703.jpg,quadrat_corner,969,0,1356,238
Ta01054,20170703,Ta01054_20170703,Ta01054_20170703.jpg,quadrat_corner,1017,2960,1395,3326
Ta01054,20170703,Ta01054_20170703,Ta01054_20170703.jpg,quadrat_corner,4053,2945,4412,3309
Ta01054,20170703,Ta01054_20170703,Ta01054_20170703.jpg,clover,1202,1711,1343,1833
Ta00878,20170703,Ta00878_20170703,Ta00878_20170703.jpg,clover,1732,505,3207,2090
Ta00878,20170703,Ta00878_20170703,Ta00878_20170703.jpg,quadrat,540,73,4013,3309
Ta00878,20170703,Ta00878_20170703,Ta00878_20170703.jpg,quadrat_corner,706,77,1057,368
Ta00878,20170703,Ta00878_20170703,Ta00878_20170703.jpg,quadrat_corner,3548,99,3893,389
Ta00878,20170703,Ta00878_20170703,Ta00878_20170703.jpg,quadrat_corner,3663,2902,4014,3308
Ta00878,20170703,Ta00878_20170703,Ta00878_20170703.jpg,quadrat_corner,547,2907,903,3286
Ta00627,20170703,Ta00627_20170703,Ta00627_20170703.jpg,clover,711,614,3602,3149
Ta00627,20170703,Ta00627_20170703,Ta00627_20170703.jpg,quadrat,262,0,3838,3418
Ta00627,20170703,Ta00627_20170703,Ta00627_20170703.jpg,quadrat_corner,349,11,701,340
Ta00627,20170703,Ta00627_20170703,Ta00627_20170703.jpg,quadrat_corner,3339,0,3696,252
Ta00627,20170703,Ta00627_20170703,Ta00627_20170703.jpg,quadrat_corner,3462,2956,3833,3355
Ta00627,20170703,Ta00627_20170703,Ta00627_20170703.jpg,quadrat_corner,256,3028,613,3418
Ta01875,20170703,Ta01875_20170703,Ta01875_20170703.jpg,clover,1200,180,3410,3077
Ta01875,20170703,Ta01875_20170703,Ta01875_20170703.jpg,quadrat,371,0,3910,3390
Ta01875,20170703,Ta01875_20170703,Ta01875_20170703.jpg,quadrat_corner,465,27,821,351
Ta01875,20170703,Ta01875_20170703,Ta01875_20170703.jpg,quadrat_corner,3410,0,3767,318
Ta01875,20170703,Ta01875_20170703,Ta01875_20170703.jpg,quadrat_corner,3548,2951,3893,3330
Ta01875,20170703,Ta01875_20170703,Ta01875_20170703.jpg,quadrat_corner,327,2995,733,3396
Ta00430,20170703,Ta00430_20170703,Ta00430_20170703.jpg,clover,821,603,3421,3269
Ta00430,20170703,Ta00430_20170703,Ta00430_20170703.jpg,quadrat,603,166,4083,3456
Ta00430,20170703,Ta00430_20170703,Ta00430_20170703.jpg,quadrat_corner,635,182,1019,518
Ta00430,20170703,Ta00430_20170703,Ta00430_20170703.jpg,quadrat_corner,3723,150,4075,518
Ta00430,20170703,Ta00430_20170703,Ta00430_20170703.jpg,quadrat_corner,3747,3166,4091,3456
Ta00430,20170703,Ta00430_20170703,Ta00430_20170703.jpg,quadrat_corner,691,3286,1075,3456
Ta00177,20170703,Ta00177_20170703,Ta00177_20170703.jpg,clover,1052,22,3597,2425
Ta00177,20170703,Ta00177_20170703,Ta00177_20170703.jpg,quadrat,443,55,3937,3456
Ta00177,20170703,Ta00177_20170703,Ta00177_20170703.jpg,quadrat_corner,536,60,860,384
Ta00177,20170703,Ta00177_20170703,Ta00177_20170703.jpg,quadrat_corner,3498,33,3844,395
Ta00177,20170703,Ta00177_20170703,Ta00177_20170703.jpg,quadrat_corner,3564,3061,3937,3434
Ta00177,20170703,Ta00177_20170703,Ta00177_20170703.jpg,quadrat_corner,410,3061,783,3440
Ta02073,20170608,Ta02073_20170608,Ta02073_20170608.jpg,clover,2456,1004,3048,2074
Ta02073,20170608,Ta02073_20170608,Ta02073_20170608.jpg,quadrat,1425,77,4431,3072
Ta02073,20170608,Ta02073_20170608,Ta02073_20170608.jpg,quadrat_corner,1458,88,1754,389
Ta02073,20170608,Ta02073_20170608,Ta02073_20170608.jpg,quadrat_corner,4118,154,4431,472
Ta02073,20170608,Ta02073_20170608,Ta02073_20170608.jpg,quadrat_corner,3997,2776,4299,3067
Ta02073,20170608,Ta02073_20170608,Ta02073_20170608.jpg,quadrat_corner,1425,2704,1732,3017
Ta01877,20170703,Ta01877_20170703,Ta01877_20170703.jpg,clover,1205,77,3301,2271
Ta01877,20170703,Ta01877_20170703,Ta01877_20170703.jpg,quadrat,355,0,4036,3313
Ta01877,20170703,Ta01877_20170703,Ta01877_20170703.jpg,quadrat_corner,538,0,893,217
Ta01877,20170703,Ta01877_20170703,Ta01877_20170703.jpg,quadrat_corner,3564,0,3937,197
Ta01877,20170703,Ta01877_20170703,Ta01877_20170703.jpg,quadrat_corner,3663,2918,4036,3302
Ta01877,20170703,Ta01877_20170703,Ta01877_20170703.jpg,quadrat_corner,344,2896,722,3302
Ta02220,20170608,Ta02220_20170608,Ta02220_20170608.jpg,clover,2560,1240,3312,1882
Ta02220,20170608,Ta02220_20170608,Ta02220_20170608.jpg,quadrat,1249,197,4206,3127
Ta02220,20170608,Ta02220_20170608,Ta02220_20170608.jpg,quadrat_corner,1271,247,1545,560
Ta02220,20170608,Ta02220_20170608,Ta02220_20170608.jpg,quadrat_corner,3882,181,4173,483
Ta02220,20170608,Ta02220_20170608,Ta02220_20170608.jpg,quadrat_corner,3882,2787,4195,3105
Ta02220,20170608,Ta02220_20170608,Ta02220_20170608.jpg,quadrat_corner,1326,2842,1655,3143
Ta02339,20170703,Ta02339_20170703,Ta02339_20170703.jpg,clover,1946,1086,3646,2063
Ta02339,20170703,Ta02339_20170703,Ta02339_20170703.jpg,quadrat,827,0,4431,3456
Ta02339,20170703,Ta02339_20170703,Ta02339_20170703.jpg,quadrat_corner,947,55,1287,400
Ta02339,20170703,Ta02339_20170703,Ta02339_20170703.jpg,quadrat_corner,3954,0,4321,318
Ta02339,20170703,Ta02339_20170703,Ta02339_20170703.jpg,quadrat_corner,4036,3088,4425,3456
Ta02339,20170703,Ta02339_20170703,Ta02339_20170703.jpg,quadrat_corner,832,3077,1189,3456
Ta00614,20170703,Ta00614_20170703,Ta00614_20170703.jpg,clover,2193,351,3674,2178
Ta00614,20170703,Ta00614_20170703,Ta00614_20170703.jpg,quadrat,1000,33,4584,3456
Ta00614,20170703,Ta00614_20170703,Ta00614_20170703.jpg,quadrat_corner,1134,77,1490,411
Ta00614,20170703,Ta00614_20170703,Ta00614_20170703.jpg,quadrat_corner,4113,55,4475,384
Ta00614,20170703,Ta00614_20170703,Ta00614_20170703.jpg,quadrat_corner,4228,3105,4579,3456
Ta00614,20170703,Ta00614_20170703,Ta00614_20170703.jpg,quadrat_corner,991,3061,1353,3456
Ta01070,20170703,Ta01070_20170703,Ta01070_20170703.jpg,clover,2215,1267,3268,2216
Ta01070,20170703,Ta01070_20170703,Ta01070_20170703.jpg,quadrat,1427,14,4883,3437
Ta01070,20170703,Ta01070_20170703,Ta01070_20170703.jpg,quadrat_corner,1441,16,1776,368
Ta01070,20170703,Ta01070_20170703,Ta01070_20170703.jpg,quadrat_corner,4502,0,4848,346
Ta01070,20170703,Ta01070_20170703,Ta01070_20170703.jpg,quadrat_corner,4513,3039,4859,3407
Ta01070,20170703,Ta01070_20170703,Ta01070_20170703.jpg,quadrat_corner,1441,3067,1836,3423
Ta01406,20170703,Ta01406_20170703,Ta01406_20170703.jpg,clover,2352,691,3646,2370
Ta01406,20170703,Ta01406_20170703,Ta01406_20170703.jpg,quadrat,1024,99,4562,3451
Ta01406,20170703,Ta01406_20170703,Ta01406_20170703.jpg,quadrat_corner,1255,99,1595,417
Ta01406,20170703,Ta01406_20170703,Ta01406_20170703.jpg,quadrat_corner,4173,88,4502,428
Ta01406,20170703,Ta01406_20170703,Ta01406_20170703.jpg,quadrat_corner,1035,2951,1392,3341
Ta01406,20170703,Ta01406_20170703,Ta01406_20170703.jpg,quadrat_corner,4200,3067,4557,3451
Ta01360,20170703,Ta01360_20170703,Ta01360_20170703.jpg,clover,2143,263,3564,2101
Ta01360,20170703,Ta01360_20170703,Ta01360_20170703.jpg,quadrat,816,0,4414,3352
Ta01360,20170703,Ta01360_20170703,Ta01360_20170703.jpg,quadrat_corner,947,0,1309,302
Ta01360,20170703,Ta01360_20170703,Ta01360_20170703.jpg,quadrat_corner,3915,0,4283,252
Ta01360,20170703,Ta01360_20170703,Ta01360_20170703.jpg,quadrat_corner,4041,2935,4425,3346
Ta01360,20170703,Ta01360_20170703,Ta01360_20170703.jpg,quadrat_corner,810,2935,1183,3335
Ta01119,20170703,Ta01119_20170703,Ta01119_20170703.jpg,clover,1007,1071,2683,2095
Ta01119,20170703,Ta01119_20170703,Ta01119_20170703.jpg,quadrat,437,0,4000,3456
Ta01119,20170703,Ta01119_20170703,Ta01119_20170703.jpg,quadrat_corner,569,0,947,248
Ta01119,20170703,Ta01119_20170703,Ta01119_20170703.jpg,quadrat_corner,3620,0,3980,341
Ta01119,20170703,Ta01119_20170703,Ta01119_20170703.jpg,quadrat_corner,3626,3053,4012,3456
Ta01119,20170703,Ta01119_20170703,Ta01119_20170703.jpg,quadrat_corner,436,3013,804,3381
Ta01820,20170703,Ta01820_20170703,Ta01820_20170703.jpg,clover,1458,176,3487,2606
Ta01820,20170703,Ta01820_20170703,Ta01820_20170703.jpg,quadrat,547,0,4343,3456
Ta01820,20170703,Ta01820_20170703,Ta01820_20170703.jpg,quadrat_corner,772,0,1183,296
Ta01820,20170703,Ta01820_20170703,Ta01820_20170703.jpg,quadrat_corner,3904,38,4277,368
Ta01820,20170703,Ta01820_20170703,Ta01820_20170703.jpg,quadrat_corner,3948,3182,4343,3456
Ta01820,20170703,Ta01820_20170703,Ta01820_20170703.jpg,quadrat_corner,536,3083,925,3456
Ta01928,20170703,Ta01928_20170703,Ta01928_20170703.jpg,clover,2376,581,3452,1625
Ta01928,20170703,Ta01928_20170703,Ta01928_20170703.jpg,quadrat,643,0,4243,3306
Ta01928,20170703,Ta01928_20170703,Ta01928_20170703.jpg,quadrat_corner,819,0,1187,234
Ta01928,20170703,Ta01928_20170703,Ta01928_20170703.jpg,quadrat_corner,3803,0,4187,250
Ta01928,20170703,Ta01928_20170703,Ta01928_20170703.jpg,quadrat_corner,3867,2970,4243,3274
Ta01928,20170703,Ta01928_20170703,Ta01928_20170703.jpg,quadrat_corner,635,2890,1011,3306
Ta02335,20170608,Ta02335_20170608,Ta02335_20170608.jpg,clover,2127,1794,2977,2617
Ta02335,20170608,Ta02335_20170608,Ta02335_20170608.jpg,quadrat,1134,362,4129,3346
Ta02335,20170608,Ta02335_20170608,Ta02335_20170608.jpg,quadrat_corner,1156,433,1452,735
Ta02335,20170608,Ta02335_20170608,Ta02335_20170608.jpg,quadrat_corner,3773,346,4069,658
Ta02335,20170608,Ta02335_20170608,Ta02335_20170608.jpg,quadrat_corner,3844,2924,4118,3242
Ta02335,20170608,Ta02335_20170608,Ta02335_20170608.jpg,quadrat_corner,1287,3039,1595,3352
Ta01183,20170703,Ta01183_20170703,Ta01183_20170703.jpg,clover,1441,773,3290,1986
Ta01183,20170703,Ta01183_20170703,Ta01183_20170703.jpg,quadrat,568,165,4150,3456
Ta01183,20170703,Ta01183_20170703,Ta01183_20170703.jpg,quadrat_corner,679,230,1008,560
Ta01183,20170703,Ta01183_20170703,Ta01183_20170703.jpg,quadrat_corner,3619,159,3954,488
Ta01183,20170703,Ta01183_20170703,Ta01183_20170703.jpg,quadrat_corner,3751,3132,4146,3456
Ta01183,20170703,Ta01183_20170703,Ta01183_20170703.jpg,quadrat_corner,558,3198,920,3456
Ta01547,20170703,Ta01547_20170703,Ta01547_20170703.jpg,clover,1661,1657,3087,3056
Ta01547,20170703,Ta01547_20170703,Ta01547_20170703.jpg,quadrat,1189,0,4678,3456
Ta01547,20170703,Ta01547_20170703,Ta01547_20170703.jpg,quadrat_corner,1194,0,1562,340
Ta01547,20170703,Ta01547_20170703,Ta01547_20170703.jpg,quadrat_corner,4327,0,4683,384
Ta01547,20170703,Ta01547_20170703,Ta01547_20170703.jpg,quadrat_corner,4261,3083,4584,3423
Ta01547,20170703,Ta01547_20170703,Ta01547_20170703.jpg,quadrat_corner,1205,3056,1567,3412
Ta00722,20170703,Ta00722_20170703,Ta00722_20170703.jpg,clover,1935,170,3284,1712
Ta00722,20170703,Ta00722_20170703,Ta00722_20170703.jpg,quadrat,744,0,4447,3456
Ta00722,20170703,Ta00722_20170703,Ta00722_20170703.jpg,quadrat_corner,3871,0,4211,318
Ta00722,20170703,Ta00722_20170703,Ta00722_20170703.jpg,quadrat_corner,4091,3017,4442,3407
Ta00722,20170703,Ta00722_20170703,Ta00722_20170703.jpg,quadrat_corner,744,3077,1139,3456
Ta00722,20170703,Ta00722_20170703,Ta00722_20170703.jpg,quadrat_corner,801,0,1177,301
Ta02338,20170608,Ta02338_20170608,Ta02338_20170608.jpg,clover,2297,784,3443,1893
Ta02338,20170608,Ta02338_20170608,Ta02338_20170608.jpg,quadrat,1534,230,4475,3176
Ta02338,20170608,Ta02338_20170608,Ta02338_20170608.jpg,quadrat_corner,1556,208,1863,538
Ta02338,20170608,Ta02338_20170608,Ta02338_20170608.jpg,quadrat_corner,4184,258,4475,571
Ta02338,20170608,Ta02338_20170608,Ta02338_20170608.jpg,quadrat_corner,4118,2858,4414,3165
Ta02338,20170608,Ta02338_20170608,Ta02338_20170608.jpg,quadrat_corner,1529,2820,1847,3138
Ta02075,20170703,Ta02075_20170703,Ta02075_20170703.jpg,clover,1386,296,3076,1975
Ta02075,20170703,Ta02075_20170703,Ta02075_20170703.jpg,quadrat,325,0,3908,3390
Ta02075,20170703,Ta02075_20170703,Ta02075_20170703.jpg,quadrat_corner,410,0,777,263
Ta02075,20170703,Ta02075_20170703,Ta02075_20170703.jpg,quadrat_corner,3432,0,3783,247
Ta02075,20170703,Ta02075_20170703,Ta02075_20170703.jpg,quadrat_corner,3575,2929,3921,3319
Ta02075,20170703,Ta02075_20170703,Ta02075_20170703.jpg,quadrat_corner,338,3012,739,3390
Ta01663,20170703,Ta01663_20170703,Ta01663_20170703.jpg,clover,1671,280,3849,2644
Ta01663,20170703,Ta01663_20170703,Ta01663_20170703.jpg,quadrat,975,33,4398,3445
Ta01663,20170703,Ta01663_20170703,Ta01663_20170703.jpg,quadrat_corner,1106,33,1458,362
Ta01663,20170703,Ta01663_20170703,Ta01663_20170703.jpg,quadrat_corner,4036,99,4376,422
Ta01663,20170703,Ta01663_20170703,Ta01663_20170703.jpg,quadrat_corner,4036,3077,4376,3451
Ta01663,20170703,Ta01663_20170703,Ta01663_20170703.jpg,quadrat_corner,964,2973,1326,3368
Ta00907,20170703,Ta00907_20170703,Ta00907_20170703.jpg,clover,1874,1218,3619,3132
Ta00907,20170703,Ta00907_20170703,Ta00907_20170703.jpg,quadrat,1108,159,4532,3456
Ta00907,20170703,Ta00907_20170703,Ta00907_20170703.jpg,quadrat_corner,1114,148,1466,516
Ta00907,20170703,Ta00907_20170703,Ta00907_20170703.jpg,quadrat_corner,4202,148,4543,505
Ta00907,20170703,Ta00907_20170703,Ta00907_20170703.jpg,quadrat_corner,4170,3193,4532,3456
Ta00907,20170703,Ta00907_20170703,Ta00907_20170703.jpg,quadrat_corner,1140,3236,1508,3455
Ta02316,20170703,Ta02316_20170703,Ta02316_20170703.jpg,clover,640,0,4255,2951
Ta02316,20170703,Ta02316_20170703,Ta02316_20170703.jpg,quadrat,591,0,4381,3456
Ta02316,20170703,Ta02316_20170703,Ta02316_20170703.jpg,quadrat_corner,777,0,1172,302
Ta02316,20170703,Ta02316_20170703,Ta02316_20170703.jpg,quadrat_corner,3904,60,4261,417
Ta02316,20170703,Ta02316_20170703,Ta02316_20170703.jpg,quadrat_corner,4014,3171,4392,3456
Ta02316,20170703,Ta02316_20170703,Ta02316_20170703.jpg,quadrat_corner,591,3143,1008,3456
Ta02179,20170608,Ta02179_20170608,Ta02179_20170608.jpg,clover,1951,1509,3147,2512
Ta02179,20170608,Ta02179_20170608,Ta02179_20170608.jpg,quadrat,1320,636,4288,3456
Ta02179,20170608,Ta02179_20170608,Ta02179_20170608.jpg,quadrat_corner,1326,691,1633,993
Ta02179,20170608,Ta02179_20170608,Ta02179_20170608.jpg,quadrat_corner,3948,631,4255,955
Ta02179,20170608,Ta02179_20170608,Ta02179_20170608.jpg,quadrat_corner,3981,3248,4294,3456
Ta02179,20170608,Ta02179_20170608,Ta02179_20170608.jpg,quadrat_corner,1403,3291,1710,3456
Ta01791,20170703,Ta01791_20170703,Ta01791_20170703.jpg,quadrat,895,0,4511,3456
Ta01791,20170703,Ta01791_20170703,Ta01791_20170703.jpg,quadrat_corner,991,0,1399,281
Ta01791,20170703,Ta01791_20170703,Ta01791_20170703.jpg,quadrat_corner,4095,0,4463,273
Ta01791,20170703,Ta01791_20170703,Ta01791_20170703.jpg,quadrat_corner,4135,3089,4503,3456
Ta01791,20170703,Ta01791_20170703,Ta01791_20170703.jpg,quadrat_corner,863,3001,1263,3385
Ta00958,20170703,Ta00958_20170703,Ta00958_20170703.jpg,clover,2324,845,3443,2337
Ta00958,20170703,Ta00958_20170703,Ta00958_20170703.jpg,quadrat,975,0,4469,3308
Ta00958,20170703,Ta00958_20170703,Ta00958_20170703.jpg,quadrat_corner,1068,11,1397,318
Ta00958,20170703,Ta00958_20170703,Ta00958_20170703.jpg,quadrat_corner,3992,0,4327,291
Ta00958,20170703,Ta00958_20170703,Ta00958_20170703.jpg,quadrat_corner,4102,2929,4453,3297
Ta00958,20170703,Ta00958_20170703,Ta00958_20170703.jpg,quadrat_corner,975,2929,1326,3324
Ta02342,20170608,Ta02342_20170608,Ta02342_20170608.jpg,clover,2088,1179,3498,2496
Ta02342,20170608,Ta02342_20170608,Ta02342_20170608.jpg,quadrat,1123,444,4102,3456
Ta02342,20170608,Ta02342_20170608,Ta02342_20170608.jpg,quadrat_corner,1117,538,1414,856
Ta02342,20170608,Ta02342_20170608,Ta02342_20170608.jpg,quadrat_corner,3718,428,4030,741
Ta02342,20170608,Ta02342_20170608,Ta02342_20170608.jpg,quadrat_corner,3816,3017,4102,3346
Ta02342,20170608,Ta02342_20170608,Ta02342_20170608.jpg,quadrat_corner,1244,3171,1556,3456
Ta00221,20170703,Ta00221_20170703,Ta00221_20170703.jpg,clover,2588,1613,3378,2364
Ta00221,20170703,Ta00221_20170703,Ta00221_20170703.jpg,quadrat,969,0,4508,3456
Ta00221,20170703,Ta00221_20170703,Ta00221_20170703.jpg,quadrat_corner,1013,0,1408,340
Ta00221,20170703,Ta00221_20170703,Ta00221_20170703.jpg,quadrat_corner,4167,104,4519,488
Ta00221,20170703,Ta00221_20170703,Ta00221_20170703.jpg,quadrat_corner,4014,3171,4349,3456
Ta00221,20170703,Ta00221_20170703,Ta00221_20170703.jpg,quadrat_corner,958,3083,1326,3456
Ta01350,20170703,Ta01350_20170703,Ta01350_20170703.jpg,clover,822,235,3526,3187
Ta01350,20170703,Ta01350_20170703,Ta01350_20170703.jpg,quadrat,446,67,3926,3395
Ta01350,20170703,Ta01350_20170703,Ta01350_20170703.jpg,quadrat_corner,550,163,878,451
Ta01350,20170703,Ta01350_20170703,Ta01350_20170703.jpg,quadrat_corner,3382,67,3734,387
Ta01350,20170703,Ta01350_20170703,Ta01350_20170703.jpg,quadrat_corner,3518,2947,3902,3347
Ta01350,20170703,Ta01350_20170703,Ta01350_20170703.jpg,quadrat_corner,430,3035,806,3427
Ta02207,20170608,Ta02207_20170608,Ta02207_20170608.jpg,clover,2094,1454,3169,2688
Ta02207,20170608,Ta02207_20170608,Ta02207_20170608.jpg,quadrat,942,346,3910,3324
Ta02207,20170608,Ta02207_20170608,Ta02207_20170608.jpg,quadrat_corner,942,373,1249,702
Ta02207,20170608,Ta02207_20170608,Ta02207_20170608.jpg,quadrat_corner,3548,335,3855,647
Ta02207,20170608,Ta02207_20170608,Ta02207_20170608.jpg,quadrat_corner,3619,2957,3910,3264
Ta02207,20170608,Ta02207_20170608,Ta02207_20170608.jpg,quadrat_corner,991,3001,1304,3324
Ta02343,20170608,Ta02343_20170608,Ta02343_20170608.jpg,clover,1606,1119,2796,2342
Ta02343,20170608,Ta02343_20170608,Ta02343_20170608.jpg,quadrat,917,134,3962,3190
Ta02343,20170608,Ta02343_20170608,Ta02343_20170608.jpg,quadrat_corner,909,247,1194,554
Ta02343,20170608,Ta02343_20170608,Ta02343_20170608.jpg,quadrat_corner,3570,126,3882,461
Ta02343,20170608,Ta02343_20170608,Ta02343_20170608.jpg,quadrat_corner,3646,2765,3943,3077
Ta02343,20170608,Ta02343_20170608,Ta02343_20170608.jpg,quadrat_corner,1046,2880,1375,3193
Ta01509,20170703,Ta01509_20170703,Ta01509_20170703.jpg,clover,1474,411,3218,2973
Ta01509,20170703,Ta01509_20170703,Ta01509_20170703.jpg,quadrat,733,0,4272,3313
Ta01509,20170703,Ta01509_20170703,Ta01509_20170703.jpg,quadrat_corner,854,0,1216,296
Ta01509,20170703,Ta01509_20170703,Ta01509_20170703.jpg,quadrat_corner,3794,0,4140,269
Ta01509,20170703,Ta01509_20170703,Ta01509_20170703.jpg,quadrat_corner,3893,2929,4266,3308
Ta01509,20170703,Ta01509_20170703,Ta01509_20170703.jpg,quadrat_corner,722,2907,1090,3302
Ta01973,20170608,Ta01973_20170608,Ta01973_20170608.jpg,clover,2165,1108,3158,2556
Ta01973,20170608,Ta01973_20170608,Ta01973_20170608.jpg,quadrat,1063,378,3948,3280
Ta01973,20170608,Ta01973_20170608,Ta01973_20170608.jpg,quadrat_corner,1079,362,1381,647
Ta01973,20170608,Ta01973_20170608,Ta01973_20170608.jpg,quadrat_corner,3668,389,3954,691
Ta01973,20170608,Ta01973_20170608,Ta01973_20170608.jpg,quadrat_corner,3619,2946,3910,3248
Ta01973,20170608,Ta01973_20170608,Ta01973_20170608.jpg,quadrat_corner,1057,2940,1370,3264
Ta00064,20170703,Ta00064_20170703,Ta00064_20170703.jpg,clover,1128,82,4628,3198
Ta00064,20170703,Ta00064_20170703,Ta00064_20170703.jpg,quadrat,1145,33,4645,3385
Ta00064,20170703,Ta00064_20170703,Ta00064_20170703.jpg,quadrat_corner,1238,44,1611,340
Ta00064,20170703,Ta00064_20170703,Ta00064_20170703.jpg,quadrat_corner,4200,27,4551,335
Ta00064,20170703,Ta00064_20170703,Ta00064_20170703.jpg,quadrat_corner,4283,2995,4650,3379
Ta00064,20170703,Ta00064_20170703,Ta00064_20170703.jpg,quadrat_corner,1134,2951,1485,3324
Ta00728,20170703,Ta00728_20170703,Ta00728_20170703.jpg,clover,2559,576,3663,1784
Ta00728,20170703,Ta00728_20170703,Ta00728_20170703.jpg,quadrat,1110,30,4630,3406
Ta00728,20170703,Ta00728_20170703,Ta00728_20170703.jpg,quadrat_corner,1230,86,1582,390
Ta00728,20170703,Ta00728_20170703,Ta00728_20170703.jpg,quadrat_corner,4174,30,4542,350
Ta00728,20170703,Ta00728_20170703,Ta00728_20170703.jpg,quadrat_corner,4262,3022,4622,3382
Ta00728,20170703,Ta00728_20170703,Ta00728_20170703.jpg,quadrat_corner,1086,2998,1462,3350
Ta00739,20170703,Ta00739_20170703,Ta00739_20170703.jpg,clover,530,763,1984,2364
Ta00739,20170703,Ta00739_20170703,Ta00739_20170703.jpg,quadrat,86,143,3619,3456
Ta00739,20170703,Ta00739_20170703,Ta00739_20170703.jpg,quadrat_corner,229,176,574,483
Ta00739,20170703,Ta00739_20170703,Ta00739_20170703.jpg,quadrat_corner,3136,143,3482,455
Ta00739,20170703,Ta00739_20170703,Ta00739_20170703.jpg,quadrat_corner,3268,3028,3630,3412
Ta00739,20170703,Ta00739_20170703,Ta00739_20170703.jpg,quadrat_corner,103,3099,476,3456
Ta02189,20170608,Ta02189_20170608,Ta02189_20170608.jpg,clover,2196,1404,3180,2536
Ta02189,20170608,Ta02189_20170608,Ta02189_20170608.jpg,quadrat,1341,454,4325,3446
Ta02189,20170608,Ta02189_20170608,Ta02189_20170608.jpg,quadrat_corner,1339,503,1627,847
Ta02189,20170608,Ta02189_20170608,Ta02189_20170608.jpg,quadrat_corner,3931,415,4243,719
Ta02189,20170608,Ta02189_20170608,Ta02189_20170608.jpg,quadrat_corner,4019,2999,4283,3319
Ta02189,20170608,Ta02189_20170608,Ta02189_20170608.jpg,quadrat_corner,1427,3119,1771,3399
Ta00165,20170703,Ta00165_20170703,Ta00165_20170703.jpg,clover,1671,845,2697,1679
Ta00165,20170703,Ta00165_20170703,Ta00165_20170703.jpg,quadrat,432,0,3926,3275
Ta00165,20170703,Ta00165_20170703,Ta00165_20170703.jpg,quadrat_corner,503,0,865,203
Ta00165,20170703,Ta00165_20170703,Ta00165_20170703.jpg,quadrat_corner,3487,0,3855,187
Ta00165,20170703,Ta00165_20170703,Ta00165_20170703.jpg,quadrat_corner,3559,2885,3921,3259
Ta00165,20170703,Ta00165_20170703,Ta00165_20170703.jpg,quadrat_corner,410,2896,783,3264
Ta02279,20170703,Ta02279_20170703,Ta02279_20170703.jpg,clover,2198,872,3164,1624
Ta02279,20170703,Ta02279_20170703,Ta02279_20170703.jpg,quadrat,771,34,4435,3456
Ta02279,20170703,Ta02279_20170703,Ta02279_20170703.jpg,quadrat_corner,873,82,1217,410
Ta02279,20170703,Ta02279_20170703,Ta02279_20170703.jpg,quadrat_corner,3897,50,4249,402
Ta02279,20170703,Ta02279_20170703,Ta02279_20170703.jpg,quadrat_corner,4049,3130,4433,3456
Ta02279,20170703,Ta02279_20170703,Ta02279_20170703.jpg,quadrat_corner,777,3154,1161,3456
Ta01592,20170703,Ta01592_20170703,Ta01592_20170703.jpg,clover,1518,993,3350,2951
Ta01592,20170703,Ta01592_20170703,Ta01592_20170703.jpg,quadrat,772,162,4236,3456
Ta01592,20170703,Ta01592_20170703,Ta01592_20170703.jpg,quadrat_corner,796,162,1188,514
Ta01592,20170703,Ta01592_20170703,Ta01592_20170703.jpg,quadrat_corner,3900,202,4260,578
Ta01592,20170703,Ta01592_20170703,Ta01592_20170703.jpg,quadrat_corner,3868,3242,4212,3456
Ta01592,20170703,Ta01592_20170703,Ta01592_20170703.jpg,quadrat_corner,812,3258,1156,3456
Ta01588,20170703,Ta01588_20170703,Ta01588_20170703.jpg,clover,1639,911,2758,2161
Ta01588,20170703,Ta01588_20170703,Ta01588_20170703.jpg,quadrat,673,110,4178,3407
Ta01588,20170703,Ta01588_20170703,Ta01588_20170703.jpg,quadrat_corner,799,143,1150,450
Ta01588,20170703,Ta01588_20170703,Ta01588_20170703.jpg,quadrat_corner,3701,115,4047,422
Ta01588,20170703,Ta01588_20170703,Ta01588_20170703.jpg,quadrat_corner,3816,3012,4184,3390
Ta01588,20170703,Ta01588_20170703,Ta01588_20170703.jpg,quadrat_corner,662,3039,1013,3390
Ta00074,20170703,Ta00074_20170703,Ta00074_20170703.jpg,clover,1567,384,3416,2419
Ta00074,20170703,Ta00074_20170703,Ta00074_20170703.jpg,quadrat,470,110,3833,3346
Ta00074,20170703,Ta00074_20170703,Ta00074_20170703.jpg,quadrat_corner,541,165,871,494
Ta00074,20170703,Ta00074_20170703,Ta00074_20170703.jpg,quadrat_corner,3350,115,3685,417
Ta00074,20170703,Ta00074_20170703,Ta00074_20170703.jpg,quadrat_corner,3493,2946,3844,3302
Ta00074,20170703,Ta00074_20170703,Ta00074_20170703.jpg,quadrat_corner,459,3001,799,3368
Ta01594,20170703,Ta01594_20170703,Ta01594_20170703.jpg,clover,1447,691,3224,2161
Ta01594,20170703,Ta01594_20170703,Ta01594_20170703.jpg,quadrat,701,121,3838,3160
Ta01594,20170703,Ta01594_20170703,Ta01594_20170703.jpg,quadrat_corner,788,132,1112,422
Ta01594,20170703,Ta01594_20170703,Ta01594_20170703.jpg,quadrat_corner,3443,159,3773,450
Ta01594,20170703,Ta01594_20170703,Ta01594_20170703.jpg,quadrat_corner,3520,2825,3816,3143
Ta01594,20170703,Ta01594_20170703,Ta01594_20170703.jpg,quadrat_corner,673,2798,1008,3154
Ta01654,20170703,Ta01654_20170703,Ta01654_20170703.jpg,clover,1567,823,3421,2622
Ta01654,20170703,Ta01654_20170703,Ta01654_20170703.jpg,quadrat,832,99,4343,3456
Ta01654,20170703,Ta01654_20170703,Ta01654_20170703.jpg,quadrat_corner,832,165,1189,521
Ta01654,20170703,Ta01654_20170703,Ta01654_20170703.jpg,quadrat_corner,3932,93,4299,450
Ta01654,20170703,Ta01654_20170703,Ta01654_20170703.jpg,quadrat_corner,4025,3143,4343,3456
Ta01654,20170703,Ta01654_20170703,Ta01654_20170703.jpg,quadrat_corner,936,3280,1315,3456
Ta01277,20170703,Ta01277_20170703,Ta01277_20170703.jpg,clover,1968,691,2884,1964
Ta01277,20170703,Ta01277_20170703,Ta01277_20170703.jpg,quadrat,993,0,4545,3358
Ta01277,20170703,Ta01277_20170703,Ta01277_20170703.jpg,quadrat_corner,1033,0,1401,278
Ta01277,20170703,Ta01277_20170703,Ta01277_20170703.jpg,quadrat_corner,4009,0,4353,270
Ta01277,20170703,Ta01277_20170703,Ta01277_20170703.jpg,quadrat_corner,4153,2950,4505,3310
Ta01277,20170703,Ta01277_20170703,Ta01277_20170703.jpg,quadrat_corner,969,2966,1337,3366
Ta02017,20170608,Ta02017_20170608,Ta02017_20170608.jpg,clover,1951,1333,3169,2699
Ta02017,20170608,Ta02017_20170608,Ta02017_20170608.jpg,quadrat,1348,477,4288,3401
Ta02017,20170608,Ta02017_20170608,Ta02017_20170608.jpg,quadrat_corner,1370,505,1661,817
Ta02017,20170608,Ta02017_20170608,Ta02017_20170608.jpg,quadrat_corner,3970,472,4277,763
Ta02017,20170608,Ta02017_20170608,Ta02017_20170608.jpg,quadrat_corner,3986,3061,4283,3374
Ta02017,20170608,Ta02017_20170608,Ta02017_20170608.jpg,quadrat_corner,1419,3105,1732,3407
Ta01954,20170608,Ta01954_20170608,Ta01954_20170608.jpg,clover,2297,1136,3180,1909
Ta01954,20170608,Ta01954_20170608,Ta01954_20170608.jpg,quadrat,1436,154,4288,3028
Ta01954,20170608,Ta01954_20170608,Ta01954_20170608.jpg,quadrat_corner,1441,159,1726,450
Ta01954,20170608,Ta01954_20170608,Ta01954_20170608.jpg,quadrat_corner,3997,143,4299,472
Ta01954,20170608,Ta01954_20170608,Ta01954_20170608.jpg,quadrat_corner,3937,2743,4255,3034
Ta01954,20170608,Ta01954_20170608,Ta01954_20170608.jpg,quadrat_corner,1419,2693,1732,3006
Ta00247,20170703,Ta00247_20170703,Ta00247_20170703.jpg,clover,1013,269,2407,1750
Ta00247,20170703,Ta00247_20170703,Ta00247_20170703.jpg,quadrat,660,16,4236,3456
Ta00247,20170703,Ta00247_20170703,Ta00247_20170703.jpg,quadrat_corner,783,5,1161,329
Ta00247,20170703,Ta00247_20170703,Ta00247_20170703.jpg,quadrat_corner,3805,60,4146,389
Ta00247,20170703,Ta00247_20170703,Ta00247_20170703.jpg,quadrat_corner,3888,3083,4228,3451
Ta00247,20170703,Ta00247_20170703,Ta00247_20170703.jpg,quadrat_corner,646,3067,1030,3445
Ta02314,20170608,Ta02314_20170608,Ta02314_20170608.jpg,clover,1776,691,4157,2732
Ta02314,20170608,Ta02314_20170608,Ta02314_20170608.jpg,quadrat,1441,497,4327,3360
Ta02314,20170608,Ta02314_20170608,Ta02314_20170608.jpg,quadrat_corner,1441,494,1737,795
Ta02314,20170608,Ta02314_20170608,Ta02314_20170608.jpg,quadrat_corner,4014,461,4310,763
Ta02314,20170608,Ta02314_20170608,Ta02314_20170608.jpg,quadrat_corner,4041,3039,4332,3346
Ta02314,20170608,Ta02314_20170608,Ta02314_20170608.jpg,quadrat_corner,1469,3056,1748,3368
Ta01294,20170703,Ta01294_20170703,Ta01294_20170703.jpg,clover,637,399,3554,2924
Ta01294,20170703,Ta01294_20170703,Ta01294_20170703.jpg,quadrat,361,0,3895,3307
Ta01294,20170703,Ta01294_20170703,Ta01294_20170703.jpg,quadrat_corner,516,0,872,285
Ta01294,20170703,Ta01294_20170703,Ta01294_20170703.jpg,quadrat_corner,3427,19,3799,328
Ta01294,20170703,Ta01294_20170703,Ta01294_20170703.jpg,quadrat_corner,3536,2936,3904,3317
Ta01294,20170703,Ta01294_20170703,Ta01294_20170703.jpg,quadrat_corner,340,2933,727,3326
Ta02248,20170703,Ta02248_20170703,Ta02248_20170703.jpg,clover,1593,702,2598,1615
Ta02248,20170703,Ta02248_20170703,Ta02248_20170703.jpg,quadrat,352,0,3994,3456
Ta02248,20170703,Ta02248_20170703,Ta02248_20170703.jpg,quadrat_corner,448,0,816,282
Ta02248,20170703,Ta02248_20170703,Ta02248_20170703.jpg,quadrat_corner,3585,0,3972,235
Ta02248,20170703,Ta02248_20170703,Ta02248_20170703.jpg,quadrat_corner,3591,3122,3997,3456
Ta02248,20170703,Ta02248_20170703,Ta02248_20170703.jpg,quadrat_corner,361,3063,748,3456
Ta00191,20170703,Ta00191_20170703,Ta00191_20170703.jpg,clover,1320,251,4012,2874
Ta00191,20170703,Ta00191_20170703,Ta00191_20170703.jpg,quadrat,977,0,4538,3320
Ta00191,20170703,Ta00191_20170703,Ta00191_20170703.jpg,quadrat_corner,1091,0,1463,322
Ta00191,20170703,Ta00191_20170703,Ta00191_20170703.jpg,quadrat_corner,4025,0,4399,300
Ta00191,20170703,Ta00191_20170703,Ta00191_20170703.jpg,quadrat_corner,4148,2924,4538,3304
Ta00191,20170703,Ta00191_20170703,Ta00191_20170703.jpg,quadrat_corner,992,2930,1370,3329
Ta01803,20170703,Ta01803_20170703,Ta01803_20170703.jpg,clover,1868,114,3124,2181
Ta01803,20170703,Ta01803_20170703,Ta01803_20170703.jpg,quadrat,627,0,4272,3456
Ta01803,20170703,Ta01803_20170703,Ta01803_20170703.jpg,quadrat_corner,807,0,1175,340
Ta01803,20170703,Ta01803_20170703,Ta01803_20170703.jpg,quadrat_corner,3808,0,4192,319
Ta01803,20170703,Ta01803_20170703,Ta01803_20170703.jpg,quadrat_corner,3867,3069,4260,3456
Ta01803,20170703,Ta01803_20170703,Ta01803_20170703.jpg,quadrat_corner,624,3017,1023,3441
Ta00094,20170703,Ta00094_20170703,Ta00094_20170703.jpg,clover,1491,232,3276,2791
Ta00094,20170703,Ta00094_20170703,Ta00094_20170703.jpg,quadrat,596,0,4093,3366
Ta00094,20170703,Ta00094_20170703,Ta00094_20170703.jpg,quadrat_corner,649,0,1014,328
Ta00094,20170703,Ta00094_20170703,Ta00094_20170703.jpg,quadrat_corner,3610,0,3956,297
Ta00094,20170703,Ta00094_20170703,Ta00094_20170703.jpg,quadrat_corner,3727,2952,4099,3345
Ta00094,20170703,Ta00094_20170703,Ta00094_20170703.jpg,quadrat_corner,606,2989,971,3360
Ta02271,20170703,Ta02271_20170703,Ta02271_20170703.jpg,clover,2344,1015,3078,2355
Ta02271,20170703,Ta02271_20170703,Ta02271_20170703.jpg,quadrat,767,0,4362,3456
Ta02271,20170703,Ta02271_20170703,Ta02271_20170703.jpg,quadrat_corner,822,37,1197,381
Ta02271,20170703,Ta02271_20170703,Ta02271_20170703.jpg,quadrat_corner,3833,0,4207,334
Ta02271,20170703,Ta02271_20170703,Ta02271_20170703.jpg,quadrat_corner,3997,3035,4352,3431
Ta02271,20170703,Ta02271_20170703,Ta02271_20170703.jpg,quadrat_corner,776,3097,1147,3456
Ta00800,20170703,Ta00800_20170703,Ta00800_20170703.jpg,clover,1401,594,2951,2605
Ta00800,20170703,Ta00800_20170703,Ta00800_20170703.jpg,quadrat,500,0,4089,3422
Ta00800,20170703,Ta00800_20170703,Ta00800_20170703.jpg,quadrat_corner,686,0,1054,309
Ta00800,20170703,Ta00800_20170703,Ta00800_20170703.jpg,quadrat_corner,3650,25,4031,356
Ta00800,20170703,Ta00800_20170703,Ta00800_20170703.jpg,quadrat_corner,3718,3029,4077,3425
Ta00800,20170703,Ta00800_20170703,Ta00800_20170703.jpg,quadrat_corner,513,2973,896,3372
Ta00599,20170703,Ta00599_20170703,Ta00599_20170703.jpg,clover,1874,455,3217,2119
Ta00599,20170703,Ta00599_20170703,Ta00599_20170703.jpg,quadrat,896,0,4529,3326
Ta00599,20170703,Ta00599_20170703,Ta00599_20170703.jpg,quadrat_corner,1048,0,1410,223
Ta00599,20170703,Ta00599_20170703,Ta00599_20170703.jpg,quadrat_corner,4055,0,4411,248
Ta00599,20170703,Ta00599_20170703,Ta00599_20170703.jpg,quadrat_corner,4139,2955,4516,3348
Ta00599,20170703,Ta00599_20170703,Ta00599_20170703.jpg,quadrat_corner,900,2911,1289,3304
Ta02289,20170703,Ta02289_20170703,Ta02289_20170703.jpg,clover,1883,953,4003,3041
Ta02289,20170703,Ta02289_20170703,Ta02289_20170703.jpg,quadrat,1426,56,4999,3357
Ta02289,20170703,Ta02289_20170703,Ta02289_20170703.jpg,quadrat_corner,1525,133,1859,442
Ta02289,20170703,Ta02289_20170703,Ta02289_20170703.jpg,quadrat_corner,4368,65,4736,362
Ta02289,20170703,Ta02289_20170703,Ta02289_20170703.jpg,quadrat_corner,4615,2918,4987,3314
Ta02289,20170703,Ta02289_20170703,Ta02289_20170703.jpg,quadrat_corner,1447,2964,1828,3345
Ta00667,20170703,Ta00667_20170703,Ta00667_20170703.jpg,clover,1600,527,3707,2650
Ta00667,20170703,Ta00667_20170703,Ta00667_20170703.jpg,quadrat,1233,0,4645,3379
Ta00667,20170703,Ta00667_20170703,Ta00667_20170703.jpg,quadrat_corner,1227,0,1584,324
Ta00667,20170703,Ta00667_20170703,Ta00667_20170703.jpg,quadrat_corner,4294,0,4645,307
Ta00667,20170703,Ta00667_20170703,Ta00667_20170703.jpg,quadrat_corner,4277,2990,4639,3368
Ta00667,20170703,Ta00667_20170703,Ta00667_20170703.jpg,quadrat_corner,1255,3023,1611,3390
Ta02013,20170703,Ta02013_20170703,Ta02013_20170703.jpg,clover,1496,510,3679,2304
Ta02013,20170703,Ta02013_20170703,Ta02013_20170703.jpg,quadrat,412,0,4027,3385
Ta02013,20170703,Ta02013_20170703,Ta02013_20170703.jpg,quadrat_corner,613,0,980,296
Ta02013,20170703,Ta02013_20170703,Ta02013_20170703.jpg,quadrat_corner,3586,27,3926,340
Ta02013,20170703,Ta02013_20170703,Ta02013_20170703.jpg,quadrat_corner,3663,2979,4036,3379
Ta02013,20170703,Ta02013_20170703,Ta02013_20170703.jpg,quadrat_corner,410,2951,810,3341
Ta02327,20170703,Ta02327_20170703,Ta02327_20170703.jpg,clover,1973,455,3877,2123
Ta02327,20170703,Ta02327_20170703,Ta02327_20170703.jpg,quadrat,1234,0,4722,3201
Ta02327,20170703,Ta02327_20170703,Ta02327_20170703.jpg,quadrat_corner,1322,0,1658,241
Ta02327,20170703,Ta02327_20170703,Ta02327_20170703.jpg,quadrat_corner,4210,0,4570,185
Ta02327,20170703,Ta02327_20170703,Ta02327_20170703.jpg,quadrat_corner,4370,2809,4730,3177
Ta02327,20170703,Ta02327_20170703,Ta02327_20170703.jpg,quadrat_corner,1218,2809,1594,3185
Ta02072,20170703,Ta02072_20170703,Ta02072_20170703.jpg,clover,2198,933,3537,2337
Ta02072,20170703,Ta02072_20170703,Ta02072_20170703.jpg,quadrat,1343,208,4777,3456
Ta02072,20170703,Ta02072_20170703,Ta02072_20170703.jpg,quadrat_corner,1337,252,1693,625
Ta02072,20170703,Ta02072_20170703,Ta02072_20170703.jpg,quadrat_corner,4365,192,4711,549
Ta02072,20170703,Ta02072_20170703,Ta02072_20170703.jpg,quadrat_corner,4398,3253,4771,3456
Ta02072,20170703,Ta02072_20170703,Ta02072_20170703.jpg,quadrat_corner,1381,3280,1721,3456
Ta02164,20170608,Ta02164_20170608,Ta02164_20170608.jpg,clover,2287,1190,3242,2221
Ta02164,20170608,Ta02164_20170608,Ta02164_20170608.jpg,quadrat,1034,187,3930,3035
Ta02164,20170608,Ta02164_20170608,Ta02164_20170608.jpg,quadrat_corner,1074,191,1370,487
Ta02164,20170608,Ta02164_20170608,Ta02164_20170608.jpg,quadrat_corner,3610,187,3898,515
Ta02164,20170608,Ta02164_20170608,Ta02164_20170608.jpg,quadrat_corner,3594,2715,3882,3043
Ta02164,20170608,Ta02164_20170608,Ta02164_20170608.jpg,quadrat_corner,1090,2723,1378,3051
Ta01014,20170703,Ta01014_20170703,Ta01014_20170703.jpg,clover,1666,538,4080,2227
Ta01014,20170703,Ta01014_20170703,Ta01014_20170703.jpg,quadrat_corner,1057,93,1397,417
Ta01014,20170703,Ta01014_20170703,Ta01014_20170703.jpg,quadrat_corner,4118,33,4497,379
Ta01014,20170703,Ta01014_20170703,Ta01014_20170703.jpg,quadrat_corner,4184,3209,4595,3456
Ta01014,20170703,Ta01014_20170703,Ta01014_20170703.jpg,quadrat_corner,882,3138,1249,3456
Ta01014,20170703,Ta01014_20170703,Ta01014_20170703.jpg,quadrat,901,21,4581,3456
Ta01485,20170703,Ta01485_20170703,Ta01485_20170703.jpg,clover,1617,1212,3224,2567
Ta01485,20170703,Ta01485_20170703,Ta01485_20170703.jpg,quadrat,602,0,4157,3368
Ta01485,20170703,Ta01485_20170703,Ta01485_20170703.jpg,quadrat_corner,596,0,980,252
Ta01485,20170703,Ta01485_20170703,Ta01485_20170703.jpg,quadrat_corner,3756,0,4113,285
Ta01485,20170703,Ta01485_20170703,Ta01485_20170703.jpg,quadrat_corner,3712,2995,4058,3346
Ta01485,20170703,Ta01485_20170703,Ta01485_20170703.jpg,quadrat_corner,657,3045,1024,3385
Ta01206,20170703,Ta01206_20170703,Ta01206_20170703.jpg,clover,987,215,2696,2153
Ta01206,20170703,Ta01206_20170703,Ta01206_20170703.jpg,quadrat,356,0,3962,3456
Ta01206,20170703,Ta01206_20170703,Ta01206_20170703.jpg,quadrat_corner,474,0,852,321
Ta01206,20170703,Ta01206_20170703,Ta01206_20170703.jpg,quadrat_corner,3492,22,3876,364
Ta01206,20170703,Ta01206_20170703,Ta01206_20170703.jpg,quadrat_corner,3572,3041,3967,3452
Ta01206,20170703,Ta01206_20170703,Ta01206_20170703.jpg,quadrat_corner,330,3052,740,3452
Ta02074,20170608,Ta02074_20170608,Ta02074_20170608.jpg,clover,1443,850,3060,1988
Ta02074,20170608,Ta02074_20170608,Ta02074_20170608.jpg,quadrat,1097,116,4035,3065
Ta02074,20170608,Ta02074_20170608,Ta02074_20170608.jpg,quadrat_corner,1097,159,1422,463
Ta02074,20170608,Ta02074_20170608,Ta02074_20170608.jpg,quadrat_corner,3710,116,4030,431
Ta02074,20170608,Ta02074_20170608,Ta02074_20170608.jpg,quadrat_corner,3710,2719,4035,3044
Ta02074,20170608,Ta02074_20170608,Ta02074_20170608.jpg,quadrat_corner,1134,2756,1454,3055
Ta01762,20170703,Ta01762_20170703,Ta01762_20170703.jpg,clover,1198,345,3742,2457
Ta01762,20170703,Ta01762_20170703,Ta01762_20170703.jpg,quadrat,734,0,4484,3456
Ta01762,20170703,Ta01762_20170703,Ta01762_20170703.jpg,quadrat_corner,820,41,1214,403
Ta01762,20170703,Ta01762_20170703,Ta01762_20170703.jpg,quadrat_corner,3929,0,4340,366
Ta01762,20170703,Ta01762_20170703,Ta01762_20170703.jpg,quadrat_corner,4068,3177,4484,3456
Ta01762,20170703,Ta01762_20170703,Ta01762_20170703.jpg,quadrat_corner,761,3209,1156,3456
Ta01995,20170703,Ta01995_20170703,Ta01995_20170703.jpg,clover,1322,617,3572,2609
Ta01995,20170703,Ta01995_20170703,Ta01995_20170703.jpg,quadrat,498,0,4005,3415
Ta01995,20170703,Ta01995_20170703,Ta01995_20170703.jpg,quadrat_corner,535,28,935,377
Ta01995,20170703,Ta01995_20170703,Ta01995_20170703.jpg,quadrat_corner,3489,0,3858,341
Ta01995,20170703,Ta01995_20170703,Ta01995_20170703.jpg,quadrat_corner,3604,2964,4005,3332
Ta01995,20170703,Ta01995_20170703,Ta01995_20170703.jpg,quadrat_corner,494,3023,880,3419
Ta00102,20170703,Ta00102_20170703,Ta00102_20170703.jpg,clover,1685,819,4341,3295
Ta00102,20170703,Ta00102_20170703,Ta00102_20170703.jpg,quadrat,1414,0,4930,3341
Ta00102,20170703,Ta00102_20170703,Ta00102_20170703.jpg,quadrat_corner,1501,0,1902,239
Ta00102,20170703,Ta00102_20170703,Ta00102_20170703.jpg,quadrat_corner,4520,0,4944,285
Ta00102,20170703,Ta00102_20170703,Ta00102_20170703.jpg,quadrat_corner,4428,2954,4829,3336
Ta00102,20170703,Ta00102_20170703,Ta00102_20170703.jpg,quadrat_corner,1437,2872,1800,3244
Ta00928,20170703,Ta00928_20170703,Ta00928_20170703.jpg,clover,1488,313,3471,2936
Ta00928,20170703,Ta00928_20170703,Ta00928_20170703.jpg,quadrat,848,0,4304,3415
Ta00928,20170703,Ta00928_20170703,Ta00928_20170703.jpg,quadrat_corner,880,0,1244,308
Ta00928,20170703,Ta00928_20170703,Ta00928_20170703.jpg,quadrat_corner,3922,14,4322,391
Ta00928,20170703,Ta00928_20170703,Ta00928_20170703.jpg,quadrat_corner,3858,3033,4249,3410
Ta00928,20170703,Ta00928_20170703,Ta00928_20170703.jpg,quadrat_corner,848,3014,1221,3382
Ta00922,20170703,Ta00922_20170703,Ta00922_20170703.jpg,clover,1727,492,3683,2269
Ta00922,20170703,Ta00922_20170703,Ta00922_20170703.jpg,quadrat,549,32,4088,3355
Ta00922,20170703,Ta00922_20170703,Ta00922_20170703.jpg,quadrat_corner,756,78,1119,410
Ta00922,20170703,Ta00922_20170703,Ta00922_20170703.jpg,quadrat_corner,3609,46,4014,382
Ta00922,20170703,Ta00922_20170703,Ta00922_20170703.jpg,quadrat_corner,3692,2941,4088,3378
Ta00922,20170703,Ta00922_20170703,Ta00922_20170703.jpg,quadrat_corner,558,2931,954,3323
Ta02314,20170703,Ta02314_20170703,Ta02314_20170703.jpg,clover,286,55,4681,3184
Ta02314,20170703,Ta02314_20170703,Ta02314_20170703.jpg,quadrat,452,0,4258,3456
Ta02314,20170703,Ta02314_20170703,Ta02314_20170703.jpg,quadrat_corner,586,0,977,313
Ta02314,20170703,Ta02314_20170703,Ta02314_20170703.jpg,quadrat_corner,3710,0,4106,304
Ta02314,20170703,Ta02314_20170703,Ta02314_20170703.jpg,quadrat_corner,3798,3088,4193,3456
Ta02314,20170703,Ta02314_20170703,Ta02314_20170703.jpg,quadrat_corner,443,3088,852,3456
Ta01805,20170703,Ta01805_20170703,Ta01805_20170703.jpg,clover,1083,787,3407,3111
Ta01805,20170703,Ta01805_20170703,Ta01805_20170703.jpg,quadrat,567,0,4189,3456
Ta01805,20170703,Ta01805_20170703,Ta01805_20170703.jpg,quadrat_corner,558,18,935,410
Ta01805,20170703,Ta01805_20170703,Ta01805_20170703.jpg,quadrat_corner,3683,0,4037,253
Ta01805,20170703,Ta01805_20170703,Ta01805_20170703.jpg,quadrat_corner,3798,2904,4166,3281
Ta01805,20170703,Ta01805_20170703,Ta01805_20170703.jpg,quadrat_corner,765,3138,1165,3456
Ta01039,20170703,Ta01039_20170703,Ta01039_20170703.jpg,clover,1207,911,3110,2733
Ta01039,20170703,Ta01039_20170703,Ta01039_20170703.jpg,quadrat,774,0,4284,3456
Ta01039,20170703,Ta01039_20170703,Ta01039_20170703.jpg,quadrat_corner,774,98,1153,461
Ta01039,20170703,Ta01039_20170703,Ta01039_20170703.jpg,quadrat_corner,3766,0,4161,312
Ta01039,20170703,Ta01039_20170703,Ta01039_20170703.jpg,quadrat_corner,3905,2936,4300,3309
Ta01039,20170703,Ta01039_20170703,Ta01039_20170703.jpg,quadrat_corner,940,3112,1334,3456
Ta01967,20170608,Ta01967_20170608,Ta01967_20170608.jpg,clover,2496,1841,3008,2444
Ta01967,20170608,Ta01967_20170608,Ta01967_20170608.jpg,quadrat,1202,579,4114,3456
Ta01967,20170608,Ta01967_20170608,Ta01967_20170608.jpg,quadrat_corner,1186,579,1516,899
Ta01967,20170608,Ta01967_20170608,Ta01967_20170608.jpg,quadrat_corner,3746,574,4098,910
Ta01967,20170608,Ta01967_20170608,Ta01967_20170608.jpg,quadrat_corner,3778,3176,4103,3456
Ta01967,20170608,Ta01967_20170608,Ta01967_20170608.jpg,quadrat_corner,1186,3182,1527,3456
Ta01934,20170608,Ta01934_20170608,Ta01934_20170608.jpg,clover,2037,1305,2925,2129
Ta01934,20170608,Ta01934_20170608,Ta01934_20170608.jpg,quadrat,1161,30,4137,3027
Ta01934,20170608,Ta01934_20170608,Ta01934_20170608.jpg,quadrat_corner,1241,51,1556,366
Ta01934,20170608,Ta01934_20170608,Ta01934_20170608.jpg,quadrat_corner,3796,137,4132,462
Ta01934,20170608,Ta01934_20170608,Ta01934_20170608.jpg,quadrat_corner,3662,2702,4020,3011
Ta01934,20170608,Ta01934_20170608,Ta01934_20170608.jpg,quadrat_corner,1172,2611,1508,2942
Ta01212,20170703,Ta01212_20170703,Ta01212_20170703.jpg,clover,1308,322,3549,2398
Ta01212,20170703,Ta01212_20170703,Ta01212_20170703.jpg,quadrat,553,0,4088,3382
Ta01212,20170703,Ta01212_20170703,Ta01212_20170703.jpg,quadrat_corner,636,64,1004,414
Ta01212,20170703,Ta01212_20170703,Ta01212_20170703.jpg,quadrat_corner,3522,0,3899,327
Ta01212,20170703,Ta01212_20170703,Ta01212_20170703.jpg,quadrat_corner,3687,2899,4097,3295
Ta01212,20170703,Ta01212_20170703,Ta01212_20170703.jpg,quadrat_corner,549,2991,949,3392
Ta01947,20170608,Ta01947_20170608,Ta01947_20170608.jpg,clover,1727,1114,3015,2655
Ta01947,20170608,Ta01947_20170608,Ta01947_20170608.jpg,quadrat,917,170,3950,3212
Ta01947,20170608,Ta01947_20170608,Ta01947_20170608.jpg,quadrat_corner,931,290,1244,589
Ta01947,20170608,Ta01947_20170608,Ta01947_20170608.jpg,quadrat_corner,3545,175,3867,483
Ta01947,20170608,Ta01947_20170608,Ta01947_20170608.jpg,quadrat_corner,3641,2747,3950,3074
Ta01947,20170608,Ta01947_20170608,Ta01947_20170608.jpg,quadrat_corner,1078,2876,1419,3203
Ta01811,20170703,Ta01811_20170703,Ta01811_20170703.jpg,clover,1823,566,3522,2467
Ta01811,20170703,Ta01811_20170703,Ta01811_20170703.jpg,quadrat,839,115,4249,3405
Ta01811,20170703,Ta01811_20170703,Ta01811_20170703.jpg,quadrat_corner,940,152,1294,502
Ta01811,20170703,Ta01811_20170703,Ta01811_20170703.jpg,quadrat_corner,3788,115,4170,456
Ta01811,20170703,Ta01811_20170703,Ta01811_20170703.jpg,quadrat_corner,3876,3010,4253,3419
Ta01811,20170703,Ta01811_20170703,Ta01811_20170703.jpg,quadrat_corner,820,3014,1221,3419
Ta01665,20170703,Ta01665_20170703,Ta01665_20170703.jpg,clover,2104,943,3756,2945
Ta01665,20170703,Ta01665_20170703,Ta01665_20170703.jpg,quadrat,931,0,4437,3456
Ta01665,20170703,Ta01665_20170703,Ta01665_20170703.jpg,quadrat_corner,940,14,1368,405
Ta01665,20170703,Ta01665_20170703,Ta01665_20170703.jpg,quadrat_corner,4023,0,4396,341
Ta01665,20170703,Ta01665_20170703,Ta01665_20170703.jpg,quadrat_corner,4060,3000,4447,3355
Ta01665,20170703,Ta01665_20170703,Ta01665_20170703.jpg,quadrat_corner,1046,3120,1442,3456
Ta01659,20170703,Ta01659_20170703,Ta01659_20170703.jpg,clover,1175,534,3411,2600
Ta01659,20170703,Ta01659_20170703,Ta01659_20170703.jpg,quadrat,397,5,3954,3456
Ta01659,20170703,Ta01659_20170703,Ta01659_20170703.jpg,quadrat_corner,512,0,880,364
Ta01659,20170703,Ta01659_20170703,Ta01659_20170703.jpg,quadrat_corner,3526,41,3927,410
Ta01659,20170703,Ta01659_20170703,Ta01659_20170703.jpg,quadrat_corner,3545,3074,3950,3456
Ta01659,20170703,Ta01659_20170703,Ta01659_20170703.jpg,quadrat_corner,397,3069,802,3456
Ta02339,20170608,Ta02339_20170608,Ta02339_20170608.jpg,clover,2582,1342,3110,1836
Ta02339,20170608,Ta02339_20170608,Ta02339_20170608.jpg,quadrat,1779,265,4743,3213
Ta02339,20170608,Ta02339_20170608,Ta02339_20170608.jpg,quadrat_corner,1815,265,2135,577
Ta02339,20170608,Ta02339_20170608,Ta02339_20170608.jpg,quadrat_corner,4407,305,4735,625
Ta02339,20170608,Ta02339_20170608,Ta02339_20170608.jpg,quadrat_corner,4339,2893,4679,3213
Ta02339,20170608,Ta02339_20170608,Ta02339_20170608.jpg,quadrat_corner,1775,2809,2123,3137
Ta02046,20170703,Ta02046_20170703,Ta02046_20170703.jpg,clover,1985,939,4005,2683
Ta02046,20170703,Ta02046_20170703,Ta02046_20170703.jpg,quadrat,788,0,4401,3401
Ta02046,20170703,Ta02046_20170703,Ta02046_20170703.jpg,quadrat_corner,991,0,1354,299
Ta02046,20170703,Ta02046_20170703,Ta02046_20170703.jpg,quadrat_corner,3936,0,4327,295
Ta02046,20170703,Ta02046_20170703,Ta02046_20170703.jpg,quadrat_corner,3977,2973,4396,3410
Ta02046,20170703,Ta02046_20170703,Ta02046_20170703.jpg,quadrat_corner,797,2904,1179,3304
Ta00432,20170703,Ta00432_20170703,Ta00432_20170703.jpg,clover,1814,87,3986,2770
Ta00432,20170703,Ta00432_20170703,Ta00432_20170703.jpg,quadrat,696,0,4313,3415
Ta00432,20170703,Ta00432_20170703,Ta00432_20170703.jpg,quadrat_corner,820,0,1211,230
Ta00432,20170703,Ta00432_20170703,Ta00432_20170703.jpg,quadrat_corner,3885,0,4295,272
Ta00432,20170703,Ta00432_20170703,Ta00432_20170703.jpg,quadrat_corner,3899,3023,4313,3410
Ta00432,20170703,Ta00432_20170703,Ta00432_20170703.jpg,quadrat_corner,691,2973,1073,3369
Ta00509,20170703,Ta00509_20170703,Ta00509_20170703.jpg,clover,1357,334,3316,2871
Ta00509,20170703,Ta00509_20170703,Ta00509_20170703.jpg,quadrat,417,71,4089,3434
Ta00509,20170703,Ta00509_20170703,Ta00509_20170703.jpg,quadrat_corner,584,93,968,402
Ta00509,20170703,Ta00509_20170703,Ta00509_20170703.jpg,quadrat_corner,3560,74,3922,390
Ta00509,20170703,Ta00509_20170703,Ta00509_20170703.jpg,quadrat_corner,3700,3026,4083,3419
Ta00509,20170703,Ta00509_20170703,Ta00509_20170703.jpg,quadrat_corner,426,3020,804,3425
Ta01379,20170703,Ta01379_20170703,Ta01379_20170703.jpg,clover,2799,678,3960,1993
Ta01379,20170703,Ta01379_20170703,Ta01379_20170703.jpg,quadrat,729,40,4269,3447
Ta01379,20170703,Ta01379_20170703,Ta01379_20170703.jpg,quadrat_corner,862,37,1224,374
Ta01379,20170703,Ta01379_20170703,Ta01379_20170703.jpg,quadrat_corner,3823,56,4198,387
Ta01379,20170703,Ta01379_20170703,Ta01379_20170703.jpg,quadrat_corner,723,3017,1085,3394
Ta01379,20170703,Ta01379_20170703,Ta01379_20170703.jpg,quadrat_corner,3885,3051,4266,3441
Ta01931,20170703,Ta01931_20170703,Ta01931_20170703.jpg,clover,1348,910,2741,2215
Ta01931,20170703,Ta01931_20170703,Ta01931_20170703.jpg,quadrat,463,0,4189,3354
Ta01931,20170703,Ta01931_20170703,Ta01931_20170703.jpg,quadrat_corner,658,0,1045,217
Ta01931,20170703,Ta01931_20170703,Ta01931_20170703.jpg,quadrat_corner,3672,0,4031,309
Ta01931,20170703,Ta01931_20170703,Ta01931_20170703.jpg,quadrat_corner,3820,2961,4179,3363
Ta01931,20170703,Ta01931_20170703,Ta01931_20170703.jpg,quadrat_corner,491,2899,887,3317
Ta00371,20170703,Ta00371_20170703,Ta00371_20170703.jpg,clover,1026,118,3316,2184
Ta00371,20170703,Ta00371_20170703,Ta00371_20170703.jpg,quadrat,612,0,4312,3419
Ta00371,20170703,Ta00371_20170703,Ta00371_20170703.jpg,quadrat_corner,745,0,1107,238
Ta00371,20170703,Ta00371_20170703,Ta00371_20170703.jpg,quadrat_corner,3842,0,4226,189
Ta00371,20170703,Ta00371_20170703,Ta00371_20170703.jpg,quadrat_corner,3901,3014,4312,3434
Ta00371,20170703,Ta00371_20170703,Ta00371_20170703.jpg,quadrat_corner,609,3004,995,3406
Ta01209,20170703,Ta01209_20170703,Ta01209_20170703.jpg,clover,1240,312,3226,2460
Ta01209,20170703,Ta01209_20170703,Ta01209_20170703.jpg,quadrat,364,84,3864,3456
Ta01209,20170703,Ta01209_20170703,Ta01209_20170703.jpg,quadrat_corner,497,118,847,446
Ta01209,20170703,Ta01209_20170703,Ta01209_20170703.jpg,quadrat_corner,3424,84,3780,412
Ta01209,20170703,Ta01209_20170703,Ta01209_20170703.jpg,quadrat_corner,3489,3085,3848,3444
Ta01209,20170703,Ta01209_20170703,Ta01209_20170703.jpg,quadrat_corner,361,3082,742,3447
Ta01180,20170703,Ta01180_20170703,Ta01180_20170703.jpg,clover,1503,801,2809,2432
Ta01180,20170703,Ta01180_20170703,Ta01180_20170703.jpg,quadrat,624,204,4114,3456
Ta01180,20170703,Ta01180_20170703,Ta01180_20170703.jpg,quadrat_corner,739,223,1095,541
Ta01180,20170703,Ta01180_20170703,Ta01180_20170703.jpg,quadrat_corner,3625,210,4000,538
Ta01180,20170703,Ta01180_20170703,Ta01180_20170703.jpg,quadrat_corner,3746,3128,4099,3456
Ta01180,20170703,Ta01180_20170703,Ta01180_20170703.jpg,quadrat_corner,630,3144,999,3456
Ta02181,20170703,Ta02181_20170703,Ta02181_20170703.jpg,clover,1209,1334,2236,2296
Ta02181,20170703,Ta02181_20170703,Ta02181_20170703.jpg,quadrat,432,0,3904,3345
Ta02181,20170703,Ta02181_20170703,Ta02181_20170703.jpg,quadrat_corner,420,0,807,269
Ta02181,20170703,Ta02181_20170703,Ta02181_20170703.jpg,quadrat_corner,3489,0,3876,232
Ta02181,20170703,Ta02181_20170703,Ta02181_20170703.jpg,quadrat_corner,3557,2893,3891,3243
Ta02181,20170703,Ta02181_20170703,Ta02181_20170703.jpg,quadrat_corner,519,2995,896,3354
Ta00188,20170703,Ta00188_20170703,Ta00188_20170703.jpg,quadrat,926,75,4385,3456
Ta00188,20170703,Ta00188_20170703,Ta00188_20170703.jpg,quadrat_corner,916,140,1288,499
Ta00188,20170703,Ta00188_20170703,Ta00188_20170703.jpg,quadrat_corner,3971,68,4340,426
Ta00188,20170703,Ta00188_20170703,Ta00188_20170703.jpg,quadrat_corner,4036,3092,4388,3444
Ta00188,20170703,Ta00188_20170703,Ta00188_20170703.jpg,quadrat_corner,1026,3202,1392,3456
Ta02060,20170703,Ta02060_20170703,Ta02060_20170703.jpg,clover,1695,486,2945,1986
Ta02060,20170703,Ta02060_20170703,Ta02060_20170703.jpg,quadrat,550,136,3765,3258
Ta02060,20170703,Ta02060_20170703,Ta02060_20170703.jpg,quadrat_corner,581,145,921,458
Ta02060,20170703,Ta02060_20170703,Ta02060_20170703.jpg,quadrat_corner,3291,136,3638,442
Ta02060,20170703,Ta02060_20170703,Ta02060_20170703.jpg,quadrat_corner,3446,2834,3768,3171
Ta02060,20170703,Ta02060_20170703,Ta02060_20170703.jpg,quadrat_corner,544,2908,896,3264
Ta02252,20170608,Ta02252_20170608,Ta02252_20170608.jpg,clover,2239,1265,3489,2469
Ta02252,20170608,Ta02252_20170608,Ta02252_20170608.jpg,quadrat,1228,461,4120,3354
Ta02252,20170608,Ta02252_20170608,Ta02252_20170608.jpg,quadrat_corner,1243,467,1546,764
Ta02252,20170608,Ta02252_20170608,Ta02252_20170608.jpg,quadrat_corner,3811,467,4120,777
Ta02252,20170608,Ta02252_20170608,Ta02252_20170608.jpg,quadrat_corner,3789,3035,4099,3342
Ta02252,20170608,Ta02252_20170608,Ta02252_20170608.jpg,quadrat_corner,1255,3048,1556,3363
Ta01958,20170608,Ta01958_20170608,Ta01958_20170608.jpg,clover,1948,634,3465,2169
Ta01958,20170608,Ta01958_20170608,Ta01958_20170608.jpg,quadrat,1327,0,4257,2794
Ta01958,20170608,Ta01958_20170608,Ta01958_20170608.jpg,quadrat_corner,1367,0,1673,179
Ta01958,20170608,Ta01958_20170608,Ta01958_20170608.jpg,quadrat_corner,3922,0,4250,220
Ta01958,20170608,Ta01958_20170608,Ta01958_20170608.jpg,quadrat_corner,3876,2469,4192,2775
Ta01958,20170608,Ta01958_20170608,Ta01958_20170608.jpg,quadrat_corner,1336,2432,1648,2747
Ta01549,20170703,Ta01549_20170703,Ta01549_20170703.jpg,clover,2035,628,2991,2160
Ta01549,20170703,Ta01549_20170703,Ta01549_20170703.jpg,quadrat,504,139,4068,3456
Ta01549,20170703,Ta01549_20170703,Ta01549_20170703.jpg,quadrat_corner,612,158,980,473
Ta01549,20170703,Ta01549_20170703,Ta01549_20170703.jpg,quadrat_corner,3548,139,3922,455
Ta01549,20170703,Ta01549_20170703,Ta01549_20170703.jpg,quadrat_corner,3709,3116,4065,3456
Ta01549,20170703,Ta01549_20170703,Ta01549_20170703.jpg,quadrat_corner,497,3134,875,3456
Ta02309,20170703,Ta02309_20170703,Ta02309_20170703.jpg,clover,1280,424,3396,2893
Ta02309,20170703,Ta02309_20170703,Ta02309_20170703.jpg,quadrat,924,53,4340,3456
Ta02309,20170703,Ta02309_20170703,Ta02309_20170703.jpg,quadrat_corner,912,53,1277,408
Ta02309,20170703,Ta02309_20170703,Ta02309_20170703.jpg,quadrat_corner,3969,53,4337,402
Ta02309,20170703,Ta02309_20170703,Ta02309_20170703.jpg,quadrat_corner,3972,3066,4331,3422
Ta02309,20170703,Ta02309_20170703,Ta02309_20170703.jpg,quadrat_corner,952,3128,1333,3456
Ta01776,20170703,Ta01776_20170703,Ta01776_20170703.jpg,clover,1187,62,3328,3400
Ta01776,20170703,Ta01776_20170703,Ta01776_20170703.jpg,quadrat,569,74,4062,3441
Ta01776,20170703,Ta01776_20170703,Ta01776_20170703.jpg,quadrat_corner,671,124,1033,452
Ta01776,20170703,Ta01776_20170703,Ta01776_20170703.jpg,quadrat_corner,3570,74,3969,430
Ta01776,20170703,Ta01776_20170703,Ta01776_20170703.jpg,quadrat_corner,3678,3054,4052,3434
Ta01776,20170703,Ta01776_20170703,Ta01776_20170703.jpg,quadrat_corner,553,3060,937,3450
Ta01285,20170703,Ta01285_20170703,Ta01285_20170703.jpg,clover,2069,1076,3257,2418
Ta01285,20170703,Ta01285_20170703,Ta01285_20170703.jpg,quadrat,616,107,3784,3175
Ta01285,20170703,Ta01285_20170703,Ta01285_20170703.jpg,quadrat_corner,797,108,1122,417
Ta01285,20170703,Ta01285_20170703,Ta01285_20170703.jpg,quadrat_corner,3432,135,3784,444
Ta01285,20170703,Ta01285_20170703,Ta01285_20170703.jpg,quadrat_corner,3442,2823,3789,3180
Ta01285,20170703,Ta01285_20170703,Ta01285_20170703.jpg,quadrat_corner,589,2759,946,3105
Ta02144,20170703,Ta02144_20170703,Ta02144_20170703.jpg,clover,1999,1055,3115,1935
Ta02144,20170703,Ta02144_20170703,Ta02144_20170703.jpg,quadrat,477,253,3693,3400
Ta02144,20170703,Ta02144_20170703,Ta02144_20170703.jpg,quadrat_corner,621,285,967,605
Ta02144,20170703,Ta02144_20170703,Ta02144_20170703.jpg,quadrat_corner,3319,253,3677,552
Ta02144,20170703,Ta02144_20170703,Ta02144_20170703.jpg,quadrat_corner,3335,3037,3714,3411
Ta02144,20170703,Ta02144_20170703,Ta02144_20170703.jpg,quadrat_corner,466,2995,834,3357
Ta01713,20170703,Ta01713_20170703,Ta01713_20170703.jpg,clover,1440,398,2805,1823
Ta01713,20170703,Ta01713_20170703,Ta01713_20170703.jpg,quadrat,505,120,3758,3192
Ta01713,20170703,Ta01713_20170703,Ta01713_20170703.jpg,quadrat_corner,607,134,963,416
Ta01713,20170703,Ta01713_20170703,Ta01713_20170703.jpg,quadrat_corner,3309,130,3647,440
Ta01713,20170703,Ta01713_20170703,Ta01713_20170703.jpg,quadrat_corner,3397,2827,3753,3183
Ta01713,20170703,Ta01713_20170703,Ta01713_20170703.jpg,quadrat_corner,519,2836,852,3192
Ta01596,20170703,Ta01596_20170703,Ta01596_20170703.jpg,clover,2429,847,3297,1820
Ta01596,20170703,Ta01596_20170703,Ta01596_20170703.jpg,quadrat,1011,0,4491,3432
Ta01596,20170703,Ta01596_20170703,Ta01596_20170703.jpg,quadrat_corner,1028,71,1396,427
Ta01596,20170703,Ta01596_20170703,Ta01596_20170703.jpg,quadrat_corner,3996,3,4400,339
Ta01596,20170703,Ta01596_20170703,Ta01596_20170703.jpg,quadrat_corner,1117,3088,1486,3423
Ta01596,20170703,Ta01596_20170703,Ta01596_20170703.jpg,quadrat_corner,4107,2961,4455,3326
Ta01971,20170608,Ta01971_20170608,Ta01971_20170608.jpg,clover,2521,1188,3552,1912
Ta01971,20170608,Ta01971_20170608,Ta01971_20170608.jpg,quadrat,1352,126,4328,3102
Ta01971,20170608,Ta01971_20170608,Ta01971_20170608.jpg,quadrat_corner,1384,137,1682,462
Ta01971,20170608,Ta01971_20170608,Ta01971_20170608.jpg,quadrat_corner,4018,190,4354,542
Ta01971,20170608,Ta01971_20170608,Ta01971_20170608.jpg,quadrat_corner,3869,2804,4205,3108
Ta01971,20170608,Ta01971_20170608,Ta01971_20170608.jpg,quadrat_corner,1346,2697,1672,3022
Ta02220,20170703,Ta02220_20170703,Ta02220_20170703.jpg,clover,2503,1461,2770,1694
Ta02220,20170703,Ta02220_20170703,Ta02220_20170703.jpg,quadrat,652,0,4182,3424
Ta02220,20170703,Ta02220_20170703,Ta02220_20170703.jpg,quadrat_corner,652,0,1052,326
Ta02220,20170703,Ta02220_20170703,Ta02220_20170703.jpg,quadrat_corner,3793,0,4193,288
Ta02220,20170703,Ta02220_20170703,Ta02220_20170703.jpg,quadrat_corner,3788,2960,4177,3323
Ta02220,20170703,Ta02220_20170703,Ta02220_20170703.jpg,quadrat_corner,764,3062,1153,3419
Ta01691,20170703,Ta01691_20170703,Ta01691_20170703.jpg,quadrat_corner,996,14,1380,356
Ta01691,20170703,Ta01691_20170703,Ta01691_20170703.jpg,quadrat_corner,4026,51,4401,407
Ta01691,20170703,Ta01691_20170703,Ta01691_20170703.jpg,quadrat_corner,3961,3053,4336,3410
Ta01691,20170703,Ta01691_20170703,Ta01691_20170703.jpg,quadrat_corner,973,3040,1338,3391
Ta01691,20170703,Ta01691_20170703,Ta01691_20170703.jpg,clover,1292,480,3452,2454
Ta01691,20170703,Ta01691_20170703,Ta01691_20170703.jpg,quadrat,983,0,4391,3398
Ta00951,20170703,Ta00951_20170703,Ta00951_20170703.jpg,clover,880,74,3712,2790
Ta00951,20170703,Ta00951_20170703,Ta00951_20170703.jpg,quadrat,445,0,4040,3289
Ta00951,20170703,Ta00951_20170703,Ta00951_20170703.jpg,quadrat_corner,492,0,880,254
Ta00951,20170703,Ta00951_20170703,Ta00951_20170703.jpg,quadrat_corner,3490,0,3855,153
Ta00951,20170703,Ta00951_20170703,Ta00951_20170703.jpg,quadrat_corner,3661,2818,4026,3225
Ta00951,20170703,Ta00951_20170703,Ta00951_20170703.jpg,quadrat_corner,455,2901,829,3299
Ta01497,20170703,Ta01497_20170703,Ta01497_20170703.jpg,clover,2102,592,3823,2188
Ta01497,20170703,Ta01497_20170703,Ta01497_20170703.jpg,quadrat,936,69,4461,3456
Ta01497,20170703,Ta01497_20170703,Ta01497_20170703.jpg,quadrat_corner,1075,125,1440,453
Ta01497,20170703,Ta01497_20170703,Ta01497_20170703.jpg,quadrat_corner,4003,79,4378,416
Ta01497,20170703,Ta01497_20170703,Ta01497_20170703.jpg,quadrat_corner,4059,3091,4461,3447
Ta01497,20170703,Ta01497_20170703,Ta01497_20170703.jpg,quadrat_corner,959,3053,1306,3424
Ta02140,20170703,Ta02140_20170703,Ta02140_20170703.jpg,clover,1551,902,3212,2707
Ta02140,20170703,Ta02140_20170703,Ta02140_20170703.jpg,quadrat,917,102,4369,3456
Ta02140,20170703,Ta02140_20170703,Ta02140_20170703.jpg,quadrat_corner,936,143,1306,509
Ta02140,20170703,Ta02140_20170703,Ta02140_20170703.jpg,quadrat_corner,3943,88,4308,453
Ta02140,20170703,Ta02140_20170703,Ta02140_20170703.jpg,quadrat_corner,3980,3091,4359,3456
Ta02140,20170703,Ta02140_20170703,Ta02140_20170703.jpg,quadrat_corner,982,3169,1371,3456
Ta00672,20170703,Ta00672_20170703,Ta00672_20170703.jpg,clover,1376,10,2883,2458
Ta00672,20170703,Ta00672_20170703,Ta00672_20170703.jpg,quadrat,625,0,4209,3328
Ta00672,20170703,Ta00672_20170703,Ta00672_20170703.jpg,quadrat_corner,694,0,1083,235
Ta00672,20170703,Ta00672_20170703,Ta00672_20170703.jpg,quadrat_corner,3729,0,4102,198
Ta00672,20170703,Ta00672_20170703,Ta00672_20170703.jpg,quadrat_corner,3830,2928,4193,3312
Ta00672,20170703,Ta00672_20170703,Ta00672_20170703.jpg,quadrat_corner,619,2950,998,3355
Ta02170,20170703,Ta02170_20170703,Ta02170_20170703.jpg,clover,2624,1281,3118,1693
Ta02170,20170703,Ta02170_20170703,Ta02170_20170703.jpg,quadrat,826,0,4554,3456
Ta02170,20170703,Ta02170_20170703,Ta02170_20170703.jpg,quadrat_corner,1055,0,1423,320
Ta02170,20170703,Ta02170_20170703,Ta02170_20170703.jpg,quadrat_corner,4122,16,4495,373
Ta02170,20170703,Ta02170_20170703,Ta02170_20170703.jpg,quadrat_corner,4159,3152,4538,3456
Ta02170,20170703,Ta02170_20170703,Ta02170_20170703.jpg,quadrat_corner,836,3045,1215,3450
Ta01957,20170703,Ta01957_20170703,Ta01957_20170703.jpg,clover,681,754,2425,2568
Ta01957,20170703,Ta01957_20170703,Ta01957_20170703.jpg,quadrat,339,65,3952,3456
Ta01957,20170703,Ta01957_20170703,Ta01957_20170703.jpg,quadrat_corner,436,153,802,481
Ta01957,20170703,Ta01957_20170703,Ta01957_20170703.jpg,quadrat_corner,3374,69,3735,398
Ta01957,20170703,Ta01957_20170703,Ta01957_20170703.jpg,quadrat_corner,3559,3021,3952,3414
Ta01957,20170703,Ta01957_20170703,Ta01957_20170703.jpg,quadrat_corner,362,3109,741,3456
Ta01233,20170703,Ta01233_20170703,Ta01233_20170703.jpg,clover,2370,1406,3138,2221
Ta01233,20170703,Ta01233_20170703,Ta01233_20170703.jpg,quadrat,739,160,4248,3456
Ta01233,20170703,Ta01233_20170703,Ta01233_20170703.jpg,quadrat_corner,851,202,1198,528
Ta01233,20170703,Ta01233_20170703,Ta01233_20170703.jpg,quadrat_corner,3747,160,4104,490
Ta01233,20170703,Ta01233_20170703,Ta01233_20170703.jpg,quadrat_corner,3859,3109,4248,3456
Ta01233,20170703,Ta01233_20170703,Ta01233_20170703.jpg,quadrat_corner,734,3130,1107,3456
Ta00487,20170703,Ta00487_20170703,Ta00487_20170703.jpg,clover,1745,888,2971,2063
Ta00487,20170703,Ta00487_20170703,Ta00487_20170703.jpg,quadrat,390,0,3966,3340
Ta00487,20170703,Ta00487_20170703,Ta00487_20170703.jpg,quadrat_corner,570,0,926,268
Ta00487,20170703,Ta00487_20170703,Ta00487_20170703.jpg,quadrat_corner,3527,0,3901,301
Ta00487,20170703,Ta00487_20170703,Ta00487_20170703.jpg,quadrat_corner,3573,2938,3952,3350
Ta00487,20170703,Ta00487_20170703,Ta00487_20170703.jpg,quadrat_corner,385,2915,760,3308
Ta01317,20170703,Ta01317_20170703,Ta01317_20170703.jpg,clover,1795,1120,2366,2320
Ta01317,20170703,Ta01317_20170703,Ta01317_20170703.jpg,quadrat,242,40,3820,3456
Ta01317,20170703,Ta01317_20170703,Ta01317_20170703.jpg,quadrat_corner,428,40,818,376
Ta01317,20170703,Ta01317_20170703,Ta01317_20170703.jpg,quadrat_corner,3383,88,3756,429
Ta01317,20170703,Ta01317_20170703,Ta01317_20170703.jpg,quadrat_corner,3431,3069,3804,3456
Ta01317,20170703,Ta01317_20170703,Ta01317_20170703.jpg,quadrat_corner,231,3037,626,3421
Ta01255,20170703,Ta01255_20170703,Ta01255_20170703.jpg,clover,1361,583,2546,2744
Ta01255,20170703,Ta01255_20170703,Ta01255_20170703.jpg,quadrat,653,32,4295,3456
Ta01255,20170703,Ta01255_20170703,Ta01255_20170703.jpg,quadrat_corner,848,46,1213,347
Ta01255,20170703,Ta01255_20170703,Ta01255_20170703.jpg,quadrat_corner,3850,42,4216,384
Ta01255,20170703,Ta01255_20170703,Ta01255_20170703.jpg,quadrat_corner,3915,3067,4336,3456
Ta01255,20170703,Ta01255_20170703,Ta01255_20170703.jpg,quadrat_corner,630,2998,1037,3424
Ta00173,20170703,Ta00173_20170703,Ta00173_20170703.jpg,clover,811,486,3721,3021
Ta00173,20170703,Ta00173_20170703,Ta00173_20170703.jpg,quadrat,505,88,4026,3456
Ta00173,20170703,Ta00173_20170703,Ta00173_20170703.jpg,quadrat_corner,538,213,876,578
Ta00173,20170703,Ta00173_20170703,Ta00173_20170703.jpg,quadrat_corner,3476,97,3860,430
Ta00173,20170703,Ta00173_20170703,Ta00173_20170703.jpg,quadrat_corner,3647,3118,4022,3456
Ta00173,20170703,Ta00173_20170703,Ta00173_20170703.jpg,quadrat_corner,492,3229,894,3456
Ta00422,20170703,Ta00422_20170703,Ta00422_20170703.jpg,clover,1759,1226,3633,2790
Ta00422,20170703,Ta00422_20170703,Ta00422_20170703.jpg,quadrat,1139,97,4660,3456
Ta00422,20170703,Ta00422_20170703,Ta00422_20170703.jpg,quadrat_corner,1144,153,1514,541
Ta00422,20170703,Ta00422_20170703,Ta00422_20170703.jpg,quadrat_corner,4248,106,4646,477
Ta00422,20170703,Ta00422_20170703,Ta00422_20170703.jpg,quadrat_corner,4258,3178,4642,3456
Ta00422,20170703,Ta00422_20170703,Ta00422_20170703.jpg,quadrat_corner,1241,3248,1602,3456
Ta00125,20170703,Ta00125_20170703,Ta00125_20170703.jpg,clover,1047,204,3614,2748
Ta00125,20170703,Ta00125_20170703,Ta00125_20170703.jpg,quadrat,464,116,3938,3373
Ta00125,20170703,Ta00125_20170703,Ta00125_20170703.jpg,quadrat_corner,598,120,954,458
Ta00125,20170703,Ta00125_20170703,Ta00125_20170703.jpg,quadrat_corner,3439,111,3818,426
Ta00125,20170703,Ta00125_20170703,Ta00125_20170703.jpg,quadrat_corner,3536,2979,3948,3391
Ta00125,20170703,Ta00125_20170703,Ta00125_20170703.jpg,quadrat_corner,459,3003,843,3382
Ta01009,20170703,Ta01009_20170703,Ta01009_20170703.jpg,clover,1449,171,3508,2221
Ta01009,20170703,Ta01009_20170703,Ta01009_20170703.jpg,quadrat,723,51,4415,3428
Ta01009,20170703,Ta01009_20170703,Ta01009_20170703.jpg,quadrat_corner,894,111,1255,426
Ta01009,20170703,Ta01009_20170703,Ta01009_20170703.jpg,quadrat_corner,3832,42,4216,370
Ta01009,20170703,Ta01009_20170703,Ta01009_20170703.jpg,quadrat_corner,4022,2993,4424,3410
Ta01009,20170703,Ta01009_20170703,Ta01009_20170703.jpg,quadrat_corner,732,3007,1121,3447
Ta01902,20170703,Ta01902_20170703,Ta01902_20170703.jpg,clover,966,746,2897,2431
Ta01902,20170703,Ta01902_20170703,Ta01902_20170703.jpg,quadrat,84,0,3823,3360
Ta01902,20170703,Ta01902_20170703,Ta01902_20170703.jpg,quadrat_corner,335,0,724,262
Ta01902,20170703,Ta01902_20170703,Ta01902_20170703.jpg,quadrat_corner,3327,0,3716,331
Ta01902,20170703,Ta01902_20170703,Ta01902_20170703.jpg,quadrat_corner,3428,2950,3828,3339
Ta01902,20170703,Ta01902_20170703,Ta01902_20170703.jpg,quadrat_corner,52,2891,473,3307
Ta00310,20170703,Ta00310_20170703,Ta00310_20170703.jpg,clover,1544,1143,3365,2684
Ta00310,20170703,Ta00310_20170703,Ta00310_20170703.jpg,quadrat,1032,162,4434,3456
Ta00310,20170703,Ta00310_20170703,Ta00310_20170703.jpg,quadrat_corner,1058,178,1410,524
Ta00310,20170703,Ta00310_20170703,Ta00310_20170703.jpg,quadrat_corner,4050,156,4429,535
Ta00310,20170703,Ta00310_20170703,Ta00310_20170703.jpg,quadrat_corner,4040,3180,4408,3456
Ta00310,20170703,Ta00310_20170703,Ta00310_20170703.jpg,quadrat_corner,1026,3202,1410,3456
Ta01358,20170703,Ta01358_20170703,Ta01358_20170703.jpg,clover,1394,249,3842,1870
Ta01358,20170703,Ta01358_20170703,Ta01358_20170703.jpg,quadrat,419,0,4046,3410
Ta01358,20170703,Ta01358_20170703,Ta01358_20170703.jpg,quadrat_corner,616,0,1000,327
Ta01358,20170703,Ta01358_20170703,Ta01358_20170703.jpg,quadrat_corner,3592,50,3960,375
Ta01358,20170703,Ta01358_20170703,Ta01358_20170703.jpg,quadrat_corner,3646,3015,4046,3415
Ta01358,20170703,Ta01358_20170703,Ta01358_20170703.jpg,quadrat_corner,408,2946,808,3378
Ta00748,20170703,Ta00748_20170703,Ta00748_20170703.jpg,clover,2214,591,3668,2530
Ta00748,20170703,Ta00748_20170703,Ta00748_20170703.jpg,quadrat,509,34,4066,3394
Ta00748,20170703,Ta00748_20170703,Ta00748_20170703.jpg,quadrat_corner,626,29,1000,365
Ta00748,20170703,Ta00748_20170703,Ta00748_20170703.jpg,quadrat_corner,3576,18,3938,360
Ta00748,20170703,Ta00748_20170703,Ta00748_20170703.jpg,quadrat_corner,3704,2978,4072,3389
Ta00748,20170703,Ta00748_20170703,Ta00748_20170703.jpg,quadrat_corner,525,3000,914,3400
Ta01927,20170703,Ta01927_20170703,Ta01927_20170703.jpg,clover,1265,615,2889,2063
Ta01927,20170703,Ta01927_20170703,Ta01927_20170703.jpg,quadrat,422,125,3658,3237
Ta01927,20170703,Ta01927_20170703,Ta01927_20170703.jpg,quadrat_corner,518,153,866,485
Ta01927,20170703,Ta01927_20170703,Ta01927_20170703.jpg,quadrat_corner,3242,133,3582,453
Ta01927,20170703,Ta01927_20170703,Ta01927_20170703.jpg,quadrat_corner,3318,2865,3678,3233
Ta01927,20170703,Ta01927_20170703,Ta01927_20170703.jpg,quadrat_corner,410,2925,758,3269
Ta00799,20170703,Ta00799_20170703,Ta00799_20170703.jpg,clover,1450,8,3394,2560
Ta00799,20170703,Ta00799_20170703,Ta00799_20170703.jpg,quadrat,571,0,4272,3408
Ta00799,20170703,Ta00799_20170703,Ta00799_20170703.jpg,quadrat_corner,790,0,1158,325
Ta00799,20170703,Ta00799_20170703,Ta00799_20170703.jpg,quadrat_corner,3782,0,4144,314
Ta00799,20170703,Ta00799_20170703,Ta00799_20170703.jpg,quadrat_corner,3856,2960,4262,3418
Ta00799,20170703,Ta00799_20170703,Ta00799_20170703.jpg,quadrat_corner,566,2928,982,3365
Ta01946,20170608,Ta01946_20170608,Ta01946_20170608.jpg,clover,2243,1192,3154,2334
Ta01946,20170608,Ta01946_20170608,Ta01946_20170608.jpg,quadrat,1527,277,4418,3168
Ta01946,20170608,Ta01946_20170608,Ta01946_20170608.jpg,quadrat_corner,1538,256,1847,570
Ta01946,20170608,Ta01946_20170608,Ta01946_20170608.jpg,quadrat_corner,4109,256,4439,592
Ta01946,20170608,Ta01946_20170608,Ta01946_20170608.jpg,quadrat_corner,4103,2837,4423,3157
Ta01946,20170608,Ta01946_20170608,Ta01946_20170608.jpg,quadrat_corner,1527,2826,1858,3141
Ta02350,20170703,Ta02350_20170703,Ta02350_20170703.jpg,clover,2057,627,3907,2201
Ta02350,20170703,Ta02350_20170703,Ta02350_20170703.jpg,quadrat,1432,0,4890,3317
Ta02350,20170703,Ta02350_20170703,Ta02350_20170703.jpg,quadrat_corner,1447,0,1802,302
Ta02350,20170703,Ta02350_20170703,Ta02350_20170703.jpg,quadrat_corner,4474,0,4853,220
Ta02350,20170703,Ta02350_20170703,Ta02350_20170703.jpg,quadrat_corner,4514,2899,4881,3265
Ta02350,20170703,Ta02350_20170703,Ta02350_20170703.jpg,quadrat_corner,1502,2965,1878,3329
Ta01433,20170703,Ta01433_20170703,Ta01433_20170703.jpg,clover,1655,681,3975,3097
Ta01433,20170703,Ta01433_20170703,Ta01433_20170703.jpg,quadrat,1079,0,4566,3456
Ta01433,20170703,Ta01433_20170703,Ta01433_20170703.jpg,quadrat_corner,1085,62,1444,427
Ta01433,20170703,Ta01433_20170703,Ta01433_20170703.jpg,quadrat_corner,4154,0,4529,359
Ta01433,20170703,Ta01433_20170703,Ta01433_20170703.jpg,quadrat_corner,4201,3035,4563,3410
Ta01433,20170703,Ta01433_20170703,Ta01433_20170703.jpg,quadrat_corner,1172,3128,1549,3456
Ta01537,20170703,Ta01537_20170703,Ta01537_20170703.jpg,clover,1509,768,3809,2882
Ta01537,20170703,Ta01537_20170703,Ta01537_20170703.jpg,quadrat,1172,37,4660,3456
Ta01537,20170703,Ta01537_20170703,Ta01537_20170703.jpg,quadrat_corner,1181,116,1570,486
Ta01537,20170703,Ta01537_20170703,Ta01537_20170703.jpg,quadrat_corner,4258,32,4637,393
Ta01537,20170703,Ta01537_20170703,Ta01537_20170703.jpg,quadrat_corner,4285,3100,4674,3456
Ta01537,20170703,Ta01537_20170703,Ta01537_20170703.jpg,quadrat_corner,1250,3151,1657,3456
Ta01768,20170703,Ta01768_20170703,Ta01768_20170703.jpg,clover,1385,489,3604,2744
Ta01768,20170703,Ta01768_20170703,Ta01768_20170703.jpg,quadrat,578,0,4170,3385
Ta01768,20170703,Ta01768_20170703,Ta01768_20170703.jpg,quadrat_corner,627,0,995,257
Ta01768,20170703,Ta01768_20170703,Ta01768_20170703.jpg,quadrat_corner,3678,0,4052,210
Ta01768,20170703,Ta01768_20170703,Ta01768_20170703.jpg,quadrat_corner,3789,2961,4170,3351
Ta01768,20170703,Ta01768_20170703,Ta01768_20170703.jpg,quadrat_corner,572,3014,952,3403
Ta02138,20170703,Ta02138_20170703,Ta02138_20170703.jpg,clover,1892,1015,3114,2239
Ta02138,20170703,Ta02138_20170703,Ta02138_20170703.jpg,quadrat,694,106,4334,3455
Ta02138,20170703,Ta02138_20170703,Ta02138_20170703.jpg,quadrat_corner,861,118,1225,434
Ta02138,20170703,Ta02138_20170703,Ta02138_20170703.jpg,quadrat_corner,3797,130,4164,446
Ta02138,20170703,Ta02138_20170703,Ta02138_20170703.jpg,quadrat_corner,3961,3061,4334,3456
Ta02138,20170703,Ta02138_20170703,Ta02138_20170703.jpg,quadrat_corner,713,3058,1103,3456
Ta00208,20170703,Ta00208_20170703,Ta00208_20170703.jpg,clover,1056,777,3608,1840
Ta00208,20170703,Ta00208_20170703,Ta00208_20170703.jpg,quadrat,361,0,3929,3255
Ta00208,20170703,Ta00208_20170703,Ta00208_20170703.jpg,quadrat_corner,510,0,873,188
Ta00208,20170703,Ta00208_20170703,Ta00208_20170703.jpg,quadrat_corner,3486,0,3859,209
Ta00208,20170703,Ta00208_20170703,Ta00208_20170703.jpg,quadrat_corner,3529,2839,3929,3249
Ta00208,20170703,Ta00208_20170703,Ta00208_20170703.jpg,quadrat_corner,355,2833,745,3249
Ta00374,20170703,Ta00374_20170703,Ta00374_20170703.jpg,clover,1722,759,3152,1809
Ta00374,20170703,Ta00374_20170703,Ta00374_20170703.jpg,quadrat,630,143,3795,3225
Ta00374,20170703,Ta00374_20170703,Ta00374_20170703.jpg,quadrat_corner,746,157,1088,477
Ta00374,20170703,Ta00374_20170703,Ta00374_20170703.jpg,quadrat_corner,3416,167,3763,500
Ta00374,20170703,Ta00374_20170703,Ta00374_20170703.jpg,quadrat_corner,621,2859,968,3215
Ta00374,20170703,Ta00374_20170703,Ta00374_20170703.jpg,quadrat_corner,3457,2887,3795,3220
Ta01753,20170703,Ta01753_20170703,Ta01753_20170703.jpg,clover,1921,746,3415,2282
Ta01753,20170703,Ta01753_20170703,Ta01753_20170703.jpg,quadrat,950,41,4438,3396
Ta01753,20170703,Ta01753_20170703,Ta01753_20170703.jpg,quadrat_corner,1110,84,1473,425
Ta01753,20170703,Ta01753_20170703,Ta01753_20170703.jpg,quadrat_corner,3979,25,4385,393
Ta01753,20170703,Ta01753_20170703,Ta01753_20170703.jpg,quadrat_corner,4054,3006,4427,3396
Ta01753,20170703,Ta01753_20170703,Ta01753_20170703.jpg,quadrat_corner,950,2953,1345,3332
Ta00162,20170703,Ta00162_20170703,Ta00162_20170703.jpg,clover,1236,407,3133,2558
Ta00162,20170703,Ta00162_20170703,Ta00162_20170703.jpg,quadrat,1000,0,4507,3350
Ta00162,20170703,Ta00162_20170703,Ta00162_20170703.jpg,quadrat_corner,1010,0,1394,324
Ta00162,20170703,Ta00162_20170703,Ta00162_20170703.jpg,quadrat_corner,4040,0,4443,204
Ta00162,20170703,Ta00162_20170703,Ta00162_20170703.jpg,quadrat_corner,4151,2864,4512,3243
Ta00162,20170703,Ta00162_20170703,Ta00162_20170703.jpg,quadrat_corner,1130,2984,1509,3345
Ta02186,20170703,Ta02186_20170703,Ta02186_20170703.jpg,clover,2387,935,3519,1917
Ta02186,20170703,Ta02186_20170703,Ta02186_20170703.jpg,quadrat,618,0,4340,3456
Ta02186,20170703,Ta02186_20170703,Ta02186_20170703.jpg,quadrat_corner,751,0,1156,328
Ta02186,20170703,Ta02186_20170703,Ta02186_20170703.jpg,quadrat_corner,3796,0,4164,349
Ta02186,20170703,Ta02186_20170703,Ta02186_20170703.jpg,quadrat_corner,3914,3037,4335,3456
Ta02186,20170703,Ta02186_20170703,Ta02186_20170703.jpg,quadrat_corner,596,3027,1023,3456
Ta01633,20170703,Ta01633_20170703,Ta01633_20170703.jpg,clover,1930,250,3684,1763
Ta01633,20170703,Ta01633_20170703,Ta01633_20170703.jpg,quadrat,765,0,4406,3456
Ta01633,20170703,Ta01633_20170703,Ta01633_20170703.jpg,quadrat_corner,940,0,1310,319
Ta01633,20170703,Ta01633_20170703,Ta01633_20170703.jpg,quadrat_corner,3948,0,4322,338
Ta01633,20170703,Ta01633_20170703,Ta01633_20170703.jpg,quadrat_corner,4012,3053,4406,3442
Ta01633,20170703,Ta01633_20170703,Ta01633_20170703.jpg,quadrat_corner,755,3007,1153,3405
Ta01740,20170703,Ta01740_20170703,Ta01740_20170703.jpg,clover,1085,959,3378,2807
Ta01740,20170703,Ta01740_20170703,Ta01740_20170703.jpg,quadrat,176,48,3701,3424
Ta01740,20170703,Ta01740_20170703,Ta01740_20170703.jpg,quadrat_corner,277,85,645,437
Ta01740,20170703,Ta01740_20170703,Ta01740_20170703.jpg,quadrat_corner,3189,59,3557,384
Ta01740,20170703,Ta01740_20170703,Ta01740_20170703.jpg,quadrat_corner,3333,2971,3701,3381
Ta01740,20170703,Ta01740_20170703,Ta01740_20170703.jpg,quadrat_corner,171,3051,560,3445
Ta00034,20170703,Ta00034_20170703,Ta00034_20170703.jpg,clover,1417,0,3966,3016
Ta00034,20170703,Ta00034_20170703,Ta00034_20170703.jpg,quadrat,681,0,4313,3225
Ta00034,20170703,Ta00034_20170703,Ta00034_20170703.jpg,quadrat_corner,839,0,1213,204
Ta00034,20170703,Ta00034_20170703,Ta00034_20170703.jpg,quadrat_corner,3772,0,4165,204
Ta00034,20170703,Ta00034_20170703,Ta00034_20170703.jpg,quadrat_corner,3920,2808,4308,3220
Ta00034,20170703,Ta00034_20170703,Ta00034_20170703.jpg,quadrat_corner,677,2822,1065,3239
Ta00198,20170703,Ta00198_20170703,Ta00198_20170703.jpg,clover,1313,550,3689,2389
Ta00198,20170703,Ta00198_20170703,Ta00198_20170703.jpg,quadrat,762,0,4303,3440
Ta00198,20170703,Ta00198_20170703,Ta00198_20170703.jpg,quadrat_corner,895,0,1274,357
Ta00198,20170703,Ta00198_20170703,Ta00198_20170703.jpg,quadrat_corner,3866,0,4245,341
Ta00198,20170703,Ta00198_20170703,Ta00198_20170703.jpg,quadrat_corner,3925,3034,4319,3413
Ta00198,20170703,Ta00198_20170703,Ta00198_20170703.jpg,quadrat_corner,767,2992,1146,3381
Ta00959,20170703,Ta00959_20170703,Ta00959_20170703.jpg,clover,1485,797,3377,2581
Ta00959,20170703,Ta00959_20170703,Ta00959_20170703.jpg,quadrat,313,98,4281,3456
Ta00959,20170703,Ta00959_20170703,Ta00959_20170703.jpg,quadrat_corner,627,125,1001,461
Ta00959,20170703,Ta00959_20170703,Ta00959_20170703.jpg,quadrat_corner,3689,152,4073,482
Ta00959,20170703,Ta00959_20170703,Ta00959_20170703.jpg,quadrat_corner,3859,3176,4270,3456
Ta00959,20170703,Ta00959_20170703,Ta00959_20170703.jpg,quadrat_corner,339,3128,777,3456
Ta02021,20170703,Ta02021_20170703,Ta02021_20170703.jpg,clover,1597,302,3870,2798
Ta02021,20170703,Ta02021_20170703,Ta02021_20170703.jpg,quadrat,660,0,4193,3343
Ta02021,20170703,Ta02021_20170703,Ta02021_20170703.jpg,quadrat_corner,3705,0,4082,306
Ta02021,20170703,Ta02021_20170703,Ta02021_20170703.jpg,quadrat_corner,3805,2940,4191,3340
Ta02021,20170703,Ta02021_20170703,Ta02021_20170703.jpg,quadrat_corner,655,2950,1032,3340
Ta02021,20170703,Ta02021_20170703,Ta02021_20170703.jpg,quadrat_corner,814,57,1168,381
Ta01450,20170703,Ta01450_20170703,Ta01450_20170703.jpg,clover,1682,377,3323,2189
Ta01450,20170703,Ta01450_20170703,Ta01450_20170703.jpg,quadrat,365,4,3972,3399
Ta01450,20170703,Ta01450_20170703,Ta01450_20170703.jpg,quadrat_corner,457,25,821,348
Ta01450,20170703,Ta01450_20170703,Ta01450_20170703.jpg,quadrat_corner,3405,0,3761,323
Ta01450,20170703,Ta01450_20170703,Ta01450_20170703.jpg,quadrat_corner,3593,2925,3986,3334
Ta01450,20170703,Ta01450_20170703,Ta01450_20170703.jpg,quadrat_corner,373,3016,773,3408
Ta01916,20170703,Ta01916_20170703,Ta01916_20170703.jpg,clover,782,138,3859,3047
Ta01916,20170703,Ta01916_20170703,Ta01916_20170703.jpg,quadrat,635,0,4433,3456
Ta01916,20170703,Ta01916_20170703,Ta01916_20170703.jpg,quadrat_corner,776,0,1179,304
Ta01916,20170703,Ta01916_20170703,Ta01916_20170703.jpg,quadrat_corner,3893,4,4281,363
Ta01916,20170703,Ta01916_20170703,Ta01916_20170703.jpg,quadrat_corner,4041,3127,4424,3456
Ta01916,20170703,Ta01916_20170703,Ta01916_20170703.jpg,quadrat_corner,633,3097,1041,3456
Ta01957,20170608,Ta01957_20170608,Ta01957_20170608.jpg,clover,2299,1603,3380,2563
Ta01957,20170608,Ta01957_20170608,Ta01957_20170608.jpg,quadrat,1371,486,4329,3372
Ta01957,20170608,Ta01957_20170608,Ta01957_20170608.jpg,quadrat_corner,1373,502,1684,806
Ta01957,20170608,Ta01957_20170608,Ta01957_20170608.jpg,quadrat_corner,3993,499,4318,804
Ta01957,20170608,Ta01957_20170608,Ta01957_20170608.jpg,quadrat_corner,3957,3064,4266,3377
Ta01957,20170608,Ta01957_20170608,Ta01957_20170608.jpg,quadrat_corner,1418,3077,1740,3365
Ta01608,20170703,Ta01608_20170703,Ta01608_20170703.jpg,clover,1666,949,3393,2486
Ta01608,20170703,Ta01608_20170703,Ta01608_20170703.jpg,quadrat,703,59,4265,3456
Ta01608,20170703,Ta01608_20170703,Ta01608_20170703.jpg,quadrat_corner,814,52,1182,402
Ta01608,20170703,Ta01608_20170703,Ta01608_20170703.jpg,quadrat_corner,3784,84,4173,424
Ta01608,20170703,Ta01608_20170703,Ta01608_20170703.jpg,quadrat_corner,3888,3106,4263,3456
Ta01608,20170703,Ta01608_20170703,Ta01608_20170703.jpg,quadrat_corner,703,3100,1086,3456
Ta02365,20170703,Ta02365_20170703,Ta02365_20170703.jpg,clover,2147,565,3171,1719
Ta02365,20170703,Ta02365_20170703,Ta02365_20170703.jpg,quadrat,819,55,4354,3413
Ta02365,20170703,Ta02365_20170703,Ta02365_20170703.jpg,quadrat_corner,977,57,1332,370
Ta02365,20170703,Ta02365_20170703,Ta02365_20170703.jpg,quadrat_corner,3866,127,4227,445
Ta02365,20170703,Ta02365_20170703,Ta02365_20170703.jpg,quadrat_corner,3986,3031,4349,3406
Ta02365,20170703,Ta02365_20170703,Ta02365_20170703.jpg,quadrat_corner,812,2999,1191,3374
Ta02005,20170703,Ta02005_20170703,Ta02005_20170703.jpg,clover,140,0,4458,3456
Ta02005,20170703,Ta02005_20170703,Ta02005_20170703.jpg,quadrat,442,180,3838,3456
Ta02005,20170703,Ta02005_20170703,Ta02005_20170703.jpg,quadrat_corner,637,179,989,509
Ta02005,20170703,Ta02005_20170703,Ta02005_20170703.jpg,quadrat_corner,3455,261,3804,572
Ta02005,20170703,Ta02005_20170703,Ta02005_20170703.jpg,quadrat_corner,3462,3124,3825,3456
Ta02005,20170703,Ta02005_20170703,Ta02005_20170703.jpg,quadrat_corner,430,3049,801,3418
Ta01780,20170703,Ta01780_20170703,Ta01780_20170703.jpg,quadrat_corner,745,0,1073,282
Ta01780,20170703,Ta01780_20170703,Ta01780_20170703.jpg,quadrat_corner,689,2983,1048,3348
Ta01780,20170703,Ta01780_20170703,Ta01780_20170703.jpg,quadrat_corner,3830,2970,4195,3342
Ta01780,20170703,Ta01780_20170703,Ta01780_20170703.jpg,quadrat_corner,3743,0,4111,210
Ta01780,20170703,Ta01780_20170703,Ta01780_20170703.jpg,clover,1868,278,3619,2259
Ta01780,20170703,Ta01780_20170703,Ta01780_20170703.jpg,quadrat,674,0,4195,3354
Ta02309,20170608,Ta02309_20170608,Ta02309_20170608.jpg,clover,1863,1010,3641,2736
Ta02309,20170608,Ta02309_20170608,Ta02309_20170608.jpg,quadrat,1118,406,4072,3370
Ta02309,20170608,Ta02309_20170608,Ta02309_20170608.jpg,quadrat_corner,1125,475,1429,779
Ta02309,20170608,Ta02309_20170608,Ta02309_20170608.jpg,quadrat_corner,3711,404,4022,713
Ta02309,20170608,Ta02309_20170608,Ta02309_20170608.jpg,quadrat_corner,3759,2961,4066,3274
Ta02309,20170608,Ta02309_20170608,Ta02309_20170608.jpg,quadrat_corner,1220,3054,1538,3367
Ta01657,20170703,Ta01657_20170703,Ta01657_20170703.jpg,clover,2031,558,4188,2911
Ta01657,20170703,Ta01657_20170703,Ta01657_20170703.jpg,quadrat,796,55,4640,3347
Ta01657,20170703,Ta01657_20170703,Ta01657_20170703.jpg,quadrat_corner,1036,71,1413,370
Ta01657,20170703,Ta01657_20170703,Ta01657_20170703.jpg,quadrat_corner,4018,55,4381,356
Ta01657,20170703,Ta01657_20170703,Ta01657_20170703.jpg,quadrat_corner,4225,2931,4629,3338
Ta01657,20170703,Ta01657_20170703,Ta01657_20170703.jpg,quadrat_corner,803,2911,1209,3338
Ta02316,20170608,Ta02316_20170608,Ta02316_20170608.jpg,clover,1625,552,3989,2144
Ta02316,20170608,Ta02316_20170608,Ta02316_20170608.jpg,quadrat,1380,29,4291,2929
Ta02316,20170608,Ta02316_20170608,Ta02316_20170608.jpg,quadrat_corner,1389,36,1697,336
Ta02316,20170608,Ta02316_20170608,Ta02316_20170608.jpg,quadrat_corner,3979,36,4291,327
Ta02316,20170608,Ta02316_20170608,Ta02316_20170608.jpg,quadrat_corner,1405,2623,1720,2927
Ta02316,20170608,Ta02316_20170608,Ta02316_20170608.jpg,quadrat_corner,3980,2589,4266,2904
Ta00146,20170703,Ta00146_20170703,Ta00146_20170703.jpg,clover,1120,615,3714,2509
Ta00146,20170703,Ta00146_20170703,Ta00146_20170703.jpg,quadrat,532,0,4091,3415
Ta00146,20170703,Ta00146_20170703,Ta00146_20170703.jpg,quadrat_corner,632,9,1016,343
Ta00146,20170703,Ta00146_20170703,Ta00146_20170703.jpg,quadrat_corner,3607,21,3972,354
Ta00146,20170703,Ta00146_20170703,Ta00146_20170703.jpg,quadrat_corner,3696,3009,4084,3401
Ta00146,20170703,Ta00146_20170703,Ta00146_20170703.jpg,quadrat_corner,542,3027,919,3427
Ta02042,20170608,Ta02042_20170608,Ta02042_20170608.jpg,clover,1952,813,3418,2275
Ta02042,20170608,Ta02042_20170608,Ta02042_20170608.jpg,quadrat,1241,239,4172,3150
Ta02042,20170608,Ta02042_20170608,Ta02042_20170608.jpg,quadrat_corner,1248,284,1557,575
Ta02042,20170608,Ta02042_20170608,Ta02042_20170608.jpg,quadrat_corner,3829,239,4140,533
Ta02042,20170608,Ta02042_20170608,Ta02042_20170608.jpg,quadrat_corner,3843,2795,4166,3104
Ta02042,20170608,Ta02042_20170608,Ta02042_20170608.jpg,quadrat_corner,1304,2848,1615,3145
Ta01129,20170703,Ta01129_20170703,Ta01129_20170703.jpg,clover,1906,843,2937,2012
Ta01129,20170703,Ta01129_20170703,Ta01129_20170703.jpg,quadrat,187,9,3848,3372
Ta01129,20170703,Ta01129_20170703,Ta01129_20170703.jpg,quadrat_corner,374,34,734,347
Ta01129,20170703,Ta01129_20170703,Ta01129_20170703.jpg,quadrat_corner,3353,9,3691,316
Ta01129,20170703,Ta01129_20170703,Ta01129_20170703.jpg,quadrat_corner,3462,2943,3846,3342
Ta01129,20170703,Ta01129_20170703,Ta01129_20170703.jpg,quadrat_corner,187,2968,562,3368
Ta01970,20170608,Ta01970_20170608,Ta01970_20170608.jpg,clover,2143,1537,3269,2650
Ta01970,20170608,Ta01970_20170608,Ta01970_20170608.jpg,quadrat,1388,531,4311,3452
Ta01970,20170608,Ta01970_20170608,Ta01970_20170608.jpg,quadrat_corner,1422,536,1720,838
Ta01970,20170608,Ta01970_20170608,Ta01970_20170608.jpg,quadrat_corner,3984,558,4304,870
Ta01970,20170608,Ta01970_20170608,Ta01970_20170608.jpg,quadrat_corner,3932,3150,4259,3449
Ta01970,20170608,Ta01970_20170608,Ta01970_20170608.jpg,quadrat_corner,1397,3097,1700,3401
Ta01493,20170703,Ta01493_20170703,Ta01493_20170703.jpg,clover,775,661,3412,2609
Ta01493,20170703,Ta01493_20170703,Ta01493_20170703.jpg,quadrat,276,259,3861,3456
Ta01493,20170703,Ta01493_20170703,Ta01493_20170703.jpg,quadrat_corner,444,254,800,579
Ta01493,20170703,Ta01493_20170703,Ta01493_20170703.jpg,quadrat_corner,3334,266,3693,575
Ta01493,20170703,Ta01493_20170703,Ta01493_20170703.jpg,quadrat_corner,3477,3145,3850,3456
Ta01493,20170703,Ta01493_20170703,Ta01493_20170703.jpg,quadrat_corner,269,3172,662,3456
Ta00083,20170703,Ta00083_20170703,Ta00083_20170703.jpg,clover,2290,475,4043,2182
Ta00083,20170703,Ta00083_20170703,Ta00083_20170703.jpg,quadrat,1182,0,4808,3381
Ta00083,20170703,Ta00083_20170703,Ta00083_20170703.jpg,quadrat_corner,1373,0,1734,289
Ta00083,20170703,Ta00083_20170703,Ta00083_20170703.jpg,quadrat_corner,4345,0,4706,293
Ta00083,20170703,Ta00083_20170703,Ta00083_20170703.jpg,quadrat_corner,4404,2997,4794,3383
Ta00083,20170703,Ta00083_20170703,Ta00083_20170703.jpg,quadrat_corner,1195,2922,1559,3317
Ta00072,20170703,Ta00072_20170703,Ta00072_20170703.jpg,clover,1491,643,4107,3006
Ta00072,20170703,Ta00072_20170703,Ta00072_20170703.jpg,quadrat,1105,39,4626,3456
Ta00072,20170703,Ta00072_20170703,Ta00072_20170703.jpg,quadrat_corner,1121,173,1470,525
Ta00072,20170703,Ta00072_20170703,Ta00072_20170703.jpg,quadrat_corner,4140,48,4534,404
Ta00072,20170703,Ta00072_20170703,Ta00072_20170703.jpg,quadrat_corner,4247,3084,4626,3443
Ta00072,20170703,Ta00072_20170703,Ta00072_20170703.jpg,quadrat_corner,1225,3200,1618,3456
Ta00292,20170703,Ta00292_20170703,Ta00292_20170703.jpg,clover,1793,1003,3209,2788
Ta00292,20170703,Ta00292_20170703,Ta00292_20170703.jpg,quadrat,69,7,3763,3436
Ta00292,20170703,Ta00292_20170703,Ta00292_20170703.jpg,quadrat_corner,326,0,712,306
Ta00292,20170703,Ta00292_20170703,Ta00292_20170703.jpg,quadrat_corner,3334,5,3702,328
Ta00292,20170703,Ta00292_20170703,Ta00292_20170703.jpg,quadrat_corner,3377,3007,3770,3422
Ta00292,20170703,Ta00292_20170703,Ta00292_20170703.jpg,quadrat_corner,81,2971,471,3361
Ta01982,20170608,Ta01982_20170608,Ta01982_20170608.jpg,clover,2168,1673,3169,2820
Ta01982,20170608,Ta01982_20170608,Ta01982_20170608.jpg,quadrat,1096,649,4082,3456
Ta01982,20170608,Ta01982_20170608,Ta01982_20170608.jpg,quadrat_corner,1095,706,1422,1022
Ta01982,20170608,Ta01982_20170608,Ta01982_20170608.jpg,quadrat_corner,3705,654,4018,954
Ta01982,20170608,Ta01982_20170608,Ta01982_20170608.jpg,quadrat_corner,3759,3233,4068,3456
Ta01982,20170608,Ta01982_20170608,Ta01982_20170608.jpg,quadrat_corner,1195,3326,1506,3456
Ta02270,20170703,Ta02270_20170703,Ta02270_20170703.jpg,clover,2678,1045,3863,2164
Ta02270,20170703,Ta02270_20170703,Ta02270_20170703.jpg,quadrat,823,68,4479,3456
Ta02270,20170703,Ta02270_20170703,Ta02270_20170703.jpg,quadrat_corner,1059,70,1425,411
Ta02270,20170703,Ta02270_20170703,Ta02270_20170703.jpg,quadrat_corner,4047,102,4431,436
Ta02270,20170703,Ta02270_20170703,Ta02270_20170703.jpg,quadrat_corner,4082,3192,4465,3456
Ta02270,20170703,Ta02270_20170703,Ta02270_20170703.jpg,quadrat_corner,834,3084,1221,3456
Ta01540,20170703,Ta01540_20170703,Ta01540_20170703.jpg,clover,2063,1110,3791,2541
Ta01540,20170703,Ta01540_20170703,Ta01540_20170703.jpg,quadrat,955,0,4527,3442
Ta01540,20170703,Ta01540_20170703,Ta01540_20170703.jpg,quadrat_corner,1011,95,1363,418
Ta01540,20170703,Ta01540_20170703,Ta01540_20170703.jpg,quadrat_corner,3934,0,4307,327
Ta01540,20170703,Ta01540_20170703,Ta01540_20170703.jpg,quadrat_corner,4145,2961,4531,3379
Ta01540,20170703,Ta01540_20170703,Ta01540_20170703.jpg,quadrat_corner,946,3058,1329,3440
Ta01037,20170703,Ta01037_20170703,Ta01037_20170703.jpg,clover,2637,173,4016,1996
Ta01037,20170703,Ta01037_20170703,Ta01037_20170703.jpg,quadrat,1209,0,4894,3440
Ta01037,20170703,Ta01037_20170703,Ta01037_20170703.jpg,quadrat_corner,1275,0,1647,338
Ta01037,20170703,Ta01037_20170703,Ta01037_20170703.jpg,quadrat_corner,4311,0,4699,247
Ta01037,20170703,Ta01037_20170703,Ta01037_20170703.jpg,quadrat_corner,4488,2990,4869,3397
Ta01037,20170703,Ta01037_20170703,Ta01037_20170703.jpg,quadrat_corner,1232,3038,1609,3436
Ta01094,20170703,Ta01094_20170703,Ta01094_20170703.jpg,clover,1961,795,3759,3179
Ta01094,20170703,Ta01094_20170703,Ta01094_20170703.jpg,quadrat,1075,130,4531,3456
Ta01094,20170703,Ta01094_20170703,Ta01094_20170703.jpg,quadrat_corner,1098,198,1454,543
Ta01094,20170703,Ta01094_20170703,Ta01094_20170703.jpg,quadrat_corner,4093,143,4470,482
Ta01094,20170703,Ta01094_20170703,Ta01094_20170703.jpg,quadrat_corner,4165,3138,4522,3456
Ta01094,20170703,Ta01094_20170703,Ta01094_20170703.jpg,quadrat_corner,1143,3225,1516,3456
Ta00749,20170703,Ta00749_20170703,Ta00749_20170703.jpg,clover,1816,1053,3058,2663
Ta00749,20170703,Ta00749_20170703,Ta00749_20170703.jpg,quadrat,1055,143,4531,3456
Ta00749,20170703,Ta00749_20170703,Ta00749_20170703.jpg,quadrat_corner,1066,157,1448,513
Ta00749,20170703,Ta00749_20170703,Ta00749_20170703.jpg,quadrat_corner,4163,206,4540,574
Ta00749,20170703,Ta00749_20170703,Ta00749_20170703.jpg,quadrat_corner,4091,3250,4468,3456
Ta00749,20170703,Ta00749_20170703,Ta00749_20170703.jpg,quadrat_corner,1052,3254,1436,3456
Ta01140,20170703,Ta01140_20170703,Ta01140_20170703.jpg,clover,2076,1085,3419,2243
Ta01140,20170703,Ta01140_20170703,Ta01140_20170703.jpg,quadrat,523,36,4188,3456
Ta01140,20170703,Ta01140_20170703,Ta01140_20170703.jpg,quadrat_corner,680,66,1044,404
Ta01140,20170703,Ta01140_20170703,Ta01140_20170703.jpg,quadrat_corner,3723,32,4095,370
Ta01140,20170703,Ta01140_20170703,Ta01140_20170703.jpg,quadrat_corner,3804,3145,4195,3456
Ta01140,20170703,Ta01140_20170703,Ta01140_20170703.jpg,quadrat_corner,516,3124,902,3456
Ta00966,20170703,Ta00966_20170703,Ta00966_20170703.jpg,clover,1243,256,3569,2623
Ta00966,20170703,Ta00966_20170703,Ta00966_20170703.jpg,quadrat,533,0,3993,3258
Ta00966,20170703,Ta00966_20170703,Ta00966_20170703.jpg,quadrat_corner,651,0,1011,302
Ta00966,20170703,Ta00966_20170703,Ta00966_20170703.jpg,quadrat_corner,3550,0,3905,284
Ta00966,20170703,Ta00966_20170703,Ta00966_20170703.jpg,quadrat_corner,3609,2884,3970,3263
Ta00966,20170703,Ta00966_20170703,Ta00966_20170703.jpg,quadrat_corner,533,2891,914,3261
Ta01615,20170703,Ta01615_20170703,Ta01615_20170703.jpg,clover,1802,640,3078,1960
Ta01615,20170703,Ta01615_20170703,Ta01615_20170703.jpg,quadrat,592,0,4334,3436
Ta01615,20170703,Ta01615_20170703,Ta01615_20170703.jpg,quadrat_corner,753,0,1127,232
Ta01615,20170703,Ta01615_20170703,Ta01615_20170703.jpg,quadrat_corner,3859,0,4224,238
Ta01615,20170703,Ta01615_20170703,Ta01615_20170703.jpg,quadrat_corner,3934,3040,4333,3442
Ta01615,20170703,Ta01615_20170703,Ta01615_20170703.jpg,quadrat_corner,608,3011,993,3436
Ta00111,20170703,Ta00111_20170703,Ta00111_20170703.jpg,clover,965,594,3282,2846
Ta00111,20170703,Ta00111_20170703,Ta00111_20170703.jpg,quadrat,627,6,4179,3444
Ta00111,20170703,Ta00111_20170703,Ta00111_20170703.jpg,quadrat_corner,695,56,1064,399
Ta00111,20170703,Ta00111_20170703,Ta00111_20170703.jpg,quadrat_corner,3675,6,4065,328
Ta00111,20170703,Ta00111_20170703,Ta00111_20170703.jpg,quadrat_corner,3789,3048,4179,3428
Ta00111,20170703,Ta00111_20170703,Ta00111_20170703.jpg,quadrat_corner,621,3069,1014,3456
Ta00367,20170703,Ta00367_20170703,Ta00367_20170703.jpg,clover,1869,1069,2657,1849
Ta00367,20170703,Ta00367_20170703,Ta00367_20170703.jpg,quadrat,291,7,4015,3456
Ta00367,20170703,Ta00367_20170703,Ta00367_20170703.jpg,quadrat_corner,482,10,879,332
Ta00367,20170703,Ta00367_20170703,Ta00367_20170703.jpg,quadrat_corner,3518,32,3906,350
Ta00367,20170703,Ta00367_20170703,Ta00367_20170703.jpg,quadrat_corner,3631,3071,4021,3456
Ta00367,20170703,Ta00367_20170703,Ta00367_20170703.jpg,quadrat_corner,276,3044,688,3456
Ta01013,20170703,Ta01013_20170703,Ta01013_20170703.jpg,clover,1571,0,3743,1906
Ta01013,20170703,Ta01013_20170703,Ta01013_20170703.jpg,quadrat,367,0,4164,3456
Ta01013,20170703,Ta01013_20170703,Ta01013_20170703.jpg,quadrat_corner,599,0,952,334
Ta01013,20170703,Ta01013_20170703,Ta01013_20170703.jpg,quadrat_corner,3666,0,4049,263
Ta01013,20170703,Ta01013_20170703,Ta01013_20170703.jpg,quadrat_corner,3737,3085,4161,3456
Ta01013,20170703,Ta01013_20170703,Ta01013_20170703.jpg,quadrat_corner,371,3069,763,3456
Ta02209,20170608,Ta02209_20170608,Ta02209_20170608.jpg,clover,2152,912,3364,1808
Ta02209,20170608,Ta02209_20170608,Ta02209_20170608.jpg,quadrat,1225,0,4328,2875
Ta02209,20170608,Ta02209_20170608,Ta02209_20170608.jpg,quadrat_corner,1222,0,1540,254
Ta02209,20170608,Ta02209_20170608,Ta02209_20170608.jpg,quadrat_corner,3983,0,4343,236
Ta02209,20170608,Ta02209_20170608,Ta02209_20170608.jpg,quadrat_corner,3910,2554,4204,2845
Ta02209,20170608,Ta02209_20170608,Ta02209_20170608.jpg,quadrat_corner,1331,2575,1649,2875
Ta00473,20170703,Ta00473_20170703,Ta00473_20170703.jpg,clover,1902,1223,2820,2657
Ta00473,20170703,Ta00473_20170703,Ta00473_20170703.jpg,quadrat,840,109,4358,3456
Ta00473,20170703,Ta00473_20170703,Ta00473_20170703.jpg,quadrat_corner,865,171,1213,543
Ta00473,20170703,Ta00473_20170703,Ta00473_20170703.jpg,quadrat_corner,3923,105,4302,471
Ta00473,20170703,Ta00473_20170703,Ta00473_20170703.jpg,quadrat_corner,3982,3157,4351,3456
Ta00473,20170703,Ta00473_20170703,Ta00473_20170703.jpg,quadrat_corner,947,3260,1337,3456
Ta02245,20170608,Ta02245_20170608,Ta02245_20170608.jpg,clover,2217,1104,3097,2542
Ta02245,20170608,Ta02245_20170608,Ta02245_20170608.jpg,quadrat,1152,145,4146,3067
Ta02245,20170608,Ta02245_20170608,Ta02245_20170608.jpg,quadrat_corner,1176,151,1494,464
Ta02245,20170608,Ta02245_20170608,Ta02245_20170608.jpg,quadrat_corner,3821,200,4155,521
Ta02245,20170608,Ta02245_20170608,Ta02245_20170608.jpg,quadrat_corner,3721,2773,4021,3073
Ta02245,20170608,Ta02245_20170608,Ta02245_20170608.jpg,quadrat_corner,1200,2739,1509,3057
Ta01931,20170608,Ta01931_20170608,Ta01931_20170608.jpg,clover,2548,1676,3449,2538
Ta01931,20170608,Ta01931_20170608,Ta01931_20170608.jpg,quadrat,1406,546,4348,3456
Ta01931,20170608,Ta01931_20170608,Ta01931_20170608.jpg,quadrat_corner,1424,580,1730,889
Ta01931,20170608,Ta01931_20170608,Ta01931_20170608.jpg,quadrat_corner,3975,558,4296,855
Ta01931,20170608,Ta01931_20170608,Ta01931_20170608.jpg,quadrat_corner,4045,3101,4354,3428
Ta01931,20170608,Ta01931_20170608,Ta01931_20170608.jpg,quadrat_corner,1448,3155,1781,3455
Ta01872,20170703,Ta01872_20170703,Ta01872_20170703.jpg,clover,1203,925,3192,2339
Ta01872,20170703,Ta01872_20170703,Ta01872_20170703.jpg,quadrat,482,99,4154,3456
Ta01872,20170703,Ta01872_20170703,Ta01872_20170703.jpg,quadrat_corner,615,96,995,442
Ta01872,20170703,Ta01872_20170703,Ta01872_20170703.jpg,quadrat_corner,3672,108,4052,455
Ta01872,20170703,Ta01872_20170703,Ta01872_20170703.jpg,quadrat_corner,476,3199,872,3456
Ta01872,20170703,Ta01872_20170703,Ta01872_20170703.jpg,quadrat_corner,3783,3218,4154,3456
Ta00051,20170703,Ta00051_20170703,Ta00051_20170703.jpg,clover,1299,244,3882,3243
Ta00051,20170703,Ta00051_20170703,Ta00051_20170703.jpg,quadrat,754,74,4260,3456
Ta00051,20170703,Ta00051_20170703,Ta00051_20170703.jpg,quadrat_corner,801,133,1144,458
Ta00051,20170703,Ta00051_20170703,Ta00051_20170703.jpg,quadrat_corner,3740,77,4086,402
Ta00051,20170703,Ta00051_20170703,Ta00051_20170703.jpg,quadrat_corner,751,3125,1119,3456
Ta00051,20170703,Ta00051_20170703,Ta00051_20170703.jpg,quadrat_corner,3885,3060,4244,3434
Ta01993,20170703,Ta01993_20170703,Ta01993_20170703.jpg,clover,1586,461,3820,2271
Ta01993,20170703,Ta01993_20170703,Ta01993_20170703.jpg,quadrat,630,19,4117,3363
Ta01993,20170703,Ta01993_20170703,Ta01993_20170703.jpg,quadrat_corner,745,43,1104,374
Ta01993,20170703,Ta01993_20170703,Ta01993_20170703.jpg,quadrat_corner,3666,19,4021,328
Ta01993,20170703,Ta01993_20170703,Ta01993_20170703.jpg,quadrat_corner,627,2986,986,3360
Ta01993,20170703,Ta01993_20170703,Ta01993_20170703.jpg,quadrat_corner,3758,2992,4105,3354
Ta01989,20170608,Ta01989_20170608,Ta01989_20170608.jpg,clover,2088,1334,3604,2853
Ta01989,20170608,Ta01989_20170608,Ta01989_20170608.jpg,quadrat,1163,365,4096,3292
Ta01989,20170608,Ta01989_20170608,Ta01989_20170608.jpg,quadrat_corner,1163,446,1469,739
Ta01989,20170608,Ta01989_20170608,Ta01989_20170608.jpg,quadrat_corner,3718,362,4025,653
Ta01989,20170608,Ta01989_20170608,Ta01989_20170608.jpg,quadrat_corner,3786,2887,4099,3215
Ta01989,20170608,Ta01989_20170608,Ta01989_20170608.jpg,quadrat_corner,1255,2995,1580,3295
Ta00620,20170703,Ta00620_20170703,Ta00620_20170703.jpg,clover,1540,492,3415,2877
Ta00620,20170703,Ta00620_20170703,Ta00620_20170703.jpg,quadrat,1002,0,4560,3456
Ta00620,20170703,Ta00620_20170703,Ta00620_20170703.jpg,quadrat_corner,1005,111,1370,480
Ta00620,20170703,Ta00620_20170703,Ta00620_20170703.jpg,quadrat_corner,4040,0,4402,309
Ta00620,20170703,Ta00620_20170703,Ta00620_20170703.jpg,quadrat_corner,4207,2983,4544,3357
Ta00620,20170703,Ta00620_20170703,Ta00620_20170703.jpg,quadrat_corner,1159,3159,1537,3456
Ta00972,20170703,Ta00972_20170703,Ta00972_20170703.jpg,clover,1763,483,3375,2101
Ta00972,20170703,Ta00972_20170703,Ta00972_20170703.jpg,quadrat,432,58,3947,3456
Ta00972,20170703,Ta00972_20170703,Ta00972_20170703.jpg,quadrat_corner,544,114,912,461
Ta00972,20170703,Ta00972_20170703,Ta00972_20170703.jpg,quadrat_corner,3499,65,3867,405
Ta00972,20170703,Ta00972_20170703,Ta00972_20170703.jpg,quadrat_corner,3582,3085,3956,3456
Ta00972,20170703,Ta00972_20170703,Ta00972_20170703.jpg,quadrat_corner,417,3097,801,3456
Ta02240,20170703,Ta02240_20170703,Ta02240_20170703.jpg,clover,1859,1309,3143,2113
Ta02240,20170703,Ta02240_20170703,Ta02240_20170703.jpg,quadrat,621,93,4192,3456
Ta02240,20170703,Ta02240_20170703,Ta02240_20170703.jpg,quadrat_corner,726,155,1073,492
Ta02240,20170703,Ta02240_20170703,Ta02240_20170703.jpg,quadrat_corner,3669,99,4031,412
Ta02240,20170703,Ta02240_20170703,Ta02240_20170703.jpg,quadrat_corner,3827,3085,4195,3456
Ta02240,20170703,Ta02240_20170703,Ta02240_20170703.jpg,quadrat_corner,618,3131,1005,3456
Ta02336,20170608,Ta02336_20170608,Ta02336_20170608.jpg,clover,2478,1779,3164,2299
Ta02336,20170608,Ta02336_20170608,Ta02336_20170608.jpg,quadrat,1342,563,4297,3456
Ta02336,20170608,Ta02336_20170608,Ta02336_20170608.jpg,quadrat_corner,1348,647,1633,937
Ta02336,20170608,Ta02336_20170608,Ta02336_20170608.jpg,quadrat_corner,3882,560,4182,848
Ta02336,20170608,Ta02336_20170608,Ta02336_20170608.jpg,quadrat_corner,4000,3125,4288,3441
Ta02336,20170608,Ta02336_20170608,Ta02336_20170608.jpg,quadrat_corner,1395,3202,1717,3456
Ta01646,20170703,Ta01646_20170703,Ta01646_20170703.jpg,clover,2694,1182,3344,1897
Ta01646,20170703,Ta01646_20170703,Ta01646_20170703.jpg,quadrat,884,121,4482,3456
Ta01646,20170703,Ta01646_20170703,Ta01646_20170703.jpg,quadrat_corner,1060,111,1410,436
Ta01646,20170703,Ta01646_20170703,Ta01646_20170703.jpg,quadrat_corner,4021,114,4396,467
Ta01646,20170703,Ta01646_20170703,Ta01646_20170703.jpg,quadrat_corner,4102,3162,4489,3456
Ta01646,20170703,Ta01646_20170703,Ta01646_20170703.jpg,quadrat_corner,890,3106,1265,3456
Ta02232,20170703,Ta02232_20170703,Ta02232_20170703.jpg,quadrat,603,68,4133,3441
Ta02232,20170703,Ta02232_20170703,Ta02232_20170703.jpg,quadrat_corner,794,80,1156,415
Ta02232,20170703,Ta02232_20170703,Ta02232_20170703.jpg,quadrat_corner,3709,84,4074,412
Ta02232,20170703,Ta02232_20170703,Ta02232_20170703.jpg,quadrat_corner,599,2995,971,3376
Ta02232,20170703,Ta02232_20170703,Ta02232_20170703.jpg,quadrat_corner,3762,3063,4136,3434
Ta01924,20170703,Ta01924_20170703,Ta01924_20170703.jpg,clover,1856,424,3164,1804
Ta01924,20170703,Ta01924_20170703,Ta01924_20170703.jpg,quadrat,473,90,3885,3376
Ta01924,20170703,Ta01924_20170703,Ta01924_20170703.jpg,quadrat_corner,618,102,968,427
Ta01924,20170703,Ta01924_20170703,Ta01924_20170703.jpg,quadrat_corner,3461,99,3827,433
Ta01924,20170703,Ta01924_20170703,Ta01924_20170703.jpg,quadrat_corner,3536,2995,3898,3366
Ta01924,20170703,Ta01924_20170703,Ta01924_20170703.jpg,quadrat_corner,460,2983,819,3366
Ta01900,20170703,Ta01900_20170703,Ta01900_20170703.jpg,clover,1243,492,2799,2122
Ta01900,20170703,Ta01900_20170703,Ta01900_20170703.jpg,quadrat,327,84,3851,3456
Ta01900,20170703,Ta01900_20170703,Ta01900_20170703.jpg,quadrat_corner,445,84,797,430
Ta01900,20170703,Ta01900_20170703,Ta01900_20170703.jpg,quadrat_corner,3412,77,3780,405
Ta01900,20170703,Ta01900_20170703,Ta01900_20170703.jpg,quadrat_corner,3486,3103,3854,3456
Ta01900,20170703,Ta01900_20170703,Ta01900_20170703.jpg,quadrat_corner,333,3103,717,3456
Ta01637,20170703,Ta01637_20170703,Ta01637_20170703.jpg,clover,1791,495,3601,2887
Ta01637,20170703,Ta01637_20170703,Ta01637_20170703.jpg,quadrat,630,87,4223,3428
Ta01637,20170703,Ta01637_20170703,Ta01637_20170703.jpg,quadrat_corner,797,111,1150,439
Ta01637,20170703,Ta01637_20170703,Ta01637_20170703.jpg,quadrat_corner,3727,77,4096,408
Ta01637,20170703,Ta01637_20170703,Ta01637_20170703.jpg,quadrat_corner,3833,3044,4223,3431
Ta01637,20170703,Ta01637_20170703,Ta01637_20170703.jpg,quadrat_corner,627,3041,1011,3434
Ta00746,20170703,Ta00746_20170703,Ta00746_20170703.jpg,clover,1571,944,3177,2181
Ta00746,20170703,Ta00746_20170703,Ta00746_20170703.jpg,quadrat,903,0,4399,3391
Ta00746,20170703,Ta00746_20170703,Ta00746_20170703.jpg,quadrat_corner,918,74,1258,390
Ta00746,20170703,Ta00746_20170703,Ta00746_20170703.jpg,quadrat_corner,3823,6,4179,319
Ta00746,20170703,Ta00746_20170703,Ta00746_20170703.jpg,quadrat_corner,4031,2927,4393,3320
Ta00746,20170703,Ta00746_20170703,Ta00746_20170703.jpg,quadrat_corner,890,3014,1255,3394
Ta02034,20170608,Ta02034_20170608,Ta02034_20170608.jpg,clover,1735,1451,3304,2110
Ta02034,20170608,Ta02034_20170608,Ta02034_20170608.jpg,quadrat,1361,415,4250,3311
Ta02034,20170608,Ta02034_20170608,Ta02034_20170608.jpg,quadrat_corner,1379,415,1682,705
Ta02034,20170608,Ta02034_20170608,Ta02034_20170608.jpg,quadrat_corner,3963,449,4250,749
Ta02034,20170608,Ta02034_20170608,Ta02034_20170608.jpg,quadrat_corner,3898,3010,4201,3320
Ta02034,20170608,Ta02034_20170608,Ta02034_20170608.jpg,quadrat_corner,1357,2989,1664,3301
Ta02329,20170703,Ta02329_20170703,Ta02329_20170703.jpg,clover,720,597,2620,2837
Ta02329,20170703,Ta02329_20170703,Ta02329_20170703.jpg,quadrat,123,56,3647,3456
Ta02329,20170703,Ta02329_20170703,Ta02329_20170703.jpg,quadrat_corner,120,105,497,464
Ta02329,20170703,Ta02329_20170703,Ta02329_20170703.jpg,quadrat_corner,3198,46,3554,402
Ta02329,20170703,Ta02329_20170703,Ta02329_20170703.jpg,quadrat_corner,3291,3051,3647,3413
Ta02329,20170703,Ta02329_20170703,Ta02329_20170703.jpg,quadrat_corner,234,3215,618,3456
Ta02248,20170608,Ta02248_20170608,Ta02248_20170608.jpg,clover,2394,1757,2966,2345
Ta02248,20170608,Ta02248_20170608,Ta02248_20170608.jpg,quadrat,1231,486,4192,3450
Ta02248,20170608,Ta02248_20170608,Ta02248_20170608.jpg,quadrat_corner,1221,557,1537,866
Ta02248,20170608,Ta02248_20170608,Ta02248_20170608.jpg,quadrat_corner,3814,492,4127,792
Ta02248,20170608,Ta02248_20170608,Ta02248_20170608.jpg,quadrat_corner,3885,3060,4182,3369
Ta02248,20170608,Ta02248_20170608,Ta02248_20170608.jpg,quadrat_corner,1314,3150,1642,3456
Ta02210,20170608,Ta02210_20170608,Ta02210_20170608.jpg,clover,1733,1477,2765,2267
Ta02210,20170608,Ta02210_20170608,Ta02210_20170608.jpg,quadrat,820,56,3727,2987
Ta02210,20170608,Ta02210_20170608,Ta02210_20170608.jpg,quadrat_corner,834,56,1161,370
Ta02210,20170608,Ta02210_20170608,Ta02210_20170608.jpg,quadrat_corner,3423,125,3741,425
Ta02210,20170608,Ta02210_20170608,Ta02210_20170608.jpg,quadrat_corner,3403,2681,3706,2970
Ta02210,20170608,Ta02210_20170608,Ta02210_20170608.jpg,quadrat_corner,810,2670,1134,2981
Ta02229,20170608,Ta02229_20170608,Ta02229_20170608.jpg,clover,2615,1225,3157,2422
Ta02229,20170608,Ta02229_20170608,Ta02229_20170608.jpg,quadrat,1245,126,4153,2998
Ta02229,20170608,Ta02229_20170608,Ta02229_20170608.jpg,quadrat_corner,1261,140,1574,439
Ta02229,20170608,Ta02229_20170608,Ta02229_20170608.jpg,quadrat_corner,3827,135,4136,444
Ta02229,20170608,Ta02229_20170608,Ta02229_20170608.jpg,quadrat_corner,3813,2696,4113,2990
Ta02229,20170608,Ta02229_20170608,Ta02229_20170608.jpg,quadrat_corner,1307,2702,1603,2994
Ta01240,20170703,Ta01240_20170703,Ta01240_20170703.jpg,clover,1735,1015,2658,1632
Ta01240,20170703,Ta01240_20170703,Ta01240_20170703.jpg,quadrat,480,34,4042,3416
Ta01240,20170703,Ta01240_20170703,Ta01240_20170703.jpg,quadrat_corner,580,109,932,430
Ta01240,20170703,Ta01240_20170703,Ta01240_20170703.jpg,quadrat_corner,3466,47,3832,358
Ta01240,20170703,Ta01240_20170703,Ta01240_20170703.jpg,quadrat_corner,3663,2947,4032,3340
Ta01240,20170703,Ta01240_20170703,Ta01240_20170703.jpg,quadrat_corner,483,3020,856,3413
Ta02171,20170703,Ta02171_20170703,Ta02171_20170703.jpg,clover,1849,743,4288,2670
Ta02171,20170703,Ta02171_20170703,Ta02171_20170703.jpg,quadrat,1355,25,5104,3456
Ta02171,20170703,Ta02171_20170703,Ta02171_20170703.jpg,quadrat_corner,1538,80,1907,411
Ta02171,20170703,Ta02171_20170703,Ta02171_20170703.jpg,quadrat_corner,4580,38,4962,366
Ta02171,20170703,Ta02171_20170703,Ta02171_20170703.jpg,quadrat_corner,1342,3062,1735,3456
Ta02171,20170703,Ta02171_20170703,Ta02171_20170703.jpg,quadrat_corner,4718,3138,5118,3456
Ta00135,20170703,Ta00135_20170703,Ta00135_20170703.jpg,clover,2542,303,4612,3044
Ta00135,20170703,Ta00135_20170703,Ta00135_20170703.jpg,quadrat,1382,0,5058,3456
Ta00135,20170703,Ta00135_20170703,Ta00135_20170703.jpg,quadrat_corner,1549,0,1902,316
Ta00135,20170703,Ta00135_20170703,Ta00135_20170703.jpg,quadrat_corner,1379,3020,1760,3416
Ta00135,20170703,Ta00135_20170703,Ta00135_20170703.jpg,quadrat_corner,4668,3085,5064,3456
Ta00135,20170703,Ta00135_20170703,Ta00135_20170703.jpg,quadrat_corner,4569,0,4947,322
Ta02274,20170703,Ta02274_20170703,Ta02274_20170703.jpg,clover,2471,603,3542,1631
Ta02274,20170703,Ta02274_20170703,Ta02274_20170703.jpg,quadrat,835,0,4445,3301
Ta02274,20170703,Ta02274_20170703,Ta02274_20170703.jpg,quadrat_corner,934,0,1293,266
Ta02274,20170703,Ta02274_20170703,Ta02274_20170703.jpg,quadrat_corner,828,2911,1212,3304
Ta02274,20170703,Ta02274_20170703,Ta02274_20170703.jpg,quadrat_corner,4040,2877,4408,3280
Ta02274,20170703,Ta02274_20170703,Ta02274_20170703.jpg,quadrat_corner,3888,0,4263,220
Ta01178,20170703,Ta01178_20170703,Ta01178_20170703.jpg,clover,1500,622,2939,1894
Ta01178,20170703,Ta01178_20170703,Ta01178_20170703.jpg,quadrat,1172,31,4634,3456
Ta01178,20170703,Ta01178_20170703,Ta01178_20170703.jpg,quadrat_corner,1200,43,1565,412
Ta01178,20170703,Ta01178_20170703,Ta01178_20170703.jpg,quadrat_corner,4269,59,4631,424
Ta01178,20170703,Ta01178_20170703,Ta01178_20170703.jpg,quadrat_corner,4216,3125,4581,3456
Ta01178,20170703,Ta01178_20170703,Ta01178_20170703.jpg,quadrat_corner,1187,3106,1556,3456
Ta00209,20170703,Ta00209_20170703,Ta00209_20170703.jpg,quadrat,1401,43,4829,3456
Ta00209,20170703,Ta00209_20170703,Ta00209_20170703.jpg,quadrat_corner,1398,114,1763,489
Ta00209,20170703,Ta00209_20170703,Ta00209_20170703.jpg,quadrat_corner,4393,37,4764,396
Ta00209,20170703,Ta00209_20170703,Ta00209_20170703.jpg,quadrat_corner,1460,3116,1849,3456
Ta00209,20170703,Ta00209_20170703,Ta00209_20170703.jpg,quadrat_corner,4464,3041,4826,3403
Ta02216,20170608,Ta02216_20170608,Ta02216_20170608.jpg,clover,1893,1148,3004,1996
Ta02216,20170608,Ta02216_20170608,Ta02216_20170608.jpg,quadrat,838,0,3693,2837
Ta02216,20170608,Ta02216_20170608,Ta02216_20170608.jpg,quadrat_corner,841,0,1138,294
Ta02216,20170608,Ta02216_20170608,Ta02216_20170608.jpg,quadrat_corner,3396,0,3687,285
Ta02216,20170608,Ta02216_20170608,Ta02216_20170608.jpg,quadrat_corner,3378,2509,3687,2812
Ta02216,20170608,Ta02216_20170608,Ta02216_20170608.jpg,quadrat_corner,884,2534,1194,2843
Ta02180,20170608,Ta02180_20170608,Ta02180_20170608.jpg,clover,1729,1009,2846,2042
Ta02180,20170608,Ta02180_20170608,Ta02180_20170608.jpg,quadrat,859,0,3876,2970
Ta02180,20170608,Ta02180_20170608,Ta02180_20170608.jpg,quadrat_corner,853,102,1172,396
Ta02180,20170608,Ta02180_20170608,Ta02180_20170608.jpg,quadrat_corner,3421,0,3737,248
Ta02180,20170608,Ta02180_20170608,Ta02180_20170608.jpg,quadrat_corner,3567,2497,3873,2803
Ta02180,20170608,Ta02180_20170608,Ta02180_20170608.jpg,quadrat_corner,1036,2667,1364,2961
Ta00704,20170703,Ta00704_20170703,Ta00704_20170703.jpg,clover,1175,492,3882,3252
Ta00704,20170703,Ta00704_20170703,Ta00704_20170703.jpg,quadrat,813,0,4288,3431
Ta00704,20170703,Ta00704_20170703,Ta00704_20170703.jpg,quadrat_corner,838,0,1209,359
Ta00704,20170703,Ta00704_20170703,Ta00704_20170703.jpg,quadrat_corner,3916,0,4284,387
Ta00704,20170703,Ta00704_20170703,Ta00704_20170703.jpg,quadrat_corner,3879,3057,4238,3416
Ta00704,20170703,Ta00704_20170703,Ta00704_20170703.jpg,quadrat_corner,850,3082,1228,3428
Ta02270,20170608,Ta02270_20170608,Ta02270_20170608.jpg,clover,2268,1460,2933,2075
Ta02270,20170608,Ta02270_20170608,Ta02270_20170608.jpg,quadrat,1032,219,4063,3257
Ta02270,20170608,Ta02270_20170608,Ta02270_20170608.jpg,quadrat_corner,1025,305,1346,629
Ta02270,20170608,Ta02270_20170608,Ta02270_20170608.jpg,quadrat_corner,3673,233,4015,536
Ta02270,20170608,Ta02270_20170608,Ta02270_20170608.jpg,quadrat_corner,3749,2819,4060,3136
Ta02270,20170608,Ta02270_20170608,Ta02270_20170608.jpg,quadrat_corner,1163,2953,1501,3278
Ta01971,20170703,Ta01971_20170703,Ta01971_20170703.jpg,clover,1847,0,3314,1403
Ta01971,20170703,Ta01971_20170703,Ta01971_20170703.jpg,quadrat,889,1,4677,3456
Ta01971,20170703,Ta01971_20170703,Ta01971_20170703.jpg,quadrat_corner,953,0,1369,201
Ta01971,20170703,Ta01971_20170703,Ta01971_20170703.jpg,quadrat_corner,4137,0,4545,221
Ta01971,20170703,Ta01971_20170703,Ta01971_20170703.jpg,quadrat_corner,4269,3045,4669,3456
Ta01971,20170703,Ta01971_20170703,Ta01971_20170703.jpg,quadrat_corner,893,3061,1309,3456
Ta00785,20170703,Ta00785_20170703,Ta00785_20170703.jpg,clover,1169,46,3341,3456
Ta00785,20170703,Ta00785_20170703,Ta00785_20170703.jpg,quadrat,680,56,4173,3416
Ta00785,20170703,Ta00785_20170703,Ta00785_20170703.jpg,quadrat_corner,884,50,1249,374
Ta00785,20170703,Ta00785_20170703,Ta00785_20170703.jpg,quadrat_corner,3786,99,4130,449
Ta00785,20170703,Ta00785_20170703,Ta00785_20170703.jpg,quadrat_corner,3796,3044,4170,3410
Ta00785,20170703,Ta00785_20170703,Ta00785_20170703.jpg,quadrat_corner,692,2949,1073,3335
Ta02006,20170608,Ta02006_20170608,Ta02006_20170608.jpg,clover,1376,0,4480,3441
Ta02006,20170608,Ta02006_20170608,Ta02006_20170608.jpg,quadrat,1299,220,4291,3199
Ta02006,20170608,Ta02006_20170608,Ta02006_20170608.jpg,quadrat_corner,1289,325,1617,637
Ta02006,20170608,Ta02006_20170608,Ta02006_20170608.jpg,quadrat_corner,3851,201,4204,507
Ta02006,20170608,Ta02006_20170608,Ta02006_20170608.jpg,quadrat_corner,3972,2775,4284,3094
Ta02006,20170608,Ta02006_20170608,Ta02006_20170608.jpg,quadrat_corner,1432,2896,1763,3208
Ta00802,20170703,Ta00802_20170703,Ta00802_20170703.jpg,clover,1565,517,3709,2324
Ta00802,20170703,Ta00802_20170703,Ta00802_20170703.jpg,quadrat,544,56,4278,3456
Ta00802,20170703,Ta00802_20170703,Ta00802_20170703.jpg,quadrat_corner,745,62,1125,387
Ta00802,20170703,Ta00802_20170703,Ta00802_20170703.jpg,quadrat_corner,3762,71,4154,405
Ta00802,20170703,Ta00802_20170703,Ta00802_20170703.jpg,quadrat_corner,3873,3122,4269,3456
Ta00802,20170703,Ta00802_20170703,Ta00802_20170703.jpg,quadrat_corner,534,3094,971,3456
Ta02157,20170608,Ta02157_20170608,Ta02157_20170608.jpg,clover,1139,671,3624,2845
Ta02157,20170608,Ta02157_20170608,Ta02157_20170608.jpg,quadrat,945,0,4035,3072
Ta02157,20170608,Ta02157_20170608,Ta02157_20170608.jpg,quadrat_corner,1019,0,1366,324
Ta02157,20170608,Ta02157_20170608,Ta02157_20170608.jpg,quadrat_corner,3707,130,4045,458
Ta02157,20170608,Ta02157_20170608,Ta02157_20170608.jpg,quadrat_corner,936,2646,1260,2993
Ta02157,20170608,Ta02157_20170608,Ta02157_20170608.jpg,quadrat_corner,3554,2776,3883,3072
Ta00490,20170703,Ta00490_20170703,Ta00490_20170703.jpg,clover,2425,1958,2642,2126
Ta00490,20170703,Ta00490_20170703,Ta00490_20170703.jpg,quadrat,940,143,4449,3456
Ta00490,20170703,Ta00490_20170703,Ta00490_20170703.jpg,quadrat_corner,967,223,1335,596
Ta00490,20170703,Ta00490_20170703,Ta00490_20170703.jpg,quadrat_corner,3991,137,4380,505
Ta00490,20170703,Ta00490_20170703,Ta00490_20170703.jpg,quadrat_corner,1047,3273,1431,3456
Ta00490,20170703,Ta00490_20170703,Ta00490_20170703.jpg,quadrat_corner,4076,3161,4444,3456
Ta02057,20170608,Ta02057_20170608,Ta02057_20170608.jpg,clover,2070,1272,3154,2275
Ta02057,20170608,Ta02057_20170608,Ta02057_20170608.jpg,quadrat,1149,369,4135,3345
Ta02057,20170608,Ta02057_20170608,Ta02057_20170608.jpg,quadrat_corner,1149,407,1474,732
Ta02057,20170608,Ta02057_20170608,Ta02057_20170608.jpg,quadrat_corner,3751,369,4061,663
Ta02057,20170608,Ta02057_20170608,Ta02057_20170608.jpg,quadrat_corner,3826,2940,4119,3255
Ta02057,20170608,Ta02057_20170608,Ta02057_20170608.jpg,quadrat_corner,1207,3031,1559,3356
Ta01847,20170703,Ta01847_20170703,Ta01847_20170703.jpg,clover,1773,194,3365,2360
Ta01847,20170703,Ta01847_20170703,Ta01847_20170703.jpg,quadrat,283,0,3883,3400
Ta01847,20170703,Ta01847_20170703,Ta01847_20170703.jpg,quadrat_corner,376,0,746,310
Ta01847,20170703,Ta01847_20170703,Ta01847_20170703.jpg,quadrat_corner,269,2998,663,3410
Ta01847,20170703,Ta01847_20170703,Ta01847_20170703.jpg,quadrat_corner,3503,2956,3892,3373
Ta01847,20170703,Ta01847_20170703,Ta01847_20170703.jpg,quadrat_corner,3369,0,3753,291
Ta01700,20170703,Ta01700_20170703,Ta01700_20170703.jpg,clover,1463,532,3860,3206
Ta01700,20170703,Ta01700_20170703,Ta01700_20170703.jpg,quadrat,926,116,4355,3456
Ta01700,20170703,Ta01700_20170703,Ta01700_20170703.jpg,quadrat_corner,940,139,1297,500
Ta01700,20170703,Ta01700_20170703,Ta01700_20170703.jpg,quadrat_corner,3994,111,4369,481
Ta01700,20170703,Ta01700_20170703,Ta01700_20170703.jpg,quadrat_corner,954,3202,1343,3456
Ta01700,20170703,Ta01700_20170703,Ta01700_20170703.jpg,quadrat_corner,3998,3160,4364,3456
Ta01331,20170703,Ta01331_20170703,Ta01331_20170703.jpg,clover,1690,851,3527,2757
Ta01331,20170703,Ta01331_20170703,Ta01331_20170703.jpg,quadrat,616,74,4170,3456
Ta01331,20170703,Ta01331_20170703,Ta01331_20170703.jpg,quadrat_corner,640,143,1005,527
Ta01331,20170703,Ta01331_20170703,Ta01331_20170703.jpg,quadrat_corner,3753,93,4128,449
Ta01331,20170703,Ta01331_20170703,Ta01331_20170703.jpg,quadrat_corner,755,3266,1135,3456
Ta01331,20170703,Ta01331_20170703,Ta01331_20170703.jpg,quadrat_corner,3800,3132,4165,3456
Ta00230,20170703,Ta00230_20170703,Ta00230_20170703.jpg,clover,1778,560,2842,1800
Ta00230,20170703,Ta00230_20170703,Ta00230_20170703.jpg,quadrat,700,79,4234,3442
Ta00230,20170703,Ta00230_20170703,Ta00230_20170703.jpg,quadrat_corner,755,180,1112,486
Ta00230,20170703,Ta00230_20170703,Ta00230_20170703.jpg,quadrat_corner,3614,83,3989,389
Ta00230,20170703,Ta00230_20170703,Ta00230_20170703.jpg,quadrat_corner,681,3067,1075,3437
Ta00230,20170703,Ta00230_20170703,Ta00230_20170703.jpg,quadrat_corner,3850,2961,4225,3345
Ta01269,20170703,Ta01269_20170703,Ta01269_20170703.jpg,clover,2071,693,4158,2805
Ta01269,20170703,Ta01269_20170703,Ta01269_20170703.jpg,quadrat,1286,60,4763,3452
Ta01269,20170703,Ta01269_20170703,Ta01269_20170703.jpg,quadrat_corner,1270,193,1622,550
Ta01269,20170703,Ta01269_20170703,Ta01269_20170703.jpg,quadrat_corner,4246,49,4625,406
Ta01269,20170703,Ta01269_20170703,Ta01269_20170703.jpg,quadrat_corner,4406,3025,4758,3398
Ta01269,20170703,Ta01269_20170703,Ta01269_20170703.jpg,quadrat_corner,1387,3185,1782,3456
Ta01187,20170703,Ta01187_20170703,Ta01187_20170703.jpg,clover,1653,403,2902,1559
Ta01187,20170703,Ta01187_20170703,Ta01187_20170703.jpg,quadrat,575,0,4072,3350
Ta01187,20170703,Ta01187_20170703,Ta01187_20170703.jpg,quadrat_corner,612,19,973,347
Ta01187,20170703,Ta01187_20170703,Ta01187_20170703.jpg,quadrat_corner,3531,0,3901,259
Ta01187,20170703,Ta01187_20170703,Ta01187_20170703.jpg,quadrat_corner,542,2966,963,3340
Ta01187,20170703,Ta01187_20170703,Ta01187_20170703.jpg,quadrat_corner,3702,2864,4072,3257
Ta01650,20170703,Ta01650_20170703,Ta01650_20170703.jpg,clover,1551,583,3864,2665
Ta01650,20170703,Ta01650_20170703,Ta01650_20170703.jpg,quadrat,1047,0,4563,3456
Ta01650,20170703,Ta01650_20170703,Ta01650_20170703.jpg,quadrat_corner,1070,5,1435,361
Ta01650,20170703,Ta01650_20170703,Ta01650_20170703.jpg,quadrat_corner,4207,0,4572,342
Ta01650,20170703,Ta01650_20170703,Ta01650_20170703.jpg,quadrat_corner,1125,3118,1519,3456
Ta01650,20170703,Ta01650_20170703,Ta01650_20170703.jpg,quadrat_corner,4184,3049,4558,3419
Ta01582,20170703,Ta01582_20170703,Ta01582_20170703.jpg,clover,1542,333,3698,3141
Ta01582,20170703,Ta01582_20170703,Ta01582_20170703.jpg,quadrat,968,5,4605,3424
Ta01582,20170703,Ta01582_20170703,Ta01582_20170703.jpg,quadrat_corner,1107,56,1482,384
Ta01582,20170703,Ta01582_20170703,Ta01582_20170703.jpg,quadrat_corner,4077,5,4452,319
Ta01582,20170703,Ta01582_20170703,Ta01582_20170703.jpg,quadrat_corner,954,3007,1352,3410
Ta01582,20170703,Ta01582_20170703,Ta01582_20170703.jpg,quadrat_corner,4221,3035,4614,3419
Ta02170,20170608,Ta02170_20170608,Ta02170_20170608.jpg,clover,2597,1703,2930,1909
Ta02170,20170608,Ta02170_20170608,Ta02170_20170608.jpg,quadrat,1415,0,4447,2870
Ta02170,20170608,Ta02170_20170608,Ta02170_20170608.jpg,quadrat_corner,1431,0,1755,262
Ta02170,20170608,Ta02170_20170608,Ta02170_20170608.jpg,quadrat_corner,4123,0,4451,286
Ta02170,20170608,Ta02170_20170608,Ta02170_20170608.jpg,quadrat_corner,4027,2530,4335,2846
Ta02170,20170608,Ta02170_20170608,Ta02170_20170608.jpg,quadrat_corner,1491,2570,1819,2862
Ta01410,20170703,Ta01410_20170703,Ta01410_20170703.jpg,clover,1822,1222,2280,1507
Ta01410,20170703,Ta01410_20170703,Ta01410_20170703.jpg,quadrat,231,0,4013,3456
Ta01410,20170703,Ta01410_20170703,Ta01410_20170703.jpg,quadrat_corner,429,0,834,301
Ta01410,20170703,Ta01410_20170703,Ta01410_20170703.jpg,quadrat_corner,3533,0,3927,349
Ta01410,20170703,Ta01410_20170703,Ta01410_20170703.jpg,quadrat_corner,221,3058,647,3456
Ta01410,20170703,Ta01410_20170703,Ta01410_20170703.jpg,quadrat_corner,3618,3111,4007,3456
Ta01942,20170703,Ta01942_20170703,Ta01942_20170703.jpg,clover,1459,551,2611,1874
Ta01942,20170703,Ta01942_20170703,Ta01942_20170703.jpg,quadrat,473,0,4072,3419
Ta01942,20170703,Ta01942_20170703,Ta01942_20170703.jpg,quadrat_corner,575,0,936,287
Ta01942,20170703,Ta01942_20170703,Ta01942_20170703.jpg,quadrat_corner,3610,0,4003,301
Ta01942,20170703,Ta01942_20170703,Ta01942_20170703.jpg,quadrat_corner,455,3012,852,3414
Ta01942,20170703,Ta01942_20170703,Ta01942_20170703.jpg,quadrat_corner,3679,3030,4059,3424
Ta02245,20170703,Ta02245_20170703,Ta02245_20170703.jpg,clover,2042,318,2878,1324
Ta02245,20170703,Ta02245_20170703,Ta02245_20170703.jpg,quadrat,377,0,4174,3456
Ta02245,20170703,Ta02245_20170703,Ta02245_20170703.jpg,quadrat_corner,569,0,958,275
Ta02245,20170703,Ta02245_20170703,Ta02245_20170703.jpg,quadrat_corner,3705,0,4100,296
Ta02245,20170703,Ta02245_20170703,Ta02245_20170703.jpg,quadrat_corner,366,3080,788,3456
Ta02245,20170703,Ta02245_20170703,Ta02245_20170703.jpg,quadrat_corner,3742,3123,4169,3456
Ta01286,20170703,Ta01286_20170703,Ta01286_20170703.jpg,clover,2347,953,3286,2332
Ta01286,20170703,Ta01286_20170703,Ta01286_20170703.jpg,quadrat,1190,125,4702,3456
Ta01286,20170703,Ta01286_20170703,Ta01286_20170703.jpg,quadrat_corner,1218,236,1583,601
Ta01286,20170703,Ta01286_20170703,Ta01286_20170703.jpg,quadrat_corner,4248,134,4637,504
Ta01286,20170703,Ta01286_20170703,Ta01286_20170703.jpg,quadrat_corner,1301,3262,1699,3456
Ta01286,20170703,Ta01286_20170703,Ta01286_20170703.jpg,quadrat_corner,4322,3165,4716,3456
Ta01737,20170703,Ta01737_20170703,Ta01737_20170703.jpg,clover,1376,360,4009,2078
Ta01737,20170703,Ta01737_20170703,Ta01737_20170703.jpg,quadrat,894,0,4490,3355
Ta01737,20170703,Ta01737_20170703,Ta01737_20170703.jpg,quadrat_corner,1010,0,1383,296
Ta01737,20170703,Ta01737_20170703,Ta01737_20170703.jpg,quadrat_corner,903,2936,1277,3320
Ta01737,20170703,Ta01737_20170703,Ta01737_20170703.jpg,quadrat_corner,4066,2952,4466,3352
Ta01737,20170703,Ta01737_20170703,Ta01737_20170703.jpg,quadrat_corner,3975,0,4349,296
Ta01391,20170703,Ta01391_20170703,Ta01391_20170703.jpg,clover,1657,361,2666,2026
Ta01391,20170703,Ta01391_20170703,Ta01391_20170703.jpg,quadrat,431,0,3971,3354
Ta01391,20170703,Ta01391_20170703,Ta01391_20170703.jpg,quadrat_corner,579,0,954,278
Ta01391,20170703,Ta01391_20170703,Ta01391_20170703.jpg,quadrat_corner,3536,0,3901,324
Ta01391,20170703,Ta01391_20170703,Ta01391_20170703.jpg,quadrat_corner,436,2919,825,3303
Ta01391,20170703,Ta01391_20170703,Ta01391_20170703.jpg,quadrat_corner,3573,2984,3952,3350
Ta01105,20170703,Ta01105_20170703,Ta01105_20170703.jpg,clover,1675,823,3271,2744
Ta01105,20170703,Ta01105_20170703,Ta01105_20170703.jpg,quadrat,518,48,3926,3272
Ta01105,20170703,Ta01105_20170703,Ta01105_20170703.jpg,quadrat_corner,641,71,1009,370
Ta01105,20170703,Ta01105_20170703,Ta01105_20170703.jpg,quadrat_corner,3457,71,3814,370
Ta01105,20170703,Ta01105_20170703,Ta01105_20170703.jpg,quadrat_corner,3547,2871,3915,3303
Ta01105,20170703,Ta01105_20170703,Ta01105_20170703.jpg,quadrat_corner,529,2882,886,3266
Ta01562,20170703,Ta01562_20170703,Ta01562_20170703.jpg,clover,1477,736,3684,2568
Ta01562,20170703,Ta01562_20170703,Ta01562_20170703.jpg,quadrat,612,0,4151,3456
Ta01562,20170703,Ta01562_20170703,Ta01562_20170703.jpg,quadrat_corner,691,32,1061,361
Ta01562,20170703,Ta01562_20170703,Ta01562_20170703.jpg,quadrat_corner,3688,0,4077,305
Ta01562,20170703,Ta01562_20170703,Ta01562_20170703.jpg,quadrat_corner,3749,3044,4151,3442
Ta01562,20170703,Ta01562_20170703,Ta01562_20170703.jpg,quadrat_corner,603,3053,973,3433
Ta01259,20170703,Ta01259_20170703,Ta01259_20170703.jpg,clover,590,543,3655,3274
Ta01259,20170703,Ta01259_20170703,Ta01259_20170703.jpg,quadrat,293,0,3973,3447
Ta01259,20170703,Ta01259_20170703,Ta01259_20170703.jpg,quadrat_corner,390,67,763,412
Ta01259,20170703,Ta01259_20170703,Ta01259_20170703.jpg,quadrat_corner,3383,15,3759,349
Ta01259,20170703,Ta01259_20170703,Ta01259_20170703.jpg,quadrat_corner,3573,3015,3960,3421
Ta01259,20170703,Ta01259_20170703,Ta01259_20170703.jpg,quadrat_corner,291,3094,698,3456
Ta01749,20170703,Ta01749_20170703,Ta01749_20170703.jpg,clover,1455,659,3472,2752
Ta01749,20170703,Ta01749_20170703,Ta01749_20170703.jpg,quadrat,865,141,4297,3456
Ta01749,20170703,Ta01749_20170703,Ta01749_20170703.jpg,quadrat_corner,869,145,1235,521
Ta01749,20170703,Ta01749_20170703,Ta01749_20170703.jpg,quadrat_corner,3897,152,4269,521
Ta01749,20170703,Ta01749_20170703,Ta01749_20170703.jpg,quadrat_corner,3901,3154,4274,3456
Ta01749,20170703,Ta01749_20170703,Ta01749_20170703.jpg,quadrat_corner,898,3194,1277,3456
Ta01624,20170703,Ta01624_20170703,Ta01624_20170703.jpg,clover,2223,288,4336,2391
Ta01624,20170703,Ta01624_20170703,Ta01624_20170703.jpg,quadrat,305,0,4095,3336
Ta01624,20170703,Ta01624_20170703,Ta01624_20170703.jpg,quadrat_corner,516,0,895,219
Ta01624,20170703,Ta01624_20170703,Ta01624_20170703.jpg,quadrat_corner,3533,0,3919,281
Ta01624,20170703,Ta01624_20170703,Ta01624_20170703.jpg,quadrat_corner,3695,2922,4102,3336
Ta01624,20170703,Ta01624_20170703,Ta01624_20170703.jpg,quadrat_corner,292,2901,709,3329
Ta02234,20170703,Ta02234_20170703,Ta02234_20170703.jpg,clover,1957,1272,2665,1942
Ta02234,20170703,Ta02234_20170703,Ta02234_20170703.jpg,quadrat,723,0,4265,3206
Ta02234,20170703,Ta02234_20170703,Ta02234_20170703.jpg,quadrat_corner,835,0,1217,236
Ta02234,20170703,Ta02234_20170703,Ta02234_20170703.jpg,quadrat_corner,3762,0,4129,197
Ta02234,20170703,Ta02234_20170703,Ta02234_20170703.jpg,quadrat_corner,3880,2802,4273,3206
Ta02234,20170703,Ta02234_20170703,Ta02234_20170703.jpg,quadrat_corner,725,2816,1100,3206
Ta01451,20170703,Ta01451_20170703,Ta01451_20170703.jpg,clover,1432,408,3761,3319
Ta01451,20170703,Ta01451_20170703,Ta01451_20170703.jpg,quadrat,933,0,4462,3447
Ta01451,20170703,Ta01451_20170703,Ta01451_20170703.jpg,quadrat_corner,923,0,1325,378
Ta01451,20170703,Ta01451_20170703,Ta01451_20170703.jpg,quadrat_corner,4066,0,4462,304
Ta01451,20170703,Ta01451_20170703,Ta01451_20170703.jpg,quadrat_corner,4075,2996,4459,3377
Ta01451,20170703,Ta01451_20170703,Ta01451_20170703.jpg,quadrat_corner,1051,3097,1441,3456
Ta00795,20170703,Ta00795_20170703,Ta00795_20170703.jpg,clover,1679,487,3317,1909
Ta00795,20170703,Ta00795_20170703,Ta00795_20170703.jpg,quadrat,948,3,4489,3307
Ta00795,20170703,Ta00795_20170703,Ta00795_20170703.jpg,quadrat_corner,1024,0,1414,238
Ta00795,20170703,Ta00795_20170703,Ta00795_20170703.jpg,quadrat_corner,4035,0,4431,204
Ta00795,20170703,Ta00795_20170703,Ta00795_20170703.jpg,quadrat_corner,4108,2923,4504,3322
Ta00795,20170703,Ta00795_20170703,Ta00795_20170703.jpg,quadrat_corner,960,2914,1337,3313
Ta01956,20170608,Ta01956_20170608,Ta01956_20170608.jpg,clover,2329,1691,3316,2580
Ta01956,20170608,Ta01956_20170608,Ta01956_20170608.jpg,quadrat,1344,476,4306,3428
Ta01956,20170608,Ta01956_20170608,Ta01956_20170608.jpg,quadrat_corner,1316,497,1647,814
Ta01956,20170608,Ta01956_20170608,Ta01956_20170608.jpg,quadrat_corner,3951,469,4282,797
Ta01956,20170608,Ta01956_20170608,Ta01956_20170608.jpg,quadrat_corner,3944,3100,4258,3417
Ta01956,20170608,Ta01956_20170608,Ta01956_20170608.jpg,quadrat_corner,1368,3100,1695,3431
Ta01191,20170703,Ta01191_20170703,Ta01191_20170703.jpg,clover,1350,615,3259,2439
Ta01191,20170703,Ta01191_20170703,Ta01191_20170703.jpg,quadrat,866,0,4404,3334
Ta01191,20170703,Ta01191_20170703,Ta01191_20170703.jpg,quadrat_corner,872,0,1270,231
Ta01191,20170703,Ta01191_20170703,Ta01191_20170703.jpg,quadrat_corner,4014,0,4410,244
Ta01191,20170703,Ta01191_20170703,Ta01191_20170703.jpg,quadrat_corner,3971,2926,4343,3313
Ta01191,20170703,Ta01191_20170703,Ta01191_20170703.jpg,quadrat_corner,920,2963,1313,3340
Ta02201,20170703,Ta02201_20170703,Ta02201_20170703.jpg,clover,2170,1148,3213,2305
Ta02201,20170703,Ta02201_20170703,Ta02201_20170703.jpg,quadrat,1339,166,4801,3456
Ta02201,20170703,Ta02201_20170703,Ta02201_20170703.jpg,quadrat_corner,1348,187,1709,563
Ta02201,20170703,Ta02201_20170703,Ta02201_20170703.jpg,quadrat_corner,4430,157,4828,551
Ta02201,20170703,Ta02201_20170703,Ta02201_20170703.jpg,quadrat_corner,4397,3242,4786,3456
Ta02201,20170703,Ta02201_20170703,Ta02201_20170703.jpg,quadrat_corner,1366,3260,1739,3456
Ta02325,20170703,Ta02325_20170703,Ta02325_20170703.jpg,clover,1375,738,4361,3131
Ta02325,20170703,Ta02325_20170703,Ta02325_20170703.jpg,quadrat,1122,130,4563,3456
Ta02325,20170703,Ta02325_20170703,Ta02325_20170703.jpg,quadrat_corner,1140,169,1495,542
Ta02325,20170703,Ta02325_20170703,Ta02325_20170703.jpg,quadrat_corner,4156,136,4520,497
Ta02325,20170703,Ta02325_20170703,Ta02325_20170703.jpg,quadrat_corner,4195,3158,4556,3456
Ta02325,20170703,Ta02325_20170703,Ta02325_20170703.jpg,quadrat_corner,1173,3212,1549,3456
Ta02010,20170703,Ta02010_20170703,Ta02010_20170703.jpg,quadrat,552,0,4360,3456
Ta02010,20170703,Ta02010_20170703,Ta02010_20170703.jpg,quadrat_corner,658,19,1037,356
Ta02010,20170703,Ta02010_20170703,Ta02010_20170703.jpg,quadrat_corner,3688,0,4068,315
Ta02010,20170703,Ta02010_20170703,Ta02010_20170703.jpg,quadrat_corner,3957,2947,4341,3387
Ta02010,20170703,Ta02010_20170703,Ta02010_20170703.jpg,quadrat_corner,570,3049,991,3456
Ta02299,20170608,Ta02299_20170608,Ta02299_20170608.jpg,clover,1979,1074,3555,2798
Ta02299,20170608,Ta02299_20170608,Ta02299_20170608.jpg,quadrat,1493,584,4445,3456
Ta02299,20170608,Ta02299_20170608,Ta02299_20170608.jpg,quadrat_corner,1557,584,1877,884
Ta02299,20170608,Ta02299_20170608,Ta02299_20170608.jpg,quadrat_corner,4129,656,4441,960
Ta02299,20170608,Ta02299_20170608,Ta02299_20170608.jpg,quadrat_corner,4109,3232,4413,3456
Ta02299,20170608,Ta02299_20170608,Ta02299_20170608.jpg,quadrat_corner,1497,3180,1817,3456
Ta00533,20170703,Ta00533_20170703,Ta00533_20170703.jpg,clover,2120,705,3103,1293
Ta00533,20170703,Ta00533_20170703,Ta00533_20170703.jpg,quadrat,381,0,3997,3398
Ta00533,20170703,Ta00533_20170703,Ta00533_20170703.jpg,quadrat_corner,493,0,861,257
Ta00533,20170703,Ta00533_20170703,Ta00533_20170703.jpg,quadrat_corner,3512,0,3896,289
Ta00533,20170703,Ta00533_20170703,Ta00533_20170703.jpg,quadrat_corner,3608,2993,3997,3398
Ta00533,20170703,Ta00533_20170703,Ta00533_20170703.jpg,quadrat_corner,370,2998,765,3393
Ta01785,20170703,Ta01785_20170703,Ta01785_20170703.jpg,clover,2140,486,3344,2141
Ta01785,20170703,Ta01785_20170703,Ta01785_20170703.jpg,quadrat,924,22,4411,3348
Ta01785,20170703,Ta01785_20170703,Ta01785_20170703.jpg,quadrat_corner,999,121,1345,449
Ta01785,20170703,Ta01785_20170703,Ta01785_20170703.jpg,quadrat_corner,3842,19,4213,337
Ta01785,20170703,Ta01785_20170703,Ta01785_20170703.jpg,quadrat_corner,4031,2905,4402,3304
Ta01785,20170703,Ta01785_20170703,Ta01785_20170703.jpg,quadrat_corner,924,2980,1296,3366
Ta00846,20170703,Ta00846_20170703,Ta00846_20170703.jpg,clover,1702,616,3353,1768
Ta00846,20170703,Ta00846_20170703,Ta00846_20170703.jpg,quadrat,549,0,4346,3444
Ta00846,20170703,Ta00846_20170703,Ta00846_20170703.jpg,quadrat_corner,688,0,1077,292
Ta00846,20170703,Ta00846_20170703,Ta00846_20170703.jpg,quadrat_corner,3760,0,4149,270
Ta00846,20170703,Ta00846_20170703,Ta00846_20170703.jpg,quadrat_corner,3920,2980,4330,3406
Ta00846,20170703,Ta00846_20170703,Ta00846_20170703.jpg,quadrat_corner,560,3022,954,3454
Ta01128,20170703,Ta01128_20170703,Ta01128_20170703.jpg,clover,2811,416,3805,1758
Ta01128,20170703,Ta01128_20170703,Ta01128_20170703.jpg,quadrat,1323,7,4635,3203
Ta01128,20170703,Ta01128_20170703,Ta01128_20170703.jpg,quadrat_corner,1443,23,1791,351
Ta01128,20170703,Ta01128_20170703,Ta01128_20170703.jpg,quadrat_corner,4203,19,4567,347
Ta01128,20170703,Ta01128_20170703,Ta01128_20170703.jpg,quadrat_corner,4287,2831,4639,3207
Ta01128,20170703,Ta01128_20170703,Ta01128_20170703.jpg,quadrat_corner,1319,2775,1663,3159
Ta01197,20170703,Ta01197_20170703,Ta01197_20170703.jpg,clover,1102,120,4072,2068
Ta01197,20170703,Ta01197_20170703,Ta01197_20170703.jpg,quadrat,649,5,4406,3414
Ta01197,20170703,Ta01197_20170703,Ta01197_20170703.jpg,quadrat_corner,857,0,1236,268
Ta01197,20170703,Ta01197_20170703,Ta01197_20170703.jpg,quadrat_corner,3878,0,4304,287
Ta01197,20170703,Ta01197_20170703,Ta01197_20170703.jpg,quadrat_corner,4008,2984,4424,3419
Ta01197,20170703,Ta01197_20170703,Ta01197_20170703.jpg,quadrat_corner,649,2938,1047,3373
Ta00172,20170703,Ta00172_20170703,Ta00172_20170703.jpg,clover,1172,564,3823,2942
Ta00172,20170703,Ta00172_20170703,Ta00172_20170703.jpg,quadrat,593,0,4184,3456
Ta00172,20170703,Ta00172_20170703,Ta00172_20170703.jpg,quadrat_corner,603,42,996,403
Ta00172,20170703,Ta00172_20170703,Ta00172_20170703.jpg,quadrat_corner,3693,0,4077,319
Ta00172,20170703,Ta00172_20170703,Ta00172_20170703.jpg,quadrat_corner,3818,2952,4174,3336
Ta00172,20170703,Ta00172_20170703,Ta00172_20170703.jpg,quadrat_corner,765,3137,1181,3456
Ta01505,20170703,Ta01505_20170703,Ta01505_20170703.jpg,clover,1773,930,3786,2961
Ta01505,20170703,Ta01505_20170703,Ta01505_20170703.jpg,quadrat,1186,148,4628,3456
Ta01505,20170703,Ta01505_20170703,Ta01505_20170703.jpg,quadrat_corner,1181,185,1560,551
Ta01505,20170703,Ta01505_20170703,Ta01505_20170703.jpg,quadrat_corner,4230,153,4614,518
Ta01505,20170703,Ta01505_20170703,Ta01505_20170703.jpg,quadrat_corner,4248,3188,4614,3456
Ta01505,20170703,Ta01505_20170703,Ta01505_20170703.jpg,quadrat_corner,1223,3211,1602,3456
Ta00170,20170703,Ta00170_20170703,Ta00170_20170703.jpg,clover,1844,388,4163,2579
Ta00170,20170703,Ta00170_20170703,Ta00170_20170703.jpg,quadrat,943,80,4410,3338
Ta00170,20170703,Ta00170_20170703,Ta00170_20170703.jpg,quadrat_corner,1082,154,1434,474
Ta00170,20170703,Ta00170_20170703,Ta00170_20170703.jpg,quadrat_corner,3887,69,4266,410
Ta00170,20170703,Ta00170_20170703,Ta00170_20170703.jpg,quadrat_corner,4042,2928,4426,3322
Ta00170,20170703,Ta00170_20170703,Ta00170_20170703.jpg,quadrat_corner,959,2960,1322,3360
Ta02353,20170608,Ta02353_20170608,Ta02353_20170608.jpg,clover,2423,1346,3525,2273
Ta02353,20170608,Ta02353_20170608,Ta02353_20170608.jpg,quadrat,1261,50,4297,2982
Ta02353,20170608,Ta02353_20170608,Ta02353_20170608.jpg,quadrat_corner,1273,50,1593,378
Ta02353,20170608,Ta02353_20170608,Ta02353_20170608.jpg,quadrat_corner,3981,54,4297,374
Ta02353,20170608,Ta02353_20170608,Ta02353_20170608.jpg,quadrat_corner,3901,2658,4201,2962
Ta02353,20170608,Ta02353_20170608,Ta02353_20170608.jpg,quadrat_corner,1345,2670,1669,2978
Ta02061,20170608,Ta02061_20170608,Ta02061_20170608.jpg,clover,2227,1203,3536,2549
Ta02061,20170608,Ta02061_20170608,Ta02061_20170608.jpg,quadrat,1440,403,4406,3350
Ta02061,20170608,Ta02061_20170608,Ta02061_20170608.jpg,quadrat_corner,1435,403,1764,731
Ta02061,20170608,Ta02061_20170608,Ta02061_20170608.jpg,quadrat_corner,4077,449,4415,782
Ta02061,20170608,Ta02061_20170608,Ta02061_20170608.jpg,quadrat_corner,3980,3026,4299,3359
Ta02061,20170608,Ta02061_20170608,Ta02061_20170608.jpg,quadrat_corner,1435,2975,1759,3303
Ta00115,20170703,Ta00115_20170703,Ta00115_20170703.jpg,clover,1894,795,3523,2113
Ta00115,20170703,Ta00115_20170703,Ta00115_20170703.jpg,quadrat,1089,0,4587,3434
Ta00115,20170703,Ta00115_20170703,Ta00115_20170703.jpg,quadrat_corner,1110,26,1489,389
Ta00115,20170703,Ta00115_20170703,Ta00115_20170703.jpg,quadrat_corner,4150,0,4518,304
Ta00115,20170703,Ta00115_20170703,Ta00115_20170703.jpg,quadrat_corner,4203,2949,4571,3333
Ta00115,20170703,Ta00115_20170703,Ta00115_20170703.jpg,quadrat_corner,1195,3066,1579,3434
Ta02009,20170703,Ta02009_20170703,Ta02009_20170703.jpg,clover,0,0,5086,3456
Ta02009,20170703,Ta02009_20170703,Ta02009_20170703.jpg,quadrat,627,99,4139,3388
Ta02009,20170703,Ta02009_20170703,Ta02009_20170703.jpg,quadrat_corner,763,96,1122,473
Ta02009,20170703,Ta02009_20170703,Ta02009_20170703.jpg,quadrat_corner,3635,121,4015,427
Ta02009,20170703,Ta02009_20170703,Ta02009_20170703.jpg,quadrat_corner,3724,3032,4154,3391
Ta02009,20170703,Ta02009_20170703,Ta02009_20170703.jpg,quadrat_corner,618,2989,995,3382
Ta01919,20170703,Ta01919_20170703,Ta01919_20170703.jpg,clover,1352,74,3471,1744
Ta01919,20170703,Ta01919_20170703,Ta01919_20170703.jpg,quadrat,237,0,3850,3331
Ta01919,20170703,Ta01919_20170703,Ta01919_20170703.jpg,quadrat_corner,371,0,765,264
Ta01919,20170703,Ta01919_20170703,Ta01919_20170703.jpg,quadrat_corner,3369,0,3767,236
Ta01919,20170703,Ta01919_20170703,Ta01919_20170703.jpg,quadrat_corner,3466,2915,3864,3326
Ta01919,20170703,Ta01919_20170703,Ta01919_20170703.jpg,quadrat_corner,251,2919,640,3331
Ta01347,20170703,Ta01347_20170703,Ta01347_20170703.jpg,clover,1271,685,4075,3061
Ta01347,20170703,Ta01347_20170703,Ta01347_20170703.jpg,quadrat,770,79,4359,3456
Ta01347,20170703,Ta01347_20170703,Ta01347_20170703.jpg,quadrat_corner,861,106,1234,474
Ta01347,20170703,Ta01347_20170703,Ta01347_20170703.jpg,quadrat_corner,3815,84,4178,420
Ta01347,20170703,Ta01347_20170703,Ta01347_20170703.jpg,quadrat_corner,3970,3050,4370,3456
Ta01347,20170703,Ta01347_20170703,Ta01347_20170703.jpg,quadrat_corner,765,3098,1165,3456
Ta02342,20170703,Ta02342_20170703,Ta02342_20170703.jpg,clover,1654,826,3339,2535
Ta02342,20170703,Ta02342_20170703,Ta02342_20170703.jpg,quadrat,130,0,3794,3394
Ta02342,20170703,Ta02342_20170703,Ta02342_20170703.jpg,quadrat_corner,247,0,621,295
Ta02342,20170703,Ta02342_20170703,Ta02342_20170703.jpg,quadrat_corner,3277,0,3661,253
Ta02342,20170703,Ta02342_20170703,Ta02342_20170703.jpg,quadrat_corner,3405,2962,3783,3373
Ta02342,20170703,Ta02342_20170703,Ta02342_20170703.jpg,quadrat_corner,119,3015,525,3415
Ta02042,20170703,Ta02042_20170703,Ta02042_20170703.jpg,clover,1719,1015,3121,3029
Ta02042,20170703,Ta02042_20170703,Ta02042_20170703.jpg,quadrat,538,71,4046,3379
Ta02042,20170703,Ta02042_20170703,Ta02042_20170703.jpg,quadrat_corner,714,71,1067,377
Ta02042,20170703,Ta02042_20170703,Ta02042_20170703.jpg,quadrat_corner,3607,111,3956,433
Ta02042,20170703,Ta02042_20170703,Ta02042_20170703.jpg,quadrat_corner,3687,2995,4062,3394
Ta02042,20170703,Ta02042_20170703,Ta02042_20170703.jpg,quadrat_corner,541,2955,921,3354
Ta01003,20170703,Ta01003_20170703,Ta01003_20170703.jpg,clover,2060,458,3476,2077
Ta01003,20170703,Ta01003_20170703,Ta01003_20170703.jpg,quadrat,885,14,4456,3345
Ta01003,20170703,Ta01003_20170703,Ta01003_20170703.jpg,quadrat_corner,1010,56,1371,375
Ta01003,20170703,Ta01003_20170703,Ta01003_20170703.jpg,quadrat_corner,3919,14,4285,338
Ta01003,20170703,Ta01003_20170703,Ta01003_20170703.jpg,quadrat_corner,4077,2933,4429,3340
Ta01003,20170703,Ta01003_20170703,Ta01003_20170703.jpg,quadrat_corner,899,2975,1269,3359
Ta01428,20170703,Ta01428_20170703,Ta01428_20170703.jpg,clover,1139,213,3304,2350
Ta01428,20170703,Ta01428_20170703,Ta01428_20170703.jpg,quadrat,251,0,3864,3368
Ta01428,20170703,Ta01428_20170703,Ta01428_20170703.jpg,quadrat_corner,399,46,769,389
Ta01428,20170703,Ta01428_20170703,Ta01428_20170703.jpg,quadrat_corner,3314,5,3679,333
Ta01428,20170703,Ta01428_20170703,Ta01428_20170703.jpg,quadrat_corner,3494,2915,3864,3308
Ta01428,20170703,Ta01428_20170703,Ta01428_20170703.jpg,quadrat_corner,256,2975,640,3373
Ta01777,20170703,Ta01777_20170703,Ta01777_20170703.jpg,clover,1810,365,3457,2281
Ta01777,20170703,Ta01777_20170703,Ta01777_20170703.jpg,quadrat,1125,0,4618,3456
Ta01777,20170703,Ta01777_20170703,Ta01777_20170703.jpg,quadrat_corner,1144,9,1509,370
Ta01777,20170703,Ta01777_20170703,Ta01777_20170703.jpg,quadrat_corner,4225,0,4600,361
Ta01777,20170703,Ta01777_20170703,Ta01777_20170703.jpg,quadrat_corner,4207,3044,4581,3400
Ta01777,20170703,Ta01777_20170703,Ta01777_20170703.jpg,quadrat_corner,1190,3067,1574,3442
Ta01324,20170703,Ta01324_20170703,Ta01324_20170703.jpg,clover,729,694,3181,2824
Ta01324,20170703,Ta01324_20170703,Ta01324_20170703.jpg,quadrat,300,269,3742,3456
Ta01324,20170703,Ta01324_20170703,Ta01324_20170703.jpg,quadrat_corner,447,339,787,657
Ta01324,20170703,Ta01324_20170703,Ta01324_20170703.jpg,quadrat_corner,3236,265,3602,584
Ta01324,20170703,Ta01324_20170703,Ta01324_20170703.jpg,quadrat_corner,3357,3114,3731,3456
Ta01324,20170703,Ta01324_20170703,Ta01324_20170703.jpg,quadrat_corner,278,3158,663,3456
Ta01815,20170703,Ta01815_20170703,Ta01815_20170703.jpg,clover,2078,518,3661,2165
Ta01815,20170703,Ta01815_20170703,Ta01815_20170703.jpg,quadrat,755,0,4318,3456
Ta01815,20170703,Ta01815_20170703,Ta01815_20170703.jpg,quadrat_corner,765,5,1158,384
Ta01815,20170703,Ta01815_20170703,Ta01815_20170703.jpg,quadrat_corner,3850,0,4248,278
Ta01815,20170703,Ta01815_20170703,Ta01815_20170703.jpg,quadrat_corner,3952,2929,4318,3303
Ta01815,20170703,Ta01815_20170703,Ta01815_20170703.jpg,quadrat_corner,922,3091,1324,3456
Ta02310,20170703,Ta02310_20170703,Ta02310_20170703.jpg,clover,668,316,3672,3372
Ta02310,20170703,Ta02310_20170703,Ta02310_20170703.jpg,quadrat,405,34,3938,3456
Ta02310,20170703,Ta02310_20170703,Ta02310_20170703.jpg,quadrat_corner,417,145,785,504
Ta02310,20170703,Ta02310_20170703,Ta02310_20170703.jpg,quadrat_corner,3427,31,3799,368
Ta02310,20170703,Ta02310_20170703,Ta02310_20170703.jpg,quadrat_corner,3573,3001,3929,3372
Ta02310,20170703,Ta02310_20170703,Ta02310_20170703.jpg,quadrat_corner,556,3193,952,3456
Ta00400,20170703,Ta00400_20170703,Ta00400_20170703.jpg,clover,1602,657,3568,2230
Ta00400,20170703,Ta00400_20170703,Ta00400_20170703.jpg,quadrat,1102,93,4364,3234
Ta00400,20170703,Ta00400_20170703,Ta00400_20170703.jpg,quadrat_corner,1209,125,1542,435
Ta00400,20170703,Ta00400_20170703,Ta00400_20170703.jpg,quadrat_corner,3915,111,4267,426
Ta00400,20170703,Ta00400_20170703,Ta00400_20170703.jpg,quadrat_corner,3994,2873,4373,3220
Ta00400,20170703,Ta00400_20170703,Ta00400_20170703.jpg,quadrat_corner,1084,2855,1445,3248
Ta00117,20170703,Ta00117_20170703,Ta00117_20170703.jpg,clover,2328,861,4128,2841
Ta00117,20170703,Ta00117_20170703,Ta00117_20170703.jpg,quadrat,1227,37,4762,3456
Ta00117,20170703,Ta00117_20170703,Ta00117_20170703.jpg,quadrat_corner,1232,148,1611,532
Ta00117,20170703,Ta00117_20170703,Ta00117_20170703.jpg,quadrat_corner,4285,51,4665,407
Ta00117,20170703,Ta00117_20170703,Ta00117_20170703.jpg,quadrat_corner,4382,3081,4753,3456
Ta00117,20170703,Ta00117_20170703,Ta00117_20170703.jpg,quadrat_corner,1352,3192,1755,3456
Ta01242,20170703,Ta01242_20170703,Ta01242_20170703.jpg,clover,1877,1538,3015,2577
Ta01242,20170703,Ta01242_20170703,Ta01242_20170703.jpg,quadrat,1004,0,4583,3399
Ta01242,20170703,Ta01242_20170703,Ta01242_20170703.jpg,quadrat_corner,1015,0,1410,268
Ta01242,20170703,Ta01242_20170703,Ta01242_20170703.jpg,quadrat_corner,4188,0,4599,231
Ta01242,20170703,Ta01242_20170703,Ta01242_20170703.jpg,quadrat_corner,4172,2940,4524,3324
Ta01242,20170703,Ta01242_20170703,Ta01242_20170703.jpg,quadrat_corner,1111,3004,1506,3356
Ta02034,20170703,Ta02034_20170703,Ta02034_20170703.jpg,clover,1400,1343,3022,2107
Ta02034,20170703,Ta02034_20170703,Ta02034_20170703.jpg,quadrat,1130,0,4581,3323
Ta02034,20170703,Ta02034_20170703,Ta02034_20170703.jpg,quadrat_corner,1133,0,1512,230
Ta02034,20170703,Ta02034_20170703,Ta02034_20170703.jpg,quadrat_corner,4212,0,4581,285
Ta02034,20170703,Ta02034_20170703,Ta02034_20170703.jpg,quadrat_corner,4161,2954,4519,3313
Ta02034,20170703,Ta02034_20170703,Ta02034_20170703.jpg,quadrat_corner,1126,2934,1505,3303
Ta00920,20170703,Ta00920_20170703,Ta00920_20170703.jpg,clover,1994,256,3632,2436
Ta00920,20170703,Ta00920_20170703,Ta00920_20170703.jpg,quadrat,1134,0,4846,3411
Ta00920,20170703,Ta00920_20170703,Ta00920_20170703.jpg,quadrat_corner,1242,0,1632,291
Ta00920,20170703,Ta00920_20170703,Ta00920_20170703.jpg,quadrat_corner,4306,0,4700,222
Ta00920,20170703,Ta00920_20170703,Ta00920_20170703.jpg,quadrat_corner,4458,3006,4834,3410
Ta00920,20170703,Ta00920_20170703,Ta00920_20170703.jpg,quadrat_corner,1161,3017,1534,3406
Ta01373,20170703,Ta01373_20170703,Ta01373_20170703.jpg,clover,2026,900,3628,2324
Ta01373,20170703,Ta01373_20170703,Ta01373_20170703.jpg,quadrat,1014,25,4625,3456
Ta01373,20170703,Ta01373_20170703,Ta01373_20170703.jpg,quadrat_corner,1197,31,1559,368
Ta01373,20170703,Ta01373_20170703,Ta01373_20170703.jpg,quadrat_corner,4198,77,4560,421
Ta01373,20170703,Ta01373_20170703,Ta01373_20170703.jpg,quadrat_corner,4241,3128,4634,3456
Ta01373,20170703,Ta01373_20170703,Ta01373_20170703.jpg,quadrat_corner,1023,3057,1407,3456
Ta02068,20170703,Ta02068_20170703,Ta02068_20170703.jpg,clover,2119,1120,4232,2967
Ta02068,20170703,Ta02068_20170703,Ta02068_20170703.jpg,quadrat,702,6,4526,3456
Ta02068,20170703,Ta02068_20170703,Ta02068_20170703.jpg,quadrat_corner,890,0,1249,328
Ta02068,20170703,Ta02068_20170703,Ta02068_20170703.jpg,quadrat_corner,3953,0,4349,312
Ta02068,20170703,Ta02068_20170703,Ta02068_20170703.jpg,quadrat_corner,4148,3044,4557,3456
Ta02068,20170703,Ta02068_20170703,Ta02068_20170703.jpg,quadrat_corner,692,3060,1116,3456
Ta02143,20170703,Ta02143_20170703,Ta02143_20170703.jpg,clover,1063,411,3365,2783
Ta02143,20170703,Ta02143_20170703,Ta02143_20170703.jpg,quadrat,725,0,4446,3456
Ta02143,20170703,Ta02143_20170703,Ta02143_20170703.jpg,quadrat_corner,802,3,1185,350
Ta02143,20170703,Ta02143_20170703,Ta02143_20170703.jpg,quadrat_corner,3850,0,4221,332
Ta02143,20170703,Ta02143_20170703,Ta02143_20170703.jpg,quadrat_corner,4051,3027,4440,3444
Ta02143,20170703,Ta02143_20170703,Ta02143_20170703.jpg,quadrat_corner,729,3100,1127,3456
Ta00326,20170703,Ta00326_20170703,Ta00326_20170703.jpg,clover,2044,467,3158,1603
Ta00326,20170703,Ta00326_20170703,Ta00326_20170703.jpg,quadrat,1085,0,4646,3456
Ta00326,20170703,Ta00326_20170703,Ta00326_20170703.jpg,quadrat_corner,1172,9,1546,365
Ta00326,20170703,Ta00326_20170703,Ta00326_20170703.jpg,quadrat_corner,4195,0,4569,322
Ta00326,20170703,Ta00326_20170703,Ta00326_20170703.jpg,quadrat_corner,4257,3063,4646,3456
Ta00326,20170703,Ta00326_20170703,Ta00326_20170703.jpg,quadrat_corner,1067,3029,1457,3453
Ta02300,20170703,Ta02300_20170703,Ta02300_20170703.jpg,clover,872,167,3727,3023
Ta02300,20170703,Ta02300_20170703,Ta02300_20170703.jpg,quadrat,593,0,4124,3261
Ta02300,20170703,Ta02300_20170703,Ta02300_20170703.jpg,quadrat_corner,773,0,1141,235
Ta02300,20170703,Ta02300_20170703,Ta02300_20170703.jpg,quadrat_corner,3675,0,4021,312
Ta02300,20170703,Ta02300_20170703,Ta02300_20170703.jpg,quadrat_corner,3740,2877,4130,3255
Ta02300,20170703,Ta02300_20170703,Ta02300_20170703.jpg,quadrat_corner,581,2831,952,3221
Ta00150,20170703,Ta00150_20170703,Ta00150_20170703.jpg,clover,662,566,3576,3191
Ta00150,20170703,Ta00150_20170703,Ta00150_20170703.jpg,quadrat,348,58,3914,3426
Ta00150,20170703,Ta00150_20170703,Ta00150_20170703.jpg,quadrat_corner,524,58,890,384
Ta00150,20170703,Ta00150_20170703,Ta00150_20170703.jpg,quadrat_corner,3457,64,3822,390
Ta00150,20170703,Ta00150_20170703,Ta00150_20170703.jpg,quadrat_corner,3536,3036,3917,3426
Ta00150,20170703,Ta00150_20170703,Ta00150_20170703.jpg,quadrat_corner,348,3024,729,3416
Ta01873,20170703,Ta01873_20170703,Ta01873_20170703.jpg,clover,1724,289,3305,2655
Ta01873,20170703,Ta01873_20170703,Ta01873_20170703.jpg,quadrat,540,0,3956,3270
Ta01873,20170703,Ta01873_20170703,Ta01873_20170703.jpg,quadrat_corner,665,15,1018,341
Ta01873,20170703,Ta01873_20170703,Ta01873_20170703.jpg,quadrat_corner,3521,3,3889,332
Ta01873,20170703,Ta01873_20170703,Ta01873_20170703.jpg,quadrat_corner,3585,2896,3947,3270
Ta01873,20170703,Ta01873_20170703,Ta01873_20170703.jpg,quadrat_corner,540,2899,890,3271
Ta00494,20170703,Ta00494_20170703,Ta00494_20170703.jpg,clover,2141,755,3996,2786
Ta00494,20170703,Ta00494_20170703,Ta00494_20170703.jpg,quadrat,1350,152,4839,3456
Ta00494,20170703,Ta00494_20170703,Ta00494_20170703.jpg,quadrat_corner,1365,198,1736,563
Ta00494,20170703,Ta00494_20170703,Ta00494_20170703.jpg,quadrat_corner,4440,155,4821,509
Ta00494,20170703,Ta00494_20170703,Ta00494_20170703.jpg,quadrat_corner,4480,3206,4845,3456
Ta00494,20170703,Ta00494_20170703,Ta00494_20170703.jpg,quadrat_corner,1450,3276,1806,3456
Ta00592,20170703,Ta00592_20170703,Ta00592_20170703.jpg,clover,969,289,3904,2972
Ta00592,20170703,Ta00592_20170703,Ta00592_20170703.jpg,quadrat,677,58,4194,3456
Ta00592,20170703,Ta00592_20170703,Ta00592_20170703.jpg,quadrat_corner,674,113,1048,493
Ta00592,20170703,Ta00592_20170703,Ta00592_20170703.jpg,quadrat_corner,3767,49,4133,423
Ta00592,20170703,Ta00592_20170703,Ta00592_20170703.jpg,quadrat_corner,3819,3088,4188,3456
Ta00592,20170703,Ta00592_20170703,Ta00592_20170703.jpg,quadrat_corner,783,3218,1161,3456
Ta01472,20170703,Ta01472_20170703,Ta01472_20170703.jpg,clover,1710,1012,2908,2138
Ta01472,20170703,Ta01472_20170703,Ta01472_20170703.jpg,quadrat,565,0,4167,3410
Ta01472,20170703,Ta01472_20170703,Ta01472_20170703.jpg,quadrat_corner,751,0,1125,312
Ta01472,20170703,Ta01472_20170703,Ta01472_20170703.jpg,quadrat_corner,3721,0,4093,322
Ta01472,20170703,Ta01472_20170703,Ta01472_20170703.jpg,quadrat_corner,3774,3010,4182,3416
Ta01472,20170703,Ta01472_20170703,Ta01472_20170703.jpg,quadrat_corner,581,2976,949,3397
Ta01979,20170703,Ta01979_20170703,Ta01979_20170703.jpg,clover,1373,650,2796,2058
Ta01979,20170703,Ta01979_20170703,Ta01979_20170703.jpg,quadrat,476,0,4031,3394
Ta01979,20170703,Ta01979_20170703,Ta01979_20170703.jpg,quadrat_corner,553,0,927,340
Ta01979,20170703,Ta01979_20170703,Ta01979_20170703.jpg,quadrat_corner,3523,0,3891,306
Ta01979,20170703,Ta01979_20170703,Ta01979_20170703.jpg,quadrat_corner,3669,2967,4031,3351
Ta01979,20170703,Ta01979_20170703,Ta01979_20170703.jpg,quadrat_corner,482,3017,859,3394
Ta01278,20170703,Ta01278_20170703,Ta01278_20170703.jpg,clover,1989,597,3399,2567
Ta01278,20170703,Ta01278_20170703,Ta01278_20170703.jpg,quadrat,707,67,4251,3456
Ta01278,20170703,Ta01278_20170703,Ta01278_20170703.jpg,quadrat_corner,802,73,1158,414
Ta01278,20170703,Ta01278_20170703,Ta01278_20170703.jpg,quadrat_corner,3783,76,4148,420
Ta01278,20170703,Ta01278_20170703,Ta01278_20170703.jpg,quadrat_corner,3889,3094,4242,3456
Ta01278,20170703,Ta01278_20170703,Ta01278_20170703.jpg,quadrat_corner,707,3097,1085,3456
Ta02285,20170703,Ta02285_20170703,Ta02285_20170703.jpg,clover,2326,1108,3758,2321
Ta02285,20170703,Ta02285_20170703,Ta02285_20170703.jpg,quadrat,1138,15,4513,3360
Ta02285,20170703,Ta02285_20170703,Ta02285_20170703.jpg,quadrat_corner,1153,56,1503,396
Ta02285,20170703,Ta02285_20170703,Ta02285_20170703.jpg,quadrat_corner,4124,15,4501,368
Ta02285,20170703,Ta02285_20170703,Ta02285_20170703.jpg,quadrat_corner,4158,2992,4520,3357
Ta02285,20170703,Ta02285_20170703,Ta02285_20170703.jpg,quadrat_corner,1184,3029,1534,3376
Ta00149,20170703,Ta00149_20170703,Ta00149_20170703.jpg,clover,989,300,3087,2670
Ta00149,20170703,Ta00149_20170703,Ta00149_20170703.jpg,quadrat,491,15,4080,3323
Ta00149,20170703,Ta00149_20170703,Ta00149_20170703.jpg,quadrat_corner,609,84,971,390
Ta00149,20170703,Ta00149_20170703,Ta00149_20170703.jpg,quadrat_corner,3480,25,3851,322
Ta00149,20170703,Ta00149_20170703,Ta00149_20170703.jpg,quadrat_corner,3709,2859,4096,3270
Ta00149,20170703,Ta00149_20170703,Ta00149_20170703.jpg,quadrat_corner,497,2945,906,3348
Ta00534,20170703,Ta00534_20170703,Ta00534_20170703.jpg,clover,2047,854,3288,3249
Ta00534,20170703,Ta00534_20170703,Ta00534_20170703.jpg,quadrat,825,46,4380,3456
Ta00534,20170703,Ta00534_20170703,Ta00534_20170703.jpg,quadrat_corner,838,167,1206,538
Ta00534,20170703,Ta00534_20170703,Ta00534_20170703.jpg,quadrat_corner,3867,50,4241,387
Ta00534,20170703,Ta00534_20170703,Ta00534_20170703.jpg,quadrat_corner,4021,3051,4374,3428
Ta00534,20170703,Ta00534_20170703,Ta00534_20170703.jpg,quadrat_corner,986,3227,1361,3456
Ta01568,20170703,Ta01568_20170703,Ta01568_20170703.jpg,clover,1754,1021,3598,3029
Ta01568,20170703,Ta01568_20170703,Ta01568_20170703.jpg,quadrat,927,0,4520,3456
Ta01568,20170703,Ta01568_20170703,Ta01568_20170703.jpg,quadrat_corner,931,0,1320,356
Ta01568,20170703,Ta01568_20170703,Ta01568_20170703.jpg,quadrat_corner,4124,46,4504,421
Ta01568,20170703,Ta01568_20170703,Ta01568_20170703.jpg,quadrat_corner,955,3128,1342,3456
Ta01568,20170703,Ta01568_20170703,Ta01568_20170703.jpg,quadrat_corner,4018,3147,4393,3456
Ta00147,20170703,Ta00147_20170703,Ta00147_20170703.jpg,clover,1575,588,3776,3045
Ta00147,20170703,Ta00147_20170703,Ta00147_20170703.jpg,quadrat,975,15,4471,3456
Ta00147,20170703,Ta00147_20170703,Ta00147_20170703.jpg,quadrat_corner,972,49,1353,417
Ta00147,20170703,Ta00147_20170703,Ta00147_20170703.jpg,quadrat_corner,4093,18,4465,387
Ta00147,20170703,Ta00147_20170703,Ta00147_20170703.jpg,quadrat_corner,4102,3097,4455,3456
Ta00147,20170703,Ta00147_20170703,Ta00147_20170703.jpg,quadrat_corner,1042,3136,1426,3456
Ta00607,20170703,Ta00607_20170703,Ta00607_20170703.jpg,clover,1788,612,3743,2619
Ta00607,20170703,Ta00607_20170703,Ta00607_20170703.jpg,quadrat,1076,113,4522,3456
Ta00607,20170703,Ta00607_20170703,Ta00607_20170703.jpg,quadrat_corner,1130,116,1511,478
Ta00607,20170703,Ta00607_20170703,Ta00607_20170703.jpg,quadrat_corner,4154,171,4510,521
Ta00607,20170703,Ta00607_20170703,Ta00607_20170703.jpg,quadrat_corner,4087,3191,4446,3456
Ta00607,20170703,Ta00607_20170703,Ta00607_20170703.jpg,quadrat_corner,1079,3130,1441,3456
Ta01534,20170703,Ta01534_20170703,Ta01534_20170703.jpg,clover,1788,238,3335,2643
Ta01534,20170703,Ta01534_20170703,Ta01534_20170703.jpg,quadrat,445,161,3956,3456
Ta01534,20170703,Ta01534_20170703,Ta01534_20170703.jpg,quadrat_corner,585,183,939,512
Ta01534,20170703,Ta01534_20170703,Ta01534_20170703.jpg,quadrat_corner,3499,167,3850,502
Ta01534,20170703,Ta01534_20170703,Ta01534_20170703.jpg,quadrat_corner,3572,3130,3941,3456
Ta01534,20170703,Ta01534_20170703,Ta01534_20170703.jpg,quadrat_corner,445,3130,826,3456
Ta02165,20170608,Ta02165_20170608,Ta02165_20170608.jpg,clover,2137,1080,3310,2079
Ta02165,20170608,Ta02165_20170608,Ta02165_20170608.jpg,quadrat,1323,408,4179,3261
Ta02165,20170608,Ta02165_20170608,Ta02165_20170608.jpg,quadrat_corner,1317,421,1624,715
Ta02165,20170608,Ta02165_20170608,Ta02165_20170608.jpg,quadrat_corner,3867,402,4189,702
Ta02165,20170608,Ta02165_20170608,Ta02165_20170608.jpg,quadrat_corner,1336,2958,1651,3273
Ta02165,20170608,Ta02165_20170608,Ta02165_20170608.jpg,quadrat_corner,3864,2955,4167,3258
Ta01655,20170703,Ta01655_20170703,Ta01655_20170703.jpg,clover,2425,189,3632,1782
Ta01655,20170703,Ta01655_20170703,Ta01655_20170703.jpg,quadrat,612,6,4275,3441
Ta01655,20170703,Ta01655_20170703,Ta01655_20170703.jpg,quadrat_corner,816,19,1200,350
Ta01655,20170703,Ta01655_20170703,Ta01655_20170703.jpg,quadrat_corner,3823,6,4198,328
Ta01655,20170703,Ta01655_20170703,Ta01655_20170703.jpg,quadrat_corner,3885,3041,4263,3456
Ta01655,20170703,Ta01655_20170703,Ta01655_20170703.jpg,quadrat_corner,612,2976,989,3385
Ta01689,20170703,Ta01689_20170703,Ta01689_20170703.jpg,clover,1127,210,3533,2628
Ta01689,20170703,Ta01689_20170703,Ta01689_20170703.jpg,quadrat,576,0,4084,3359
Ta01689,20170703,Ta01689_20170703,Ta01689_20170703.jpg,quadrat_corner,695,0,1054,314
Ta01689,20170703,Ta01689_20170703,Ta01689_20170703.jpg,quadrat_corner,3646,0,4011,301
Ta01689,20170703,Ta01689_20170703,Ta01689_20170703.jpg,quadrat_corner,3691,2975,4075,3356
Ta01689,20170703,Ta01689_20170703,Ta01689_20170703.jpg,quadrat_corner,588,2960,951,3349
Ta02300,20170608,Ta02300_20170608,Ta02300_20170608.jpg,clover,2001,798,3965,2807
Ta02300,20170608,Ta02300_20170608,Ta02300_20170608.jpg,quadrat,1450,423,4474,3346
Ta02300,20170608,Ta02300_20170608,Ta02300_20170608.jpg,quadrat_corner,1453,429,1761,758
Ta02300,20170608,Ta02300_20170608,Ta02300_20170608.jpg,quadrat_corner,4157,435,4483,755
Ta02300,20170608,Ta02300_20170608,Ta02300_20170608.jpg,quadrat_corner,4072,3048,4382,3352
Ta02300,20170608,Ta02300_20170608,Ta02300_20170608.jpg,quadrat_corner,1496,3042,1828,3340
Ta02013,20170608,Ta02013_20170608,Ta02013_20170608.jpg,clover,1822,1157,3319,2794
Ta02013,20170608,Ta02013_20170608,Ta02013_20170608.jpg,quadrat,1262,575,4207,3456
Ta02013,20170608,Ta02013_20170608,Ta02013_20170608.jpg,quadrat_corner,1320,591,1642,885
Ta02013,20170608,Ta02013_20170608,Ta02013_20170608.jpg,quadrat_corner,3876,619,4189,928
Ta02013,20170608,Ta02013_20170608,Ta02013_20170608.jpg,quadrat_corner,3864,3193,4179,3456
Ta02013,20170608,Ta02013_20170608,Ta02013_20170608.jpg,quadrat_corner,1255,3156,1599,3456
Ta02103,20170703,Ta02103_20170703,Ta02103_20170703.jpg,clover,2417,1303,2526,1404
Ta02103,20170703,Ta02103_20170703,Ta02103_20170703.jpg,quadrat,1333,0,4854,3334
Ta02103,20170703,Ta02103_20170703,Ta02103_20170703.jpg,quadrat_corner,4343,0,4734,183
Ta02103,20170703,Ta02103_20170703,Ta02103_20170703.jpg,quadrat_corner,1333,0,1693,339
Ta02103,20170703,Ta02103_20170703,Ta02103_20170703.jpg,quadrat_corner,1488,2985,1866,3340
Ta02103,20170703,Ta02103_20170703,Ta02103_20170703.jpg,quadrat_corner,4482,2842,4850,3210
Ta01474,20170703,Ta01474_20170703,Ta01474_20170703.jpg,clover,963,554,2881,2686
Ta01474,20170703,Ta01474_20170703,Ta01474_20170703.jpg,quadrat,403,27,3853,3371
Ta01474,20170703,Ta01474_20170703,Ta01474_20170703.jpg,quadrat_corner,494,43,850,396
Ta01474,20170703,Ta01474_20170703,Ta01474_20170703.jpg,quadrat_corner,3393,27,3749,362
Ta01474,20170703,Ta01474_20170703,Ta01474_20170703.jpg,quadrat_corner,3481,2966,3850,3331
Ta01474,20170703,Ta01474_20170703,Ta01474_20170703.jpg,quadrat_corner,403,2993,765,3365
Ta02297,20170608,Ta02297_20170608,Ta02297_20170608.jpg,clover,1691,962,3475,2859
Ta02297,20170608,Ta02297_20170608,Ta02297_20170608.jpg,quadrat,1210,365,4145,3343
Ta02297,20170608,Ta02297_20170608,Ta02297_20170608.jpg,quadrat_corner,1280,381,1602,682
Ta02297,20170608,Ta02297_20170608,Ta02297_20170608.jpg,quadrat_corner,3843,442,4163,746
Ta02297,20170608,Ta02297_20170608,Ta02297_20170608.jpg,quadrat_corner,3804,3027,4111,3337
Ta02297,20170608,Ta02297_20170608,Ta02297_20170608.jpg,quadrat_corner,1200,2957,1511,3276
Ta00445,20170703,Ta00445_20170703,Ta00445_20170703.jpg,clover,1921,1111,3186,2556
Ta00445,20170703,Ta00445_20170703,Ta00445_20170703.jpg,quadrat,850,0,4393,3456
Ta00445,20170703,Ta00445_20170703,Ta00445_20170703.jpg,quadrat_corner,847,34,1237,402
Ta00445,20170703,Ta00445_20170703,Ta00445_20170703.jpg,quadrat_corner,4000,0,4380,343
Ta00445,20170703,Ta00445_20170703,Ta00445_20170703.jpg,quadrat_corner,4034,3054,4399,3413
Ta00445,20170703,Ta00445_20170703,Ta00445_20170703.jpg,quadrat_corner,980,3159,1357,3456
Ta01837,20170703,Ta01837_20170703,Ta01837_20170703.jpg,clover,2044,210,3716,1547
Ta01837,20170703,Ta01837_20170703,Ta01837_20170703.jpg,quadrat,491,0,4060,3416
Ta01837,20170703,Ta01837_20170703,Ta01837_20170703.jpg,quadrat_corner,616,12,984,347
Ta01837,20170703,Ta01837_20170703,Ta01837_20170703.jpg,quadrat_corner,3579,9,3959,332
Ta01837,20170703,Ta01837_20170703,Ta01837_20170703.jpg,quadrat_corner,3676,3024,4057,3416
Ta01837,20170703,Ta01837_20170703,Ta01837_20170703.jpg,quadrat_corner,488,3033,869,3423
Ta01798,20170703,Ta01798_20170703,Ta01798_20170703.jpg,clover,1133,487,3716,3085
Ta01798,20170703,Ta01798_20170703,Ta01798_20170703.jpg,quadrat,521,0,4108,3419
Ta01798,20170703,Ta01798_20170703,Ta01798_20170703.jpg,quadrat_corner,598,100,957,429
Ta01798,20170703,Ta01798_20170703,Ta01798_20170703.jpg,quadrat_corner,3518,0,3889,314
Ta01798,20170703,Ta01798_20170703,Ta01798_20170703.jpg,quadrat_corner,3725,2923,4096,3334
Ta01798,20170703,Ta01798_20170703,Ta01798_20170703.jpg,quadrat_corner,521,3036,905,3423
Ta00471,20170703,Ta00471_20170703,Ta00471_20170703.jpg,clover,1736,1291,3058,2725
Ta00471,20170703,Ta00471_20170703,Ta00471_20170703.jpg,quadrat,1070,137,4553,3456
Ta00471,20170703,Ta00471_20170703,Ta00471_20170703.jpg,quadrat_corner,1082,177,1456,542
Ta00471,20170703,Ta00471_20170703,Ta00471_20170703.jpg,quadrat_corner,4142,143,4516,505
Ta00471,20170703,Ta00471_20170703,Ta00471_20170703.jpg,quadrat_corner,4185,3170,4541,3456
Ta00471,20170703,Ta00471_20170703,Ta00471_20170703.jpg,quadrat_corner,1158,3255,1538,3456
Ta02250,20170703,Ta02250_20170703,Ta02250_20170703.jpg,clover,2695,1835,3427,2403
Ta02250,20170703,Ta02250_20170703,Ta02250_20170703.jpg,quadrat,521,0,4135,3456
Ta02250,20170703,Ta02250_20170703,Ta02250_20170703.jpg,quadrat_corner,517,126,900,505
Ta02250,20170703,Ta02250_20170703,Ta02250_20170703.jpg,quadrat_corner,3576,0,3952,336
Ta02250,20170703,Ta02250_20170703,Ta02250_20170703.jpg,quadrat_corner,3749,2985,4121,3381
Ta02250,20170703,Ta02250_20170703,Ta02250_20170703.jpg,quadrat_corner,724,3205,1131,3456
Ta00486,20170703,Ta00486_20170703,Ta00486_20170703.jpg,clover,779,412,2997,3283
Ta00486,20170703,Ta00486_20170703,Ta00486_20170703.jpg,quadrat,241,142,3731,3456
Ta00486,20170703,Ta00486_20170703,Ta00486_20170703.jpg,quadrat_corner,299,217,658,541
Ta00486,20170703,Ta00486_20170703,Ta00486_20170703.jpg,quadrat_corner,3167,142,3536,464
Ta00486,20170703,Ta00486_20170703,Ta00486_20170703.jpg,quadrat_corner,3369,3020,3731,3400
Ta00486,20170703,Ta00486_20170703,Ta00486_20170703.jpg,quadrat_corner,247,3140,618,3456
Ta00381,20170703,Ta00381_20170703,Ta00381_20170703.jpg,clover,2017,223,4232,2367
Ta00381,20170703,Ta00381_20170703,Ta00381_20170703.jpg,quadrat,943,0,4662,3456
Ta00381,20170703,Ta00381_20170703,Ta00381_20170703.jpg,quadrat_corner,1153,0,1534,303
Ta00381,20170703,Ta00381_20170703,Ta00381_20170703.jpg,quadrat_corner,4201,0,4572,306
Ta00381,20170703,Ta00381_20170703,Ta00381_20170703.jpg,quadrat_corner,4232,3075,4643,3456
Ta00381,20170703,Ta00381_20170703,Ta00381_20170703.jpg,quadrat_corner,943,2992,1327,3391
Ta02010,20170608,Ta02010_20170608,Ta02010_20170608.jpg,clover,1700,0,4864,3325
Ta02010,20170608,Ta02010_20170608,Ta02010_20170608.jpg,quadrat,1602,33,4526,2954
Ta02010,20170608,Ta02010_20170608,Ta02010_20170608.jpg,quadrat_corner,1605,119,1895,420
Ta02010,20170608,Ta02010_20170608,Ta02010_20170608.jpg,quadrat_corner,4124,33,4440,332
Ta02010,20170608,Ta02010_20170608,Ta02010_20170608.jpg,quadrat_corner,4224,2561,4519,2881
Ta02010,20170608,Ta02010_20170608,Ta02010_20170608.jpg,quadrat_corner,1672,2646,1989,2957
Ta01733,20170703,Ta01733_20170703,Ta01733_20170703.jpg,clover,1688,880,3496,2698
Ta01733,20170703,Ta01733_20170703,Ta01733_20170703.jpg,quadrat,939,0,4449,3426
Ta01733,20170703,Ta01733_20170703,Ta01733_20170703.jpg,quadrat_corner,948,9,1313,381
Ta01733,20170703,Ta01733_20170703,Ta01733_20170703.jpg,quadrat_corner,4014,0,4376,265
Ta01733,20170703,Ta01733_20170703,Ta01733_20170703.jpg,quadrat_corner,4087,2957,4446,3322
Ta01733,20170703,Ta01733_20170703,Ta01733_20170703.jpg,quadrat_corner,1057,3072,1432,3438
Ta02201,20170608,Ta02201_20170608,Ta02201_20170608.jpg,clover,2601,1178,3277,2147
Ta02201,20170608,Ta02201_20170608,Ta02201_20170608.jpg,quadrat,1091,30,4090,3021
Ta02201,20170608,Ta02201_20170608,Ta02201_20170608.jpg,quadrat_corner,1082,131,1411,457
Ta02201,20170608,Ta02201_20170608,Ta02201_20170608.jpg,quadrat_corner,3679,40,3987,326
Ta02201,20170608,Ta02201_20170608,Ta02201_20170608.jpg,quadrat_corner,3780,2588,4087,2893
Ta02201,20170608,Ta02201_20170608,Ta02201_20170608.jpg,quadrat_corner,1243,2716,1572,3018
Ta02232,20170608,Ta02232_20170608,Ta02232_20170608.jpg,quadrat,1480,381,4422,3327
Ta02232,20170608,Ta02232_20170608,Ta02232_20170608.jpg,quadrat_corner,1489,415,1798,721
Ta02232,20170608,Ta02232_20170608,Ta02232_20170608.jpg,quadrat_corner,4055,381,4367,699
Ta02232,20170608,Ta02232_20170608,Ta02232_20170608.jpg,quadrat_corner,4116,2948,4425,3272
Ta02232,20170608,Ta02232_20170608,Ta02232_20170608.jpg,quadrat_corner,1531,3021,1855,3315
Ta00263,20170703,Ta00263_20170703,Ta00263_20170703.jpg,clover,1685,1032,3101,2926
Ta00263,20170703,Ta00263_20170703,Ta00263_20170703.jpg,quadrat,951,0,4553,3456
Ta00263,20170703,Ta00263_20170703,Ta00263_20170703.jpg,quadrat_corner,954,97,1334,475
Ta00263,20170703,Ta00263_20170703,Ta00263_20170703.jpg,quadrat_corner,4066,0,4428,323
Ta00263,20170703,Ta00263_20170703,Ta00263_20170703.jpg,quadrat_corner,4194,3008,4547,3383
Ta00263,20170703,Ta00263_20170703,Ta00263_20170703.jpg,quadrat_corner,1146,3206,1538,3456
Ta01174,20170703,Ta01174_20170703,Ta01174_20170703.jpg,clover,996,492,3114,1818
Ta01174,20170703,Ta01174_20170703,Ta01174_20170703.jpg,quadrat,413,0,4154,3456
Ta01174,20170703,Ta01174_20170703,Ta01174_20170703.jpg,quadrat_corner,610,0,1002,254
Ta01174,20170703,Ta01174_20170703,Ta01174_20170703.jpg,quadrat_corner,3710,0,4090,342
Ta01174,20170703,Ta01174_20170703,Ta01174_20170703.jpg,quadrat_corner,3774,3098,4158,3456
Ta01174,20170703,Ta01174_20170703,Ta01174_20170703.jpg,quadrat_corner,418,3038,842,3456
Ta00696,20170703,Ta00696_20170703,Ta00696_20170703.jpg,clover,1201,0,3925,2960
Ta00696,20170703,Ta00696_20170703,Ta00696_20170703.jpg,quadrat,813,20,4185,3147
Ta00696,20170703,Ta00696_20170703,Ta00696_20170703.jpg,quadrat_corner,934,38,1289,339
Ta00696,20170703,Ta00696_20170703,Ta00696_20170703.jpg,quadrat_corner,3690,27,4045,331
Ta00696,20170703,Ta00696_20170703,Ta00696_20170703.jpg,quadrat_corner,3815,2781,4170,3147
Ta00696,20170703,Ta00696_20170703,Ta00696_20170703.jpg,quadrat_corner,809,2777,1172,3169
Ta00900,20170703,Ta00900_20170703,Ta00900_20170703.jpg,clover,476,451,3390,3340
Ta00900,20170703,Ta00900_20170703,Ta00900_20170703.jpg,quadrat,0,21,3798,3456
Ta00900,20170703,Ta00900_20170703,Ta00900_20170703.jpg,quadrat_corner,327,6,704,356
Ta00900,20170703,Ta00900_20170703,Ta00900_20170703.jpg,quadrat_corner,3405,46,3795,396
Ta00900,20170703,Ta00900_20170703,Ta00900_20170703.jpg,quadrat_corner,3375,3191,3798,3456
Ta00900,20170703,Ta00900_20170703,Ta00900_20170703.jpg,quadrat_corner,1,3088,387,3456
Ta01099,20170703,Ta01099_20170703,Ta01099_20170703.jpg,clover,1362,530,3603,2046
Ta01099,20170703,Ta01099_20170703,Ta01099_20170703.jpg,quadrat,564,0,4178,3416
Ta01099,20170703,Ta01099_20170703,Ta01099_20170703.jpg,quadrat_corner,689,0,1063,335
Ta01099,20170703,Ta01099_20170703,Ta01099_20170703.jpg,quadrat_corner,3676,0,4057,314
Ta01099,20170703,Ta01099_20170703,Ta01099_20170703.jpg,quadrat_corner,3795,3008,4181,3419
Ta01099,20170703,Ta01099_20170703,Ta01099_20170703.jpg,quadrat_corner,576,3021,942,3410
Ta00373,20170703,Ta00373_20170703,Ta00373_20170703.jpg,clover,1746,1425,2632,1790
Ta00373,20170703,Ta00373_20170703,Ta00373_20170703.jpg,quadrat,759,0,4215,3356
Ta00373,20170703,Ta00373_20170703,Ta00373_20170703.jpg,quadrat_corner,762,0,1130,286
Ta00373,20170703,Ta00373_20170703,Ta00373_20170703.jpg,quadrat_corner,3853,0,4197,250
Ta00373,20170703,Ta00373_20170703,Ta00373_20170703.jpg,quadrat_corner,3859,2926,4212,3292
Ta00373,20170703,Ta00373_20170703,Ta00373_20170703.jpg,quadrat_corner,841,3005,1210,3368
Ta00621,20170703,Ta00621_20170703,Ta00621_20170703.jpg,clover,2333,1157,3175,2105
Ta00621,20170703,Ta00621_20170703,Ta00621_20170703.jpg,quadrat,751,130,4244,3442
Ta00621,20170703,Ta00621_20170703,Ta00621_20170703.jpg,quadrat_corner,871,217,1218,537
Ta00621,20170703,Ta00621_20170703,Ta00621_20170703.jpg,quadrat_corner,3730,139,4096,472
Ta00621,20170703,Ta00621_20170703,Ta00621_20170703.jpg,quadrat_corner,741,3100,1121,3456
Ta00621,20170703,Ta00621_20170703,Ta00621_20170703.jpg,quadrat_corner,3864,3058,4258,3424
Ta00780,20170703,Ta00780_20170703,Ta00780_20170703.jpg,clover,1657,670,3481,2619
Ta00780,20170703,Ta00780_20170703,Ta00780_20170703.jpg,quadrat,1097,49,4617,3456
Ta00780,20170703,Ta00780_20170703,Ta00780_20170703.jpg,quadrat_corner,1103,97,1481,469
Ta00780,20170703,Ta00780_20170703,Ta00780_20170703.jpg,quadrat_corner,4227,40,4611,417
Ta00780,20170703,Ta00780_20170703,Ta00780_20170703.jpg,quadrat_corner,4251,3121,4608,3456
Ta00780,20170703,Ta00780_20170703,Ta00780_20170703.jpg,quadrat_corner,1207,3212,1581,3456
Ta02132,20170703,Ta02132_20170703,Ta02132_20170703.jpg,clover,2096,706,3338,1997
Ta02132,20170703,Ta02132_20170703,Ta02132_20170703.jpg,quadrat,1027,0,4577,3456
Ta02132,20170703,Ta02132_20170703,Ta02132_20170703.jpg,quadrat_corner,1039,174,1389,533
Ta02132,20170703,Ta02132_20170703,Ta02132_20170703.jpg,quadrat_corner,4026,0,4413,350
Ta02132,20170703,Ta02132_20170703,Ta02132_20170703.jpg,quadrat_corner,4209,2996,4580,3380
Ta02132,20170703,Ta02132_20170703,Ta02132_20170703.jpg,quadrat_corner,1216,3188,1596,3456
Ta00731,20170703,Ta00731_20170703,Ta00731_20170703.jpg,clover,1925,801,3308,2838
Ta00731,20170703,Ta00731_20170703,Ta00731_20170703.jpg,quadrat,564,0,4236,3456
Ta00731,20170703,Ta00731_20170703,Ta00731_20170703.jpg,quadrat_corner,741,9,1124,365
Ta00731,20170703,Ta00731_20170703,Ta00731_20170703.jpg,quadrat_corner,3804,70,4181,411
Ta00731,20170703,Ta00731_20170703,Ta00731_20170703.jpg,quadrat_corner,3850,3182,4227,3456
Ta00731,20170703,Ta00731_20170703,Ta00731_20170703.jpg,quadrat_corner,576,3121,969,3456
Ta00159,20170703,Ta00159_20170703,Ta00159_20170703.jpg,clover,1456,542,3454,2488
Ta00159,20170703,Ta00159_20170703,Ta00159_20170703.jpg,quadrat,1155,0,4705,3383
Ta00159,20170703,Ta00159_20170703,Ta00159_20170703.jpg,quadrat_corner,1155,0,1545,292
Ta00159,20170703,Ta00159_20170703,Ta00159_20170703.jpg,quadrat_corner,4325,0,4702,253
Ta00159,20170703,Ta00159_20170703,Ta00159_20170703.jpg,quadrat_corner,4285,2972,4644,3319
Ta00159,20170703,Ta00159_20170703,Ta00159_20170703.jpg,quadrat_corner,1237,3014,1608,3374
Ta01779,20170703,Ta01779_20170703,Ta01779_20170703.jpg,clover,963,776,3268,3109
Ta01779,20170703,Ta01779_20170703,Ta01779_20170703.jpg,quadrat,366,0,3950,3456
Ta01779,20170703,Ta01779_20170703,Ta01779_20170703.jpg,quadrat_corner,363,100,756,490
Ta01779,20170703,Ta01779_20170703,Ta01779_20170703.jpg,quadrat_corner,3472,18,3853,375
Ta01779,20170703,Ta01779_20170703,Ta01779_20170703.jpg,quadrat_corner,3576,3045,3953,3432
Ta01779,20170703,Ta01779_20170703,Ta01779_20170703.jpg,quadrat_corner,524,3237,908,3456
Ta01283,20170703,Ta01283_20170703,Ta01283_20170703.jpg,clover,2074,546,3693,1957
Ta01283,20170703,Ta01283_20170703,Ta01283_20170703.jpg,quadrat,950,0,4484,3382
Ta01283,20170703,Ta01283_20170703,Ta01283_20170703.jpg,quadrat_corner,1075,0,1440,301
Ta01283,20170703,Ta01283_20170703,Ta01283_20170703.jpg,quadrat_corner,4035,0,4401,301
Ta01283,20170703,Ta01283_20170703,Ta01283_20170703.jpg,quadrat_corner,4086,2979,4461,3354
Ta01283,20170703,Ta01283_20170703,Ta01283_20170703.jpg,quadrat_corner,950,2933,1329,3336
Ta02081,20170703,Ta02081_20170703,Ta02081_20170703.jpg,clover,1607,426,3217,1989
Ta02081,20170703,Ta02081_20170703,Ta02081_20170703.jpg,quadrat,584,0,4188,3359
Ta02081,20170703,Ta02081_20170703,Ta02081_20170703.jpg,quadrat_corner,714,0,1084,278
Ta02081,20170703,Ta02081_20170703,Ta02081_20170703.jpg,quadrat_corner,3712,0,4086,259
Ta02081,20170703,Ta02081_20170703,Ta02081_20170703.jpg,quadrat_corner,570,2952,968,3345
Ta02081,20170703,Ta02081_20170703,Ta02081_20170703.jpg,quadrat_corner,3795,2952,4170,3354
Ta00030,20170703,Ta00030_20170703,Ta00030_20170703.jpg,clover,1182,749,3713,2320
Ta00030,20170703,Ta00030_20170703,Ta00030_20170703.jpg,quadrat,534,0,4142,3337
Ta00030,20170703,Ta00030_20170703,Ta00030_20170703.jpg,quadrat_corner,704,0,1066,234
Ta00030,20170703,Ta00030_20170703,Ta00030_20170703.jpg,quadrat_corner,3685,0,4047,283
Ta00030,20170703,Ta00030_20170703,Ta00030_20170703.jpg,quadrat_corner,3767,2954,4133,3340
Ta00030,20170703,Ta00030_20170703,Ta00030_20170703.jpg,quadrat_corner,534,2902,920,3304
Ta02269,20170608,Ta02269_20170608,Ta02269_20170608.jpg,clover,2464,1507,3295,2573
Ta02269,20170608,Ta02269_20170608,Ta02269_20170608.jpg,quadrat,1404,566,4303,3456
Ta02269,20170608,Ta02269_20170608,Ta02269_20170608.jpg,quadrat_corner,1404,563,1724,859
Ta02269,20170608,Ta02269_20170608,Ta02269_20170608.jpg,quadrat_corner,3990,582,4300,883
Ta02269,20170608,Ta02269_20170608,Ta02269_20170608.jpg,quadrat_corner,3953,3158,4264,3456
Ta02269,20170608,Ta02269_20170608,Ta02269_20170608.jpg,quadrat_corner,1401,3133,1718,3441
Ta01357,20170703,Ta01357_20170703,Ta01357_20170703.jpg,clover,603,176,3550,2600
Ta01357,20170703,Ta01357_20170703,Ta01357_20170703.jpg,quadrat,302,0,4017,3456
Ta01357,20170703,Ta01357_20170703,Ta01357_20170703.jpg,quadrat_corner,385,19,769,375
Ta01357,20170703,Ta01357_20170703,Ta01357_20170703.jpg,quadrat_corner,3443,0,3818,315
Ta01357,20170703,Ta01357_20170703,Ta01357_20170703.jpg,quadrat_corner,3596,3016,3994,3433
Ta01357,20170703,Ta01357_20170703,Ta01357_20170703.jpg,quadrat_corner,307,3114,732,3456
Ta01939,20170608,Ta01939_20170608,Ta01939_20170608.jpg,clover,2093,898,3250,2284
Ta01939,20170608,Ta01939_20170608,Ta01939_20170608.jpg,quadrat,1404,210,4355,3182
Ta01939,20170608,Ta01939_20170608,Ta01939_20170608.jpg,quadrat_corner,1471,213,1770,502
Ta01939,20170608,Ta01939_20170608,Ta01939_20170608.jpg,quadrat_corner,4029,286,4343,597
Ta01939,20170608,Ta01939_20170608,Ta01939_20170608.jpg,quadrat_corner,3923,2856,4242,3173
Ta01939,20170608,Ta01939_20170608,Ta01939_20170608.jpg,quadrat_corner,1404,2768,1703,3066
Ta02189,20170703,Ta02189_20170703,Ta02189_20170703.jpg,clover,1538,703,3274,2412
Ta02189,20170703,Ta02189_20170703,Ta02189_20170703.jpg,quadrat,993,0,4529,3453
Ta02189,20170703,Ta02189_20170703,Ta02189_20170703.jpg,quadrat_corner,1009,37,1362,408
Ta02189,20170703,Ta02189_20170703,Ta02189_20170703.jpg,quadrat_corner,4090,0,4468,304
Ta02189,20170703,Ta02189_20170703,Ta02189_20170703.jpg,quadrat_corner,4160,2999,4507,3349
Ta02189,20170703,Ta02189_20170703,Ta02189_20170703.jpg,quadrat_corner,1137,3103,1529,3456
Ta01524,20170703,Ta01524_20170703,Ta01524_20170703.jpg,clover,1316,378,3365,2570
Ta01524,20170703,Ta01524_20170703,Ta01524_20170703.jpg,quadrat,485,107,4251,3456
Ta01524,20170703,Ta01524_20170703,Ta01524_20170703.jpg,quadrat_corner,674,110,1057,445
Ta01524,20170703,Ta01524_20170703,Ta01524_20170703.jpg,quadrat_corner,3706,97,4090,432
Ta01524,20170703,Ta01524_20170703,Ta01524_20170703.jpg,quadrat_corner,3850,3136,4233,3456
Ta01524,20170703,Ta01524_20170703,Ta01524_20170703.jpg,quadrat_corner,491,3130,881,3456
Ta02205,20170608,Ta02205_20170608,Ta02205_20170608.jpg,clover,1624,1285,3043,2144
Ta02205,20170608,Ta02205_20170608,Ta02205_20170608.jpg,quadrat,966,110,4005,3200
Ta02205,20170608,Ta02205_20170608,Ta02205_20170608.jpg,quadrat_corner,990,131,1316,457
Ta02205,20170608,Ta02205_20170608,Ta02205_20170608.jpg,quadrat_corner,3688,222,4017,536
Ta02205,20170608,Ta02205_20170608,Ta02205_20170608.jpg,quadrat_corner,3588,2871,3901,3161
Ta02205,20170608,Ta02205_20170608,Ta02205_20170608.jpg,quadrat_corner,978,2814,1289,3127
Ta01855,20170703,Ta01855_20170703,Ta01855_20170703.jpg,clover,2482,871,4035,2332
Ta01855,20170703,Ta01855_20170703,Ta01855_20170703.jpg,quadrat,969,0,4495,3264
Ta01855,20170703,Ta01855_20170703,Ta01855_20170703.jpg,quadrat_corner,1115,0,1459,280
Ta01855,20170703,Ta01855_20170703,Ta01855_20170703.jpg,quadrat_corner,4014,0,4379,253
Ta01855,20170703,Ta01855_20170703,Ta01855_20170703.jpg,quadrat_corner,4114,2884,4498,3261
Ta01855,20170703,Ta01855_20170703,Ta01855_20170703.jpg,quadrat_corner,981,2856,1344,3243
Ta02282,20170608,Ta02282_20170608,Ta02282_20170608.jpg,clover,2202,512,3685,2402
Ta02282,20170608,Ta02282_20170608,Ta02282_20170608.jpg,quadrat,1222,97,4099,2990
Ta02282,20170608,Ta02282_20170608,Ta02282_20170608.jpg,quadrat_corner,1219,100,1526,393
Ta02282,20170608,Ta02282_20170608,Ta02282_20170608.jpg,quadrat_corner,3795,122,4105,423
Ta02282,20170608,Ta02282_20170608,Ta02282_20170608.jpg,quadrat_corner,3749,2667,4060,2972
Ta02282,20170608,Ta02282_20170608,Ta02282_20170608.jpg,quadrat_corner,1246,2673,1548,2987
Ta00756,20170703,Ta00756_20170703,Ta00756_20170703.jpg,clover,3055,737,3877,1784
Ta00756,20170703,Ta00756_20170703,Ta00756_20170703.jpg,quadrat,1258,0,4800,3261
Ta00756,20170703,Ta00756_20170703,Ta00756_20170703.jpg,quadrat_corner,1341,0,1700,298
Ta00756,20170703,Ta00756_20170703,Ta00756_20170703.jpg,quadrat_corner,4258,0,4666,125
Ta00756,20170703,Ta00756_20170703,Ta00756_20170703.jpg,quadrat_corner,4392,2847,4787,3249
Ta00756,20170703,Ta00756_20170703,Ta00756_20170703.jpg,quadrat_corner,1249,2881,1618,3246
Ta02178,20170703,Ta02178_20170703,Ta02178_20170703.jpg,clover,1513,579,3175,2141
Ta02178,20170703,Ta02178_20170703,Ta02178_20170703.jpg,quadrat,459,0,4049,3306
Ta02178,20170703,Ta02178_20170703,Ta02178_20170703.jpg,quadrat_corner,609,0,977,245
Ta02178,20170703,Ta02178_20170703,Ta02178_20170703.jpg,quadrat_corner,3563,0,3963,240
Ta02178,20170703,Ta02178_20170703,Ta02178_20170703.jpg,quadrat_corner,3654,2890,4027,3296
Ta02178,20170703,Ta02178_20170703,Ta02178_20170703.jpg,quadrat_corner,459,2885,859,3280
Ta02065,20170608,Ta02065_20170608,Ta02065_20170608.jpg,clover,2208,1254,3430,2252
Ta02065,20170608,Ta02065_20170608,Ta02065_20170608.jpg,quadrat,1220,131,4121,3017
Ta02065,20170608,Ta02065_20170608,Ta02065_20170608.jpg,quadrat_corner,1225,110,1550,451
Ta02065,20170608,Ta02065_20170608,Ta02065_20170608.jpg,quadrat_corner,3801,131,4137,462
Ta02065,20170608,Ta02065_20170608,Ta02065_20170608.jpg,quadrat_corner,3780,2686,4110,3011
Ta02065,20170608,Ta02065_20170608,Ta02065_20170608.jpg,quadrat_corner,1262,2697,1582,3027
Ta02337,20170608,Ta02337_20170608,Ta02337_20170608.jpg,clover,2326,1131,3206,2100
Ta02337,20170608,Ta02337_20170608,Ta02337_20170608.jpg,quadrat,1196,3,4264,3007
Ta02337,20170608,Ta02337_20170608,Ta02337_20170608.jpg,quadrat_corner,1196,35,1532,351
Ta02337,20170608,Ta02337_20170608,Ta02337_20170608.jpg,quadrat_corner,3920,31,4276,371
Ta02337,20170608,Ta02337_20170608,Ta02337_20170608.jpg,quadrat_corner,3828,2667,4144,2975
Ta02337,20170608,Ta02337_20170608,Ta02337_20170608.jpg,quadrat_corner,1268,2643,1600,2967
Ta01287,20170703,Ta01287_20170703,Ta01287_20170703.jpg,clover,2078,842,3568,2420
Ta01287,20170703,Ta01287_20170703,Ta01287_20170703.jpg,quadrat,802,0,4322,3363
Ta01287,20170703,Ta01287_20170703,Ta01287_20170703.jpg,quadrat_corner,806,0,1172,328
Ta01287,20170703,Ta01287_20170703,Ta01287_20170703.jpg,quadrat_corner,3832,0,4211,236
Ta01287,20170703,Ta01287_20170703,Ta01287_20170703.jpg,quadrat_corner,3938,2864,4308,3239
Ta01287,20170703,Ta01287_20170703,Ta01287_20170703.jpg,quadrat_corner,917,2998,1320,3373
Ta01685,20170703,Ta01685_20170703,Ta01685_20170703.jpg,clover,968,379,2759,2443
Ta01685,20170703,Ta01685_20170703,Ta01685_20170703.jpg,quadrat,256,14,4017,3456
Ta01685,20170703,Ta01685_20170703,Ta01685_20170703.jpg,quadrat_corner,496,9,889,356
Ta01685,20170703,Ta01685_20170703,Ta01685_20170703.jpg,quadrat_corner,3559,64,3948,407
Ta01685,20170703,Ta01685_20170703,Ta01685_20170703.jpg,quadrat_corner,3605,3155,4012,3456
Ta01685,20170703,Ta01685_20170703,Ta01685_20170703.jpg,quadrat_corner,246,3081,644,3456
Ta02164,20170703,Ta02164_20170703,Ta02164_20170703.jpg,clover,1682,993,2906,2235
Ta02164,20170703,Ta02164_20170703,Ta02164_20170703.jpg,quadrat,847,0,4361,3456
Ta02164,20170703,Ta02164_20170703,Ta02164_20170703.jpg,quadrat_corner,844,107,1207,481
Ta02164,20170703,Ta02164_20170703,Ta02164_20170703.jpg,quadrat_corner,3865,18,4255,371
Ta02164,20170703,Ta02164_20170703,Ta02164_20170703.jpg,quadrat_corner,4005,3014,4367,3380
Ta02164,20170703,Ta02164_20170703,Ta02164_20170703.jpg,quadrat_corner,975,3167,1371,3456
Ta01925,20170703,Ta01925_20170703,Ta01925_20170703.jpg,clover,1709,359,3606,2756
Ta01925,20170703,Ta01925_20170703,Ta01925_20170703.jpg,quadrat,585,0,4020,3340
Ta01925,20170703,Ta01925_20170703,Ta01925_20170703.jpg,quadrat_corner,610,79,966,405
Ta01925,20170703,Ta01925_20170703,Ta01925_20170703.jpg,quadrat_corner,3457,0,3822,292
Ta01925,20170703,Ta01925_20170703,Ta01925_20170703.jpg,quadrat_corner,3658,2868,4026,3249
Ta01925,20170703,Ta01925_20170703,Ta01925_20170703.jpg,quadrat_corner,582,2969,942,3340
Ta01959,20170608,Ta01959_20170608,Ta01959_20170608.jpg,clover,1905,1346,3055,2430
Ta01959,20170608,Ta01959_20170608,Ta01959_20170608.jpg,quadrat,1369,339,4287,3253
Ta01959,20170608,Ta01959_20170608,Ta01959_20170608.jpg,quadrat_corner,1380,367,1676,670
Ta01959,20170608,Ta01959_20170608,Ta01959_20170608.jpg,quadrat_corner,3959,336,4273,650
Ta01959,20170608,Ta01959_20170608,Ta01959_20170608.jpg,quadrat_corner,3976,2905,4276,3222
Ta01959,20170608,Ta01959_20170608,Ta01959_20170608.jpg,quadrat_corner,1414,2933,1745,3257
Ta01073,20170703,Ta01073_20170703,Ta01073_20170703.jpg,clover,1186,727,3289,2048
Ta01073,20170703,Ta01073_20170703,Ta01073_20170703.jpg,quadrat,680,156,4019,3335
Ta01073,20170703,Ta01073_20170703,Ta01073_20170703.jpg,quadrat_corner,915,177,1261,492
Ta01073,20170703,Ta01073_20170703,Ta01073_20170703.jpg,quadrat_corner,3629,231,3955,551
Ta01073,20170703,Ta01073_20170703,Ta01073_20170703.jpg,quadrat_corner,3635,2951,4008,3329
Ta01073,20170703,Ta01073_20170703,Ta01073_20170703.jpg,quadrat_corner,701,2855,1048,3271
Ta00201,20170703,Ta00201_20170703,Ta00201_20170703.jpg,clover,1511,375,3673,2503
Ta00201,20170703,Ta00201_20170703,Ta00201_20170703.jpg,quadrat,433,0,4005,3328
Ta00201,20170703,Ta00201_20170703,Ta00201_20170703.jpg,quadrat_corner,546,0,948,253
Ta00201,20170703,Ta00201_20170703,Ta00201_20170703.jpg,quadrat_corner,3539,0,3926,265
Ta00201,20170703,Ta00201_20170703,Ta00201_20170703.jpg,quadrat_corner,3646,2926,4005,3313
Ta00201,20170703,Ta00201_20170703,Ta00201_20170703.jpg,quadrat_corner,442,2947,814,3343
Ta01970,20170703,Ta01970_20170703,Ta01970_20170703.jpg,clover,969,1157,2841,2333
Ta01970,20170703,Ta01970_20170703,Ta01970_20170703.jpg,quadrat,239,75,3767,3456
Ta01970,20170703,Ta01970_20170703,Ta01970_20170703.jpg,quadrat_corner,237,71,637,459
Ta01970,20170703,Ta01970_20170703,Ta01970_20170703.jpg,quadrat_corner,3381,151,3765,519
Ta01970,20170703,Ta01970_20170703,Ta01970_20170703.jpg,quadrat_corner,3353,3207,3713,3456
Ta01970,20170703,Ta01970_20170703,Ta01970_20170703.jpg,quadrat_corner,265,3243,661,3456
Ta01241,20170703,Ta01241_20170703,Ta01241_20170703.jpg,clover,2725,1457,3469,2329
Ta01241,20170703,Ta01241_20170703,Ta01241_20170703.jpg,quadrat,1066,101,4615,3456
Ta01241,20170703,Ta01241_20170703,Ta01241_20170703.jpg,quadrat_corner,1103,101,1491,483
Ta01241,20170703,Ta01241_20170703,Ta01241_20170703.jpg,quadrat_corner,4242,183,4615,568
Ta01241,20170703,Ta01241_20170703,Ta01241_20170703.jpg,quadrat_corner,4106,3256,4487,3456
Ta01241,20170703,Ta01241_20170703,Ta01241_20170703.jpg,quadrat_corner,1072,3207,1442,3456
Ta02252,20170703,Ta02252_20170703,Ta02252_20170703.jpg,clover,2300,679,3588,1666
Ta02252,20170703,Ta02252_20170703,Ta02252_20170703.jpg,quadrat,1423,0,4964,3456
Ta02252,20170703,Ta02252_20170703,Ta02252_20170703.jpg,quadrat_corner,1426,122,1803,499
Ta02252,20170703,Ta02252_20170703,Ta02252_20170703.jpg,quadrat_corner,4495,15,4888,375
Ta02252,20170703,Ta02252_20170703,Ta02252_20170703.jpg,quadrat_corner,4583,3069,4964,3444
Ta02252,20170703,Ta02252_20170703,Ta02252_20170703.jpg,quadrat_corner,1557,3182,1919,3456
Ta00077,20170703,Ta00077_20170703,Ta00077_20170703.jpg,clover,2013,700,3971,2579
Ta00077,20170703,Ta00077_20170703,Ta00077_20170703.jpg,quadrat,1040,28,4536,3456
Ta00077,20170703,Ta00077_20170703,Ta00077_20170703.jpg,quadrat_corner,1064,40,1416,416
Ta00077,20170703,Ta00077_20170703,Ta00077_20170703.jpg,quadrat_corner,4148,44,4528,408
Ta00077,20170703,Ta00077_20170703,Ta00077_20170703.jpg,quadrat_corner,4132,3084,4508,3456
Ta00077,20170703,Ta00077_20170703,Ta00077_20170703.jpg,quadrat_corner,1104,3108,1488,3456
Ta01173,20170703,Ta01173_20170703,Ta01173_20170703.jpg,clover,954,399,3670,3063
Ta01173,20170703,Ta01173_20170703,Ta01173_20170703.jpg,quadrat,451,0,3926,3319
Ta01173,20170703,Ta01173_20170703,Ta01173_20170703.jpg,quadrat_corner,573,61,929,393
Ta01173,20170703,Ta01173_20170703,Ta01173_20170703.jpg,quadrat_corner,3451,0,3807,323
Ta01173,20170703,Ta01173_20170703,Ta01173_20170703.jpg,quadrat_corner,3542,2911,3923,3304
Ta01173,20170703,Ta01173_20170703,Ta01173_20170703.jpg,quadrat_corner,458,2954,808,3325
Ta01724,20170703,Ta01724_20170703,Ta01724_20170703.jpg,clover,2435,606,3554,2031
Ta01724,20170703,Ta01724_20170703,Ta01724_20170703.jpg,quadrat,1102,0,4646,3363
Ta01724,20170703,Ta01724_20170703,Ta01724_20170703.jpg,quadrat_corner,1236,0,1616,296
Ta01724,20170703,Ta01724_20170703,Ta01724_20170703.jpg,quadrat_corner,4197,0,4581,278
Ta01724,20170703,Ta01724_20170703,Ta01724_20170703.jpg,quadrat_corner,4248,2966,4642,3359
Ta01724,20170703,Ta01724_20170703,Ta01724_20170703.jpg,quadrat_corner,1088,2910,1482,3308
Ta02275,20170703,Ta02275_20170703,Ta02275_20170703.jpg,clover,1663,837,3399,2445
Ta02275,20170703,Ta02275_20170703,Ta02275_20170703.jpg,quadrat,1322,79,4787,3456
Ta02275,20170703,Ta02275_20170703,Ta02275_20170703.jpg,quadrat_corner,1337,146,1697,502
Ta02275,20170703,Ta02275_20170703,Ta02275_20170703.jpg,quadrat_corner,4331,79,4699,442
Ta02275,20170703,Ta02275_20170703,Ta02275_20170703.jpg,quadrat_corner,4419,3054,4778,3447
Ta02275,20170703,Ta02275_20170703,Ta02275_20170703.jpg,quadrat_corner,1404,3164,1779,3456
Ta02144,20170608,Ta02144_20170608,Ta02144_20170608.jpg,clover,2134,1521,3095,2161
Ta02144,20170608,Ta02144_20170608,Ta02144_20170608.jpg,quadrat,1055,590,4031,3456
Ta02144,20170608,Ta02144_20170608,Ta02144_20170608.jpg,quadrat_corner,1073,611,1386,929
Ta02144,20170608,Ta02144_20170608,Ta02144_20170608.jpg,quadrat_corner,3701,593,4034,905
Ta02144,20170608,Ta02144_20170608,Ta02144_20170608.jpg,quadrat_corner,3698,3205,4022,3456
Ta02144,20170608,Ta02144_20170608,Ta02144_20170608.jpg,quadrat_corner,1128,3242,1455,3456
Ta00529,20170703,Ta00529_20170703,Ta00529_20170703.jpg,clover,1065,638,3078,2248
Ta00529,20170703,Ta00529_20170703,Ta00529_20170703.jpg,quadrat,209,0,3874,3387
Ta00529,20170703,Ta00529_20170703,Ta00529_20170703.jpg,quadrat_corner,330,0,709,315
Ta00529,20170703,Ta00529_20170703,Ta00529_20170703.jpg,quadrat_corner,3318,0,3702,268
Ta00529,20170703,Ta00529_20170703,Ta00529_20170703.jpg,quadrat_corner,3490,2919,3874,3326
Ta00529,20170703,Ta00529_20170703,Ta00529_20170703.jpg,quadrat_corner,209,2998,603,3396
Ta00431,20170703,Ta00431_20170703,Ta00431_20170703.jpg,clover,503,289,3749,2415
Ta00431,20170703,Ta00431_20170703,Ta00431_20170703.jpg,quadrat,351,0,3944,3282
Ta00431,20170703,Ta00431_20170703,Ta00431_20170703.jpg,quadrat_corner,515,0,896,238
Ta00431,20170703,Ta00431_20170703,Ta00431_20170703.jpg,quadrat_corner,3505,0,3880,210
Ta00431,20170703,Ta00431_20170703,Ta00431_20170703.jpg,quadrat_corner,3588,2902,3953,3276
Ta00431,20170703,Ta00431_20170703,Ta00431_20170703.jpg,quadrat_corner,363,2881,735,3261
Ta00392,20170703,Ta00392_20170703,Ta00392_20170703.jpg,clover,1161,198,2674,2119
Ta00392,20170703,Ta00392_20170703,Ta00392_20170703.jpg,quadrat,281,0,3810,3292
Ta00392,20170703,Ta00392_20170703,Ta00392_20170703.jpg,quadrat_corner,451,0,811,311
Ta00392,20170703,Ta00392_20170703,Ta00392_20170703.jpg,quadrat_corner,3365,0,3719,289
Ta00392,20170703,Ta00392_20170703,Ta00392_20170703.jpg,quadrat_corner,3433,2902,3813,3276
Ta00392,20170703,Ta00392_20170703,Ta00392_20170703.jpg,quadrat_corner,290,2893,662,3295
Ta02173,20170608,Ta02173_20170608,Ta02173_20170608.jpg,clover,2162,1520,3332,2820
Ta02173,20170608,Ta02173_20170608,Ta02173_20170608.jpg,quadrat,1312,497,4292,3456
Ta02173,20170608,Ta02173_20170608,Ta02173_20170608.jpg,quadrat_corner,1330,503,1650,817
Ta02173,20170608,Ta02173_20170608,Ta02173_20170608.jpg,quadrat_corner,3964,521,4281,852
Ta02173,20170608,Ta02173_20170608,Ta02173_20170608.jpg,quadrat_corner,3926,3152,4240,3456
Ta02173,20170608,Ta02173_20170608,Ta02173_20170608.jpg,quadrat_corner,1326,3128,1633,3431
Ta01720,20170703,Ta01720_20170703,Ta01720_20170703.jpg,clover,1620,583,3823,2225
Ta01720,20170703,Ta01720_20170703,Ta01720_20170703.jpg,quadrat,723,28,4387,3456
Ta01720,20170703,Ta01720_20170703,Ta01720_20170703.jpg,quadrat_corner,968,19,1338,361
Ta01720,20170703,Ta01720_20170703,Ta01720_20170703.jpg,quadrat_corner,3985,46,4364,370
Ta01720,20170703,Ta01720_20170703,Ta01720_20170703.jpg,quadrat_corner,3957,3118,4373,3456
Ta01720,20170703,Ta01720_20170703,Ta01720_20170703.jpg,quadrat_corner,737,3016,1112,3437
Ta01106,20170703,Ta01106_20170703,Ta01106_20170703.jpg,clover,2074,611,3425,2151
Ta01106,20170703,Ta01106_20170703,Ta01106_20170703.jpg,quadrat,1181,65,4669,3424
Ta01106,20170703,Ta01106_20170703,Ta01106_20170703.jpg,quadrat_corner,1260,116,1644,467
Ta01106,20170703,Ta01106_20170703,Ta01106_20170703.jpg,quadrat_corner,4151,60,4544,393
Ta01106,20170703,Ta01106_20170703,Ta01106_20170703.jpg,quadrat_corner,4267,3035,4679,3447
Ta01106,20170703,Ta01106_20170703,Ta01106_20170703.jpg,quadrat_corner,1172,3040,1556,3424
Ta02074,20170703,Ta02074_20170703,Ta02074_20170703.jpg,clover,1176,463,2991,2753
Ta02074,20170703,Ta02074_20170703,Ta02074_20170703.jpg,quadrat,190,122,3831,3456
Ta02074,20170703,Ta02074_20170703,Ta02074_20170703.jpg,quadrat_corner,366,110,741,457
Ta02074,20170703,Ta02074_20170703,Ta02074_20170703.jpg,quadrat_corner,3368,161,3746,499
Ta02074,20170703,Ta02074_20170703,Ta02074_20170703.jpg,quadrat_corner,3448,3188,3825,3456
Ta02074,20170703,Ta02074_20170703,Ta02074_20170703.jpg,quadrat_corner,193,3176,588,3456
Ta00792,20170703,Ta00792_20170703,Ta00792_20170703.jpg,clover,1520,1008,3372,3008
Ta00792,20170703,Ta00792_20170703,Ta00792_20170703.jpg,quadrat,939,0,4459,3456
Ta00792,20170703,Ta00792_20170703,Ta00792_20170703.jpg,quadrat_corner,948,0,1325,341
Ta00792,20170703,Ta00792_20170703,Ta00792_20170703.jpg,quadrat_corner,4111,0,4462,350
Ta00792,20170703,Ta00792_20170703,Ta00792_20170703.jpg,quadrat_corner,4041,3048,4419,3410
Ta00792,20170703,Ta00792_20170703,Ta00792_20170703.jpg,quadrat_corner,1003,3100,1389,3456
Ta02338,20170703,Ta02338_20170703,Ta02338_20170703.jpg,clover,1642,597,3259,2424
Ta02338,20170703,Ta02338_20170703,Ta02338_20170703.jpg,quadrat,391,0,4221,3456
Ta02338,20170703,Ta02338_20170703,Ta02338_20170703.jpg,quadrat_corner,567,0,951,241
Ta02338,20170703,Ta02338_20170703,Ta02338_20170703.jpg,quadrat_corner,3698,0,4081,228
Ta02338,20170703,Ta02338_20170703,Ta02338_20170703.jpg,quadrat_corner,3789,3027,4221,3456
Ta02338,20170703,Ta02338_20170703,Ta02338_20170703.jpg,quadrat_corner,391,3024,786,3447
Ta01587,20170703,Ta01587_20170703,Ta01587_20170703.jpg,clover,1607,574,2916,1985
Ta01587,20170703,Ta01587_20170703,Ta01587_20170703.jpg,quadrat,649,102,4160,3419
Ta01587,20170703,Ta01587_20170703,Ta01587_20170703.jpg,quadrat_corner,788,111,1153,453
Ta01587,20170703,Ta01587_20170703,Ta01587_20170703.jpg,quadrat_corner,3670,116,4063,444
Ta01587,20170703,Ta01587_20170703,Ta01587_20170703.jpg,quadrat_corner,3786,3031,4170,3410
Ta01587,20170703,Ta01587_20170703,Ta01587_20170703.jpg,quadrat_corner,640,3026,1024,3405
Ta02085,20170608,Ta02085_20170608,Ta02085_20170608.jpg,clover,2253,1777,3391,2619
Ta02085,20170608,Ta02085_20170608,Ta02085_20170608.jpg,quadrat,1551,475,4541,3441
Ta02085,20170608,Ta02085_20170608,Ta02085_20170608.jpg,quadrat_corner,1548,520,1882,861
Ta02085,20170608,Ta02085_20170608,Ta02085_20170608.jpg,quadrat_corner,4175,465,4527,792
Ta02085,20170608,Ta02085_20170608,Ta02085_20170608.jpg,quadrat_corner,4207,3089,4524,3416
Ta02085,20170608,Ta02085_20170608,Ta02085_20170608.jpg,quadrat_corner,1613,3123,1938,3437
Ta02085,20170703,Ta02085_20170703,Ta02085_20170703.jpg,clover,1956,495,3541,2350
Ta02085,20170703,Ta02085_20170703,Ta02085_20170703.jpg,quadrat,855,21,4476,3456
Ta02085,20170703,Ta02085_20170703,Ta02085_20170703.jpg,quadrat_corner,919,133,1292,479
Ta02085,20170703,Ta02085_20170703,Ta02085_20170703.jpg,quadrat_corner,3911,21,4295,357
Ta02085,20170703,Ta02085_20170703,Ta02085_20170703.jpg,quadrat_corner,4108,3077,4487,3456
Ta02085,20170703,Ta02085_20170703,Ta02085_20170703.jpg,quadrat_corner,860,3151,1255,3456
Ta00265,20170703,Ta00265_20170703,Ta00265_20170703.jpg,clover,1559,340,4096,2616
Ta00265,20170703,Ta00265_20170703,Ta00265_20170703.jpg,quadrat,1050,28,4575,3358
Ta00265,20170703,Ta00265_20170703,Ta00265_20170703.jpg,quadrat_corner,1217,55,1569,364
Ta00265,20170703,Ta00265_20170703,Ta00265_20170703.jpg,quadrat_corner,4093,28,4450,331
Ta00265,20170703,Ta00265_20170703,Ta00265_20170703.jpg,quadrat_corner,4163,2940,4566,3334
Ta00265,20170703,Ta00265_20170703,Ta00265_20170703.jpg,quadrat_corner,1063,2898,1417,3283
Ta02019,20170608,Ta02019_20170608,Ta02019_20170608.jpg,clover,1602,1064,3425,2360
Ta02019,20170608,Ta02019_20170608,Ta02019_20170608.jpg,quadrat,1273,204,4202,3151
Ta02019,20170608,Ta02019_20170608,Ta02019_20170608.jpg,quadrat_corner,1297,227,1602,523
Ta02019,20170608,Ta02019_20170608,Ta02019_20170608.jpg,quadrat_corner,3901,259,4202,574
Ta02019,20170608,Ta02019_20170608,Ta02019_20170608.jpg,quadrat_corner,3809,2836,4142,3160
Ta02019,20170608,Ta02019_20170608,Ta02019_20170608.jpg,quadrat_corner,1297,2785,1593,3118
Ta02352,20170703,Ta02352_20170703,Ta02352_20170703.jpg,clover,1386,55,3907,3139
Ta02352,20170703,Ta02352_20170703,Ta02352_20170703.jpg,quadrat,622,0,4206,3346
Ta02352,20170703,Ta02352_20170703,Ta02352_20170703.jpg,quadrat_corner,744,0,1115,289
Ta02352,20170703,Ta02352_20170703,Ta02352_20170703.jpg,quadrat_corner,3731,0,4090,304
Ta02352,20170703,Ta02352_20170703,Ta02352_20170703.jpg,quadrat_corner,3816,2944,4212,3343
Ta02352,20170703,Ta02352_20170703,Ta02352_20170703.jpg,quadrat_corner,628,2951,1009,3346
Ta02047,20170608,Ta02047_20170608,Ta02047_20170608.jpg,clover,2405,1667,3077,2399
Ta02047,20170608,Ta02047_20170608,Ta02047_20170608.jpg,quadrat,1503,818,4094,3397
Ta02047,20170608,Ta02047_20170608,Ta02047_20170608.jpg,quadrat_corner,1534,824,1803,1085
Ta02047,20170608,Ta02047_20170608,Ta02047_20170608.jpg,quadrat_corner,3807,818,4113,1112
Ta02047,20170608,Ta02047_20170608,Ta02047_20170608.jpg,quadrat_corner,3794,3121,4079,3394
Ta02047,20170608,Ta02047_20170608,Ta02047_20170608.jpg,quadrat_corner,1528,3097,1822,3391
Ta02223,20170703,Ta02223_20170703,Ta02223_20170703.jpg,clover,2530,2365,3248,3028
Ta02223,20170703,Ta02223_20170703,Ta02223_20170703.jpg,quadrat,1083,193,4521,3456
Ta02223,20170703,Ta02223_20170703,Ta02223_20170703.jpg,quadrat_corner,1087,200,1463,583
Ta02223,20170703,Ta02223_20170703,Ta02223_20170703.jpg,quadrat_corner,4125,217,4494,586
Ta02223,20170703,Ta02223_20170703,Ta02223_20170703.jpg,quadrat_corner,4108,3245,4466,3456
Ta02223,20170703,Ta02223_20170703,Ta02223_20170703.jpg,quadrat_corner,1101,3241,1470,3456
Ta02015,20170703,Ta02015_20170703,Ta02015_20170703.jpg,clover,1368,521,4020,2658
Ta02015,20170703,Ta02015_20170703,Ta02015_20170703.jpg,quadrat,966,0,4462,3319
Ta02015,20170703,Ta02015_20170703,Ta02015_20170703.jpg,quadrat_corner,999,0,1380,216
Ta02015,20170703,Ta02015_20170703,Ta02015_20170703.jpg,quadrat_corner,4075,0,4455,292
Ta02015,20170703,Ta02015_20170703,Ta02015_20170703.jpg,quadrat_corner,3987,2957,4352,3310
Ta02015,20170703,Ta02015_20170703,Ta02015_20170703.jpg,quadrat_corner,966,2908,1347,3289
Ta01378,20170703,Ta01378_20170703,Ta01378_20170703.jpg,clover,1822,1273,3277,2454
Ta01378,20170703,Ta01378_20170703,Ta01378_20170703.jpg,quadrat,792,76,4315,3456
Ta01378,20170703,Ta01378_20170703,Ta01378_20170703.jpg,quadrat_corner,805,85,1167,457
Ta01378,20170703,Ta01378_20170703,Ta01378_20170703.jpg,quadrat_corner,3947,91,4334,457
Ta01378,20170703,Ta01378_20170703,Ta01378_20170703.jpg,quadrat_corner,3920,3152,4279,3456
Ta01378,20170703,Ta01378_20170703,Ta01378_20170703.jpg,quadrat_corner,859,3231,1243,3456
Ta01807,20170703,Ta01807_20170703,Ta01807_20170703.jpg,clover,1785,837,3101,2357
Ta01807,20170703,Ta01807_20170703,Ta01807_20170703.jpg,quadrat,275,0,4075,3398
Ta01807,20170703,Ta01807_20170703,Ta01807_20170703.jpg,quadrat_corner,391,0,802,219
Ta01807,20170703,Ta01807_20170703,Ta01807_20170703.jpg,quadrat_corner,3518,0,3895,167
Ta01807,20170703,Ta01807_20170703,Ta01807_20170703.jpg,quadrat_corner,3688,2929,4081,3337
Ta01807,20170703,Ta01807_20170703,Ta01807_20170703.jpg,quadrat_corner,269,2996,689,3401
Ta01924,20170608,Ta01924_20170608,Ta01924_20170608.jpg,clover,1706,1149,2904,2393
Ta01924,20170608,Ta01924_20170608,Ta01924_20170608.jpg,quadrat,1079,294,4110,3328
Ta01924,20170608,Ta01924_20170608,Ta01924_20170608.jpg,quadrat_corner,1085,428,1403,745
Ta01924,20170608,Ta01924_20170608,Ta01924_20170608.jpg,quadrat_corner,3692,294,4027,611
Ta01924,20170608,Ta01924_20170608,Ta01924_20170608.jpg,quadrat_corner,3799,2897,4110,3211
Ta01924,20170608,Ta01924_20170608,Ta01924_20170608.jpg,quadrat_corner,1234,3018,1565,3335
Ta01977,20170608,Ta01977_20170608,Ta01977_20170608.jpg,clover,2198,1538,3090,2425
Ta01977,20170608,Ta01977_20170608,Ta01977_20170608.jpg,quadrat,1113,307,4154,3341
Ta01977,20170608,Ta01977_20170608,Ta01977_20170608.jpg,quadrat_corner,1109,414,1441,741
Ta01977,20170608,Ta01977_20170608,Ta01977_20170608.jpg,quadrat_corner,3751,324,4078,638
Ta01977,20170608,Ta01977_20170608,Ta01977_20170608.jpg,quadrat_corner,3827,2917,4147,3231
Ta01977,20170608,Ta01977_20170608,Ta01977_20170608.jpg,quadrat_corner,1265,3031,1603,3348
Ta02015,20170608,Ta02015_20170608,Ta02015_20170608.jpg,clover,2471,1087,3357,2301
Ta02015,20170608,Ta02015_20170608,Ta02015_20170608.jpg,quadrat,1459,222,4371,3122
Ta02015,20170608,Ta02015_20170608,Ta02015_20170608.jpg,quadrat_corner,1459,218,1759,526
Ta02015,20170608,Ta02015_20170608,Ta02015_20170608.jpg,quadrat_corner,4055,206,4391,530
Ta02015,20170608,Ta02015_20170608,Ta02015_20170608.jpg,quadrat_corner,4011,2826,4339,3138
Ta02015,20170608,Ta02015_20170608,Ta02015_20170608.jpg,quadrat_corner,1467,2786,1791,3106
Ta01792,20170703,Ta01792_20170703,Ta01792_20170703.jpg,clover,1334,353,3880,2841
Ta01792,20170703,Ta01792_20170703,Ta01792_20170703.jpg,quadrat,588,0,4437,3456
Ta01792,20170703,Ta01792_20170703,Ta01792_20170703.jpg,quadrat_corner,792,0,1173,280
Ta01792,20170703,Ta01792_20170703,Ta01792_20170703.jpg,quadrat_corner,3926,0,4315,298
Ta01792,20170703,Ta01792_20170703,Ta01792_20170703.jpg,quadrat_corner,4026,3100,4425,3456
Ta01792,20170703,Ta01792_20170703,Ta01792_20170703.jpg,quadrat_corner,604,3069,1009,3456
Ta02224,20170608,Ta02224_20170608,Ta02224_20170608.jpg,clover,2167,1593,2883,2529
Ta02224,20170608,Ta02224_20170608,Ta02224_20170608.jpg,quadrat,1183,243,4159,3197
Ta02224,20170608,Ta02224_20170608,Ta02224_20170608.jpg,quadrat_corner,1183,279,1504,594
Ta02224,20170608,Ta02224_20170608,Ta02224_20170608.jpg,quadrat_corner,3816,249,4143,546
Ta02224,20170608,Ta02224_20170608,Ta02224_20170608.jpg,quadrat_corner,3807,2837,4146,3164
Ta02224,20170608,Ta02224_20170608,Ta02224_20170608.jpg,quadrat_corner,1256,2891,1580,3212
Ta01469,20170703,Ta01469_20170703,Ta01469_20170703.jpg,clover,1139,554,2921,2518
Ta01469,20170703,Ta01469_20170703,Ta01469_20170703.jpg,quadrat,305,0,3801,3258
Ta01469,20170703,Ta01469_20170703,Ta01469_20170703.jpg,quadrat_corner,461,0,820,314
Ta01469,20170703,Ta01469_20170703,Ta01469_20170703.jpg,quadrat_corner,3341,0,3700,265
Ta01469,20170703,Ta01469_20170703,Ta01469_20170703.jpg,quadrat_corner,3426,2865,3792,3261
Ta01469,20170703,Ta01469_20170703,Ta01469_20170703.jpg,quadrat_corner,302,2871,671,3270
Ta01959,20170703,Ta01959_20170703,Ta01959_20170703.jpg,clover,1618,259,3816,2165
Ta01959,20170703,Ta01959_20170703,Ta01959_20170703.jpg,quadrat,725,88,4160,3371
Ta01959,20170703,Ta01959_20170703,Ta01959_20170703.jpg,quadrat_corner,844,113,1194,442
Ta01959,20170703,Ta01959_20170703,Ta01959_20170703.jpg,quadrat_corner,3685,100,4075,435
Ta01959,20170703,Ta01959_20170703,Ta01959_20170703.jpg,quadrat_corner,3773,2987,4172,3359
Ta01959,20170703,Ta01959_20170703,Ta01959_20170703.jpg,quadrat_corner,735,2990,1103,3389
Ta01432,20170703,Ta01432_20170703,Ta01432_20170703.jpg,clover,534,152,3152,2737
Ta01432,20170703,Ta01432_20170703,Ta01432_20170703.jpg,quadrat,263,0,3984,3456
Ta01432,20170703,Ta01432_20170703,Ta01432_20170703.jpg,quadrat_corner,372,0,771,295
Ta01432,20170703,Ta01432_20170703,Ta01432_20170703.jpg,quadrat_corner,3454,0,3862,268
Ta01432,20170703,Ta01432_20170703,Ta01432_20170703.jpg,quadrat_corner,3572,3021,3980,3456
Ta01432,20170703,Ta01432_20170703,Ta01432_20170703.jpg,quadrat_corner,257,3066,655,3456
Ta00123,20170703,Ta00123_20170703,Ta00123_20170703.jpg,clover,2013,130,4096,2501
Ta00123,20170703,Ta00123_20170703,Ta00123_20170703.jpg,quadrat,564,18,4186,3456
Ta00123,20170703,Ta00123_20170703,Ta00123_20170703.jpg,quadrat_corner,706,36,1082,380
Ta00123,20170703,Ta00123_20170703,Ta00123_20170703.jpg,quadrat_corner,3737,18,4120,371
Ta00123,20170703,Ta00123_20170703,Ta00123_20170703.jpg,quadrat_corner,3779,3131,4171,3453
Ta00123,20170703,Ta00123_20170703,Ta00123_20170703.jpg,quadrat_corner,567,3091,968,3456
Ta01449,20170703,Ta01449_20170703,Ta01449_20170703.jpg,clover,1394,736,3513,3317
Ta01449,20170703,Ta01449_20170703,Ta01449_20170703.jpg,quadrat,718,106,4230,3456
Ta01449,20170703,Ta01449_20170703,Ta01449_20170703.jpg,quadrat_corner,737,102,1125,495
Ta01449,20170703,Ta01449_20170703,Ta01449_20170703.jpg,quadrat_corner,3864,139,4225,514
Ta01449,20170703,Ta01449_20170703,Ta01449_20170703.jpg,quadrat_corner,3809,3183,4179,3456
Ta01449,20170703,Ta01449_20170703,Ta01449_20170703.jpg,quadrat_corner,755,3229,1153,3456
Ta02003,20170608,Ta02003_20170608,Ta02003_20170608.jpg,clover,766,0,3580,3230
Ta02003,20170608,Ta02003_20170608,Ta02003_20170608.jpg,quadrat,998,105,4005,3106
Ta02003,20170608,Ta02003_20170608,Ta02003_20170608.jpg,quadrat_corner,992,196,1336,518
Ta02003,20170608,Ta02003_20170608,Ta02003_20170608.jpg,quadrat_corner,3610,105,3945,428
Ta02003,20170608,Ta02003_20170608,Ta02003_20170608.jpg,quadrat_corner,3698,2682,4011,2986
Ta02003,20170608,Ta02003_20170608,Ta02003_20170608.jpg,quadrat_corner,1140,2808,1474,3128
Ta01973,20170703,Ta01973_20170703,Ta01973_20170703.jpg,clover,1870,749,4100,2841
Ta01973,20170703,Ta01973_20170703,Ta01973_20170703.jpg,quadrat,1463,102,4887,3456
Ta01973,20170703,Ta01973_20170703,Ta01973_20170703.jpg,quadrat_corner,1500,111,1856,467
Ta01973,20170703,Ta01973_20170703,Ta01973_20170703.jpg,quadrat_corner,4531,143,4901,504
Ta01973,20170703,Ta01973_20170703,Ta01973_20170703.jpg,quadrat_corner,4480,3155,4864,3456
Ta01973,20170703,Ta01973_20170703,Ta01973_20170703.jpg,quadrat_corner,1463,3137,1833,3456
Ta02154,20170703,Ta02154_20170703,Ta02154_20170703.jpg,clover,1164,615,4165,3254
Ta02154,20170703,Ta02154_20170703,Ta02154_20170703.jpg,quadrat,905,24,4409,3456
Ta02154,20170703,Ta02154_20170703,Ta02154_20170703.jpg,quadrat_corner,887,84,1302,482
Ta02154,20170703,Ta02154_20170703,Ta02154_20170703.jpg,quadrat_corner,3963,24,4349,407
Ta02154,20170703,Ta02154_20170703,Ta02154_20170703.jpg,quadrat_corner,4047,3043,4415,3411
Ta02154,20170703,Ta02154_20170703,Ta02154_20170703.jpg,quadrat_corner,1022,3185,1402,3456
Ta01395,20170703,Ta01395_20170703,Ta01395_20170703.jpg,clover,1495,847,3535,2395
Ta01395,20170703,Ta01395_20170703,Ta01395_20170703.jpg,quadrat,1082,157,4560,3456
Ta01395,20170703,Ta01395_20170703,Ta01395_20170703.jpg,quadrat_corner,1091,262,1465,627
Ta01395,20170703,Ta01395_20170703,Ta01395_20170703.jpg,quadrat_corner,4059,154,4451,524
Ta01395,20170703,Ta01395_20170703,Ta01395_20170703.jpg,quadrat_corner,4180,3134,4560,3456
Ta01395,20170703,Ta01395_20170703,Ta01395_20170703.jpg,quadrat_corner,1182,3260,1559,3456
Ta02322,20170608,Ta02322_20170608,Ta02322_20170608.jpg,clover,1898,603,3761,2652
Ta02322,20170608,Ta02322_20170608,Ta02322_20170608.jpg,quadrat,1289,338,4227,3264
Ta02322,20170608,Ta02322_20170608,Ta02322_20170608.jpg,quadrat_corner,1304,378,1615,694
Ta02322,20170608,Ta02322_20170608,Ta02322_20170608.jpg,quadrat_corner,3895,344,4230,658
Ta02322,20170608,Ta02322_20170608,Ta02322_20170608.jpg,quadrat_corner,3907,2926,4224,3255
Ta02322,20170608,Ta02322_20170608,Ta02322_20170608.jpg,quadrat_corner,1350,2966,1679,3261
Ta00026,20170703,Ta00026_20170703,Ta00026_20170703.jpg,clover,1322,0,3716,2429
Ta00026,20170703,Ta00026_20170703,Ta00026_20170703.jpg,quadrat,414,2,4144,3456
Ta00026,20170703,Ta00026_20170703,Ta00026_20170703.jpg,quadrat_corner,644,27,1010,350
Ta00026,20170703,Ta00026_20170703,Ta00026_20170703.jpg,quadrat_corner,3672,0,4042,361
Ta00026,20170703,Ta00026_20170703,Ta00026_20170703.jpg,quadrat_corner,3742,3077,4137,3456
Ta00026,20170703,Ta00026_20170703,Ta00026_20170703.jpg,quadrat_corner,425,3040,809,3447
Ta00809,20170703,Ta00809_20170703,Ta00809_20170703.jpg,clover,1567,383,3361,2506
Ta00809,20170703,Ta00809_20170703,Ta00809_20170703.jpg,quadrat,502,57,4305,3456
Ta00809,20170703,Ta00809_20170703,Ta00809_20170703.jpg,quadrat_corner,765,53,1150,390
Ta00809,20170703,Ta00809_20170703,Ta00809_20170703.jpg,quadrat_corner,3826,90,4217,441
Ta00809,20170703,Ta00809_20170703,Ta00809_20170703.jpg,quadrat_corner,3892,3183,4298,3456
Ta00809,20170703,Ta00809_20170703,Ta00809_20170703.jpg,quadrat_corner,494,3084,915,3456
Ta01870,20170703,Ta01870_20170703,Ta01870_20170703.jpg,clover,1589,877,3815,2389
Ta01870,20170703,Ta01870_20170703,Ta01870_20170703.jpg,quadrat,842,60,4404,3456
Ta01870,20170703,Ta01870_20170703,Ta01870_20170703.jpg,quadrat_corner,959,68,1322,412
Ta01870,20170703,Ta01870_20170703,Ta01870_20170703.jpg,quadrat_corner,3932,93,4309,437
Ta01870,20170703,Ta01870_20170703,Ta01870_20170703.jpg,quadrat_corner,4016,3128,4397,3456
Ta01870,20170703,Ta01870_20170703,Ta01870_20170703.jpg,quadrat_corner,827,3092,1212,3456
Ta01979,20170608,Ta01979_20170608,Ta01979_20170608.jpg,clover,2208,1425,3207,2418
Ta01979,20170608,Ta01979_20170608,Ta01979_20170608.jpg,quadrat,1295,533,4209,3450
Ta01979,20170608,Ta01979_20170608,Ta01979_20170608.jpg,quadrat_corner,1298,554,1602,871
Ta01979,20170608,Ta01979_20170608,Ta01979_20170608.jpg,quadrat_corner,3907,542,4221,846
Ta01979,20170608,Ta01979_20170608,Ta01979_20170608.jpg,quadrat_corner,3898,3145,4206,3435
Ta01979,20170608,Ta01979_20170608,Ta01979_20170608.jpg,quadrat_corner,1334,3158,1657,3456
Ta00299,20170703,Ta00299_20170703,Ta00299_20170703.jpg,clover,1502,493,3058,1973
Ta00299,20170703,Ta00299_20170703,Ta00299_20170703.jpg,quadrat,729,0,4413,3456
Ta00299,20170703,Ta00299_20170703,Ta00299_20170703.jpg,quadrat_corner,939,0,1325,283
Ta00299,20170703,Ta00299_20170703,Ta00299_20170703.jpg,quadrat_corner,3980,3,4361,356
Ta00299,20170703,Ta00299_20170703,Ta00299_20170703.jpg,quadrat_corner,4020,3075,4410,3456
Ta00299,20170703,Ta00299_20170703,Ta00299_20170703.jpg,quadrat_corner,732,2999,1115,3398
Ta02177,20170608,Ta02177_20170608,Ta02177_20170608.jpg,clover,2324,1276,3971,2646
Ta02177,20170608,Ta02177_20170608,Ta02177_20170608.jpg,quadrat,1435,347,4452,3292
Ta02177,20170608,Ta02177_20170608,Ta02177_20170608.jpg,quadrat_corner,1432,368,1752,694
Ta02177,20170608,Ta02177_20170608,Ta02177_20170608.jpg,quadrat_corner,4124,341,4462,670
Ta02177,20170608,Ta02177_20170608,Ta02177_20170608.jpg,quadrat_corner,4066,2972,4389,3279
Ta02177,20170608,Ta02177_20170608,Ta02177_20170608.jpg,quadrat_corner,1499,2975,1812,3282
Ta00109,20170703,Ta00109_20170703,Ta00109_20170703.jpg,clover,1511,417,3268,2250
Ta00109,20170703,Ta00109_20170703,Ta00109_20170703.jpg,quadrat,677,0,4343,3401
Ta00109,20170703,Ta00109_20170703,Ta00109_20170703.jpg,quadrat_corner,747,0,1137,244
Ta00109,20170703,Ta00109_20170703,Ta00109_20170703.jpg,quadrat_corner,3804,0,4188,225
Ta00109,20170703,Ta00109_20170703,Ta00109_20170703.jpg,quadrat_corner,3944,2957,4355,3374
Ta00109,20170703,Ta00109_20170703,Ta00109_20170703.jpg,quadrat_corner,683,3002,1082,3410
Ta01987,20170703,Ta01987_20170703,Ta01987_20170703.jpg,clover,622,195,3314,2339
Ta01987,20170703,Ta01987_20170703,Ta01987_20170703.jpg,quadrat,98,0,3694,3456
Ta01987,20170703,Ta01987_20170703,Ta01987_20170703.jpg,quadrat_corner,150,0,524,286
Ta01987,20170703,Ta01987_20170703,Ta01987_20170703.jpg,quadrat_corner,3204,0,3569,271
Ta01987,20170703,Ta01987_20170703,Ta01987_20170703.jpg,quadrat_corner,3308,2963,3694,3356
Ta01987,20170703,Ta01987_20170703,Ta01987_20170703.jpg,quadrat_corner,92,3066,482,3447
Ta00947,20170703,Ta00947_20170703,Ta00947_20170703.jpg,clover,1350,365,3621,3377
Ta00947,20170703,Ta00947_20170703,Ta00947_20170703.jpg,quadrat,610,137,4221,3456
Ta00947,20170703,Ta00947_20170703,Ta00947_20170703.jpg,quadrat_corner,759,146,1130,466
Ta00947,20170703,Ta00947_20170703,Ta00947_20170703.jpg,quadrat_corner,3737,137,4118,475
Ta00947,20170703,Ta00947_20170703,Ta00947_20170703.jpg,quadrat_corner,3837,3155,4218,3456
Ta00947,20170703,Ta00947_20170703,Ta00947_20170703.jpg,quadrat_corner,610,3136,990,3456
Ta01416,20170703,Ta01416_20170703,Ta01416_20170703.jpg,clover,1831,414,4005,2308
Ta01416,20170703,Ta01416_20170703,Ta01416_20170703.jpg,quadrat,838,0,4589,3456
Ta01416,20170703,Ta01416_20170703,Ta01416_20170703.jpg,quadrat_corner,1006,49,1380,402
Ta01416,20170703,Ta01416_20170703,Ta01416_20170703.jpg,quadrat_corner,4060,0,4459,304
Ta01416,20170703,Ta01416_20170703,Ta01416_20170703.jpg,quadrat_corner,4166,3103,4586,3456
Ta01416,20170703,Ta01416_20170703,Ta01416_20170703.jpg,quadrat_corner,847,3091,1228,3456
Ta01859,20170703,Ta01859_20170703,Ta01859_20170703.jpg,clover,1663,67,3664,2655
Ta01859,20170703,Ta01859_20170703,Ta01859_20170703.jpg,quadrat,744,0,4422,3432
Ta01859,20170703,Ta01859_20170703,Ta01859_20170703.jpg,quadrat_corner,926,0,1301,280
Ta01859,20170703,Ta01859_20170703,Ta01859_20170703.jpg,quadrat_corner,3941,0,4331,265
Ta01859,20170703,Ta01859_20170703,Ta01859_20170703.jpg,quadrat_corner,4035,2996,4425,3426
Ta01859,20170703,Ta01859_20170703,Ta01859_20170703.jpg,quadrat_corner,768,2966,1146,3374
Ta01742,20170703,Ta01742_20170703,Ta01742_20170703.jpg,clover,2025,983,3668,3198
Ta01742,20170703,Ta01742_20170703,Ta01742_20170703.jpg,quadrat,1303,0,4792,3456
Ta01742,20170703,Ta01742_20170703,Ta01742_20170703.jpg,quadrat_corner,1325,0,1684,372
Ta01742,20170703,Ta01742_20170703,Ta01742_20170703.jpg,quadrat_corner,4423,31,4785,397
Ta01742,20170703,Ta01742_20170703,Ta01742_20170703.jpg,quadrat_corner,4331,3099,4704,3456
Ta01742,20170703,Ta01742_20170703,Ta01742_20170703.jpg,quadrat_corner,1303,3062,1673,3432
Ta01214,20170703,Ta01214_20170703,Ta01214_20170703.jpg,clover,2035,265,2804,1921
Ta01214,20170703,Ta01214_20170703,Ta01214_20170703.jpg,quadrat,769,43,4357,3456
Ta01214,20170703,Ta01214_20170703,Ta01214_20170703.jpg,quadrat_corner,913,55,1285,383
Ta01214,20170703,Ta01214_20170703,Ta01214_20170703.jpg,quadrat_corner,3913,67,4273,387
Ta01214,20170703,Ta01214_20170703,Ta01214_20170703.jpg,quadrat_corner,3977,3091,4349,3456
Ta01214,20170703,Ta01214_20170703,Ta01214_20170703.jpg,quadrat_corner,765,3059,1141,3443
Ta01968,20170703,Ta01968_20170703,Ta01968_20170703.jpg,clover,2291,843,3335,1876
Ta01968,20170703,Ta01968_20170703,Ta01968_20170703.jpg,quadrat,668,0,4288,3456
Ta01968,20170703,Ta01968_20170703,Ta01968_20170703.jpg,quadrat_corner,792,0,1170,277
Ta01968,20170703,Ta01968_20170703,Ta01968_20170703.jpg,quadrat_corner,3871,0,4242,304
Ta01968,20170703,Ta01968_20170703,Ta01968_20170703.jpg,quadrat_corner,3898,3078,4288,3456
Ta01968,20170703,Ta01968_20170703,Ta01968_20170703.jpg,quadrat_corner,658,3024,1048,3432
Ta01535,20170703,Ta01535_20170703,Ta01535_20170703.jpg,clover,1048,716,2781,2673
Ta01535,20170703,Ta01535_20170703,Ta01535_20170703.jpg,quadrat,232,43,3612,3319
Ta01535,20170703,Ta01535_20170703,Ta01535_20170703.jpg,quadrat_corner,302,79,655,408
Ta01535,20170703,Ta01535_20170703,Ta01535_20170703.jpg,quadrat_corner,3134,52,3469,381
Ta01535,20170703,Ta01535_20170703,Ta01535_20170703.jpg,quadrat_corner,3244,2868,3609,3246
Ta01535,20170703,Ta01535_20170703,Ta01535_20170703.jpg,quadrat_corner,226,2947,585,3319
Ta02098,20170703,Ta02098_20170703,Ta02098_20170703.jpg,quadrat,1015,55,4516,3456
Ta02098,20170703,Ta02098_20170703,Ta02098_20170703.jpg,quadrat_corner,1009,55,1404,438
Ta02098,20170703,Ta02098_20170703,Ta02098_20170703.jpg,quadrat_corner,4142,52,4522,442
Ta02098,20170703,Ta02098_20170703,Ta02098_20170703.jpg,quadrat_corner,4114,3118,4486,3456
Ta02098,20170703,Ta02098_20170703,Ta02098_20170703.jpg,quadrat_corner,1063,3173,1456,3456
Ta02204,20170703,Ta02204_20170703,Ta02204_20170703.jpg,clover,2007,390,3326,2217
Ta02204,20170703,Ta02204_20170703,Ta02204_20170703.jpg,quadrat,890,0,4373,3261
Ta02204,20170703,Ta02204_20170703,Ta02204_20170703.jpg,quadrat_corner,1024,0,1398,301
Ta02204,20170703,Ta02204_20170703,Ta02204_20170703.jpg,quadrat_corner,3904,0,4270,320
Ta02204,20170703,Ta02204_20170703,Ta02204_20170703.jpg,quadrat_corner,4002,2874,4376,3267
Ta02204,20170703,Ta02204_20170703,Ta02204_20170703.jpg,quadrat_corner,890,2841,1267,3240
Ta00919,20170703,Ta00919_20170703,Ta00919_20170703.jpg,clover,1535,402,3472,2472
Ta00919,20170703,Ta00919_20170703,Ta00919_20170703.jpg,quadrat,686,0,4462,3456
Ta00919,20170703,Ta00919_20170703,Ta00919_20170703.jpg,quadrat_corner,862,6,1252,347
Ta00919,20170703,Ta00919_20170703,Ta00919_20170703.jpg,quadrat_corner,3920,0,4306,350
Ta00919,20170703,Ta00919_20170703,Ta00919_20170703.jpg,quadrat_corner,4014,3072,4413,3456
Ta00919,20170703,Ta00919_20170703,Ta00919_20170703.jpg,quadrat_corner,680,3045,1097,3456
Ta01797,20170703,Ta01797_20170703,Ta01797_20170703.jpg,clover,1811,1021,2568,1515
Ta01797,20170703,Ta01797_20170703,Ta01797_20170703.jpg,quadrat,459,31,3969,3448
Ta01797,20170703,Ta01797_20170703,Ta01797_20170703.jpg,quadrat_corner,535,128,897,473
Ta01797,20170703,Ta01797_20170703,Ta01797_20170703.jpg,quadrat_corner,3438,35,3818,379
Ta01797,20170703,Ta01797_20170703,Ta01797_20170703.jpg,quadrat_corner,3611,2997,3962,3383
Ta01797,20170703,Ta01797_20170703,Ta01797_20170703.jpg,quadrat_corner,462,3076,838,3448
Ta01422,20170703,Ta01422_20170703,Ta01422_20170703.jpg,clover,2851,880,3825,2214
Ta01422,20170703,Ta01422_20170703,Ta01422_20170703.jpg,quadrat,1560,0,5153,3456
Ta01422,20170703,Ta01422_20170703,Ta01422_20170703.jpg,quadrat_corner,1560,33,1934,426
Ta01422,20170703,Ta01422_20170703,Ta01422_20170703.jpg,quadrat_corner,4650,0,5052,256
Ta01422,20170703,Ta01422_20170703,Ta01422_20170703.jpg,quadrat_corner,4775,2966,5153,3343
Ta01422,20170703,Ta01422_20170703,Ta01422_20170703.jpg,quadrat_corner,1712,3109,2126,3456
Ta00741,20170703,Ta00741_20170703,Ta00741_20170703.jpg,clover,1289,122,3234,1681
Ta00741,20170703,Ta00741_20170703,Ta00741_20170703.jpg,quadrat,738,0,4230,3310
Ta00741,20170703,Ta00741_20170703,Ta00741_20170703.jpg,quadrat_corner,799,0,1164,341
Ta00741,20170703,Ta00741_20170703,Ta00741_20170703.jpg,quadrat_corner,3706,0,4078,259
Ta00741,20170703,Ta00741_20170703,Ta00741_20170703.jpg,quadrat_corner,3859,2871,4221,3252
Ta00741,20170703,Ta00741_20170703,Ta00741_20170703.jpg,quadrat_corner,741,2947,1115,3325
Ta01819,20170703,Ta01819_20170703,Ta01819_20170703.jpg,clover,2455,761,3037,1425
Ta01819,20170703,Ta01819_20170703,Ta01819_20170703.jpg,quadrat,561,6,4175,3435
Ta01819,20170703,Ta01819_20170703,Ta01819_20170703.jpg,quadrat_corner,662,0,1036,298
Ta01819,20170703,Ta01819_20170703,Ta01819_20170703.jpg,quadrat_corner,3716,0,4087,298
Ta01819,20170703,Ta01819_20170703,Ta01819_20170703.jpg,quadrat_corner,3783,3018,4178,3419
Ta01819,20170703,Ta01819_20170703,Ta01819_20170703.jpg,quadrat_corner,555,3033,957,3444
Ta01110,20170703,Ta01110_20170703,Ta01110_20170703.jpg,clover,1505,241,3941,2134
Ta01110,20170703,Ta01110_20170703,Ta01110_20170703.jpg,quadrat,1009,0,4532,3301
Ta01110,20170703,Ta01110_20170703,Ta01110_20170703.jpg,quadrat_corner,1100,0,1471,298
Ta01110,20170703,Ta01110_20170703,Ta01110_20170703.jpg,quadrat_corner,4014,0,4385,283
Ta01110,20170703,Ta01110_20170703,Ta01110_20170703.jpg,quadrat_corner,4160,2899,4532,3264
Ta01110,20170703,Ta01110_20170703,Ta01110_20170703.jpg,quadrat_corner,1009,2920,1392,3307
Ta00407,20170703,Ta00407_20170703,Ta00407_20170703.jpg,clover,3363,788,4167,1538
Ta00407,20170703,Ta00407_20170703,Ta00407_20170703.jpg,quadrat,982,0,4620,3456
Ta00407,20170703,Ta00407_20170703,Ta00407_20170703.jpg,quadrat_corner,1117,0,1486,360
Ta00407,20170703,Ta00407_20170703,Ta00407_20170703.jpg,quadrat_corner,4158,0,4561,322
Ta00407,20170703,Ta00407_20170703,Ta00407_20170703.jpg,quadrat_corner,4203,3122,4613,3456
Ta00407,20170703,Ta00407_20170703,Ta00407_20170703.jpg,quadrat_corner,979,3064,1368,3456
Ta02177,20170703,Ta02177_20170703,Ta02177_20170703.jpg,clover,904,0,3705,2539
Ta02177,20170703,Ta02177_20170703,Ta02177_20170703.jpg,quadrat,582,0,4221,3381
Ta02177,20170703,Ta02177_20170703,Ta02177_20170703.jpg,quadrat_corner,707,0,1098,221
Ta02177,20170703,Ta02177_20170703,Ta02177_20170703.jpg,quadrat_corner,3742,0,4122,247
Ta02177,20170703,Ta02177_20170703,Ta02177_20170703.jpg,quadrat_corner,3837,2964,4203,3359
Ta02177,20170703,Ta02177_20170703,Ta02177_20170703.jpg,quadrat_corner,571,2931,967,3326
Ta01462,20170703,Ta01462_20170703,Ta01462_20170703.jpg,clover,1569,667,3097,2201
Ta01462,20170703,Ta01462_20170703,Ta01462_20170703.jpg,quadrat,278,0,3877,3416
Ta01462,20170703,Ta01462_20170703,Ta01462_20170703.jpg,quadrat_corner,442,6,826,350
Ta01462,20170703,Ta01462_20170703,Ta01462_20170703.jpg,quadrat_corner,3414,27,3789,365
Ta01462,20170703,Ta01462_20170703,Ta01462_20170703.jpg,quadrat_corner,3484,3008,3877,3413
Ta01462,20170703,Ta01462_20170703,Ta01462_20170703.jpg,quadrat_corner,275,3002,662,3413
Ta01721,20170703,Ta01721_20170703,Ta01721_20170703.jpg,clover,1255,572,3362,2862
Ta01721,20170703,Ta01721_20170703,Ta01721_20170703.jpg,quadrat,521,30,4157,3410
Ta01721,20170703,Ta01721_20170703,Ta01721_20170703.jpg,quadrat_corner,674,21,1042,365
Ta01721,20170703,Ta01721_20170703,Ta01721_20170703.jpg,quadrat_corner,3624,40,3993,387
Ta01721,20170703,Ta01721_20170703,Ta01721_20170703.jpg,quadrat_corner,3773,2984,4154,3383
Ta01721,20170703,Ta01721_20170703,Ta01721_20170703.jpg,quadrat_corner,528,2996,911,3410
Ta01120,20170703,Ta01120_20170703,Ta01120_20170703.jpg,clover,2489,778,3621,1975
Ta01120,20170703,Ta01120_20170703,Ta01120_20170703.jpg,quadrat,1087,35,4657,3454
Ta01120,20170703,Ta01120_20170703,Ta01120_20170703.jpg,quadrat_corner,1259,42,1629,364
Ta01120,20170703,Ta01120_20170703,Ta01120_20170703.jpg,quadrat_corner,4203,75,4587,405
Ta01120,20170703,Ta01120_20170703,Ta01120_20170703.jpg,quadrat_corner,4269,3070,4668,3456
Ta01120,20170703,Ta01120_20170703,Ta01120_20170703.jpg,quadrat_corner,1098,2982,1468,3370
Ta01688,20170703,Ta01688_20170703,Ta01688_20170703.jpg,clover,936,262,3292,3063
Ta01688,20170703,Ta01688_20170703,Ta01688_20170703.jpg,quadrat,238,143,3755,3456
Ta01688,20170703,Ta01688_20170703,Ta01688_20170703.jpg,quadrat_corner,357,225,713,582
Ta01688,20170703,Ta01688_20170703,Ta01688_20170703.jpg,quadrat_corner,3219,131,3594,463
Ta01688,20170703,Ta01688_20170703,Ta01688_20170703.jpg,quadrat_corner,3381,3042,3752,3453
Ta01688,20170703,Ta01688_20170703,Ta01688_20170703.jpg,quadrat_corner,226,3127,619,3456
Ta02353,20170703,Ta02353_20170703,Ta02353_20170703.jpg,clover,1286,295,2854,1851
Ta02353,20170703,Ta02353_20170703,Ta02353_20170703.jpg,quadrat,628,0,4279,3456
Ta02353,20170703,Ta02353_20170703,Ta02353_20170703.jpg,quadrat_corner,686,0,1063,344
Ta02353,20170703,Ta02353_20170703,Ta02353_20170703.jpg,quadrat_corner,3737,0,4099,301
Ta02353,20170703,Ta02353_20170703,Ta02353_20170703.jpg,quadrat_corner,3898,3011,4273,3432
Ta02353,20170703,Ta02353_20170703,Ta02353_20170703.jpg,quadrat_corner,625,3091,1030,3456
Ta02283,20170703,Ta02283_20170703,Ta02283_20170703.jpg,clover,1453,24,3998,2477
Ta02283,20170703,Ta02283_20170703,Ta02283_20170703.jpg,quadrat,783,119,4393,3456
Ta02283,20170703,Ta02283_20170703,Ta02283_20170703.jpg,quadrat_corner,1003,134,1380,459
Ta02283,20170703,Ta02283_20170703,Ta02283_20170703.jpg,quadrat_corner,3965,137,4349,496
Ta02283,20170703,Ta02283_20170703,Ta02283_20170703.jpg,quadrat_corner,3994,3154,4393,3456
Ta02283,20170703,Ta02283_20170703,Ta02283_20170703.jpg,quadrat_corner,798,3073,1190,3456
Ta01384,20170703,Ta01384_20170703,Ta01384_20170703.jpg,clover,1252,984,2842,2497
Ta01384,20170703,Ta01384_20170703,Ta01384_20170703.jpg,quadrat,384,107,4142,3456
Ta01384,20170703,Ta01384_20170703,Ta01384_20170703.jpg,quadrat_corner,658,113,1036,451
Ta01384,20170703,Ta01384_20170703,Ta01384_20170703.jpg,quadrat_corner,3639,97,4017,426
Ta01384,20170703,Ta01384_20170703,Ta01384_20170703.jpg,quadrat_corner,3731,3060,4154,3456
Ta01384,20170703,Ta01384_20170703,Ta01384_20170703.jpg,quadrat_corner,381,3027,774,3456
Ta01314,20170703,Ta01314_20170703,Ta01314_20170703.jpg,clover,853,24,2530,1975
Ta01314,20170703,Ta01314_20170703,Ta01314_20170703.jpg,quadrat,410,0,3928,3242
Ta01314,20170703,Ta01314_20170703,Ta01314_20170703.jpg,quadrat_corner,480,0,868,229
Ta01314,20170703,Ta01314_20170703,Ta01314_20170703.jpg,quadrat_corner,3408,0,3800,178
Ta01314,20170703,Ta01314_20170703,Ta01314_20170703.jpg,quadrat_corner,3555,2803,3921,3194
Ta01314,20170703,Ta01314_20170703,Ta01314_20170703.jpg,quadrat_corner,410,2865,802,3245
Ta02275,20170608,Ta02275_20170608,Ta02275_20170608.jpg,clover,2534,792,3834,1961
Ta02275,20170608,Ta02275_20170608,Ta02275_20170608.jpg,quadrat,1995,0,4696,2728
Ta02275,20170608,Ta02275_20170608,Ta02275_20170608.jpg,quadrat_corner,1977,247,2269,539
Ta02275,20170608,Ta02275_20170608,Ta02275_20170608.jpg,quadrat_corner,4224,15,4535,283
Ta02275,20170608,Ta02275_20170608,Ta02275_20170608.jpg,quadrat_corner,4401,2290,4693,2597
Ta02275,20170608,Ta02275_20170608,Ta02275_20170608.jpg,quadrat_corner,2172,2451,2461,2743
Ta01983,20170703,Ta01983_20170703,Ta01983_20170703.jpg,clover,808,630,3076,3246
Ta01983,20170703,Ta01983_20170703,Ta01983_20170703.jpg,quadrat,421,0,4154,3456
Ta01983,20170703,Ta01983_20170703,Ta01983_20170703.jpg,quadrat_corner,573,9,963,347
Ta01983,20170703,Ta01983_20170703,Ta01983_20170703.jpg,quadrat_corner,3621,0,3990,308
Ta01983,20170703,Ta01983_20170703,Ta01983_20170703.jpg,quadrat_corner,3749,3030,4148,3441
Ta01983,20170703,Ta01983_20170703,Ta01983_20170703.jpg,quadrat_corner,424,3045,829,3456
Ta00294,20170703,Ta00294_20170703,Ta00294_20170703.jpg,clover,1965,420,3889,2807
Ta00294,20170703,Ta00294_20170703,Ta00294_20170703.jpg,quadrat,485,0,4041,3307
Ta00294,20170703,Ta00294_20170703,Ta00294_20170703.jpg,quadrat_corner,680,0,1045,335
Ta00294,20170703,Ta00294_20170703,Ta00294_20170703.jpg,quadrat_corner,3563,0,3932,326
Ta00294,20170703,Ta00294_20170703,Ta00294_20170703.jpg,quadrat_corner,3652,2908,4047,3301
Ta00294,20170703,Ta00294_20170703,Ta00294_20170703.jpg,quadrat_corner,494,2884,866,3292
Ta00441,20170703,Ta00441_20170703,Ta00441_20170703.jpg,clover,1630,1294,2884,2558
Ta00441,20170703,Ta00441_20170703,Ta00441_20170703.jpg,quadrat,1161,149,4635,3456
Ta00441,20170703,Ta00441_20170703,Ta00441_20170703.jpg,quadrat_corner,1222,146,1605,521
Ta00441,20170703,Ta00441_20170703,Ta00441_20170703.jpg,quadrat_corner,4251,219,4644,603
Ta00441,20170703,Ta00441_20170703,Ta00441_20170703.jpg,quadrat_corner,4163,3240,4556,3456
Ta00441,20170703,Ta00441_20170703,Ta00441_20170703.jpg,quadrat_corner,1164,3203,1529,3456
Ta02304,20170608,Ta02304_20170608,Ta02304_20170608.jpg,clover,1849,774,3745,2898
Ta02304,20170608,Ta02304_20170608,Ta02304_20170608.jpg,quadrat,1442,339,4353,3238
Ta02304,20170608,Ta02304_20170608,Ta02304_20170608.jpg,quadrat_corner,1508,364,1831,650
Ta02304,20170608,Ta02304_20170608,Ta02304_20170608.jpg,quadrat_corner,4042,383,4353,690
Ta02304,20170608,Ta02304_20170608,Ta02304_20170608.jpg,quadrat_corner,4005,2920,4331,3249
Ta02304,20170608,Ta02304_20170608,Ta02304_20170608.jpg,quadrat_corner,1450,2868,1761,3194
Ta01473,20170703,Ta01473_20170703,Ta01473_20170703.jpg,clover,1910,359,3755,2269
Ta01473,20170703,Ta01473_20170703,Ta01473_20170703.jpg,quadrat,835,30,4611,3456
Ta01473,20170703,Ta01473_20170703,Ta01473_20170703.jpg,quadrat_corner,911,73,1289,414
Ta01473,20170703,Ta01473_20170703,Ta01473_20170703.jpg,quadrat_corner,3920,27,4300,378
Ta01473,20170703,Ta01473_20170703,Ta01473_20170703.jpg,quadrat_corner,4212,2993,4614,3426
Ta01473,20170703,Ta01473_20170703,Ta01473_20170703.jpg,quadrat_corner,823,3072,1237,3456
Ta02362,20170608,Ta02362_20170608,Ta02362_20170608.jpg,clover,1950,923,3107,2588
Ta02362,20170608,Ta02362_20170608,Ta02362_20170608.jpg,quadrat,1246,426,4169,3340
Ta02362,20170608,Ta02362_20170608,Ta02362_20170608.jpg,quadrat_corner,1237,432,1569,746
Ta02362,20170608,Ta02362_20170608,Ta02362_20170608.jpg,quadrat_corner,3853,429,4175,752
Ta02362,20170608,Ta02362_20170608,Ta02362_20170608.jpg,quadrat_corner,3828,3011,4148,3334
Ta02362,20170608,Ta02362_20170608,Ta02362_20170608.jpg,quadrat_corner,1274,3027,1605,3346
Ta01519,20170703,Ta01519_20170703,Ta01519_20170703.jpg,clover,1654,317,3192,1888
Ta01519,20170703,Ta01519_20170703,Ta01519_20170703.jpg,quadrat,567,0,4017,3289
Ta01519,20170703,Ta01519_20170703,Ta01519_20170703.jpg,quadrat_corner,689,0,1048,356
Ta01519,20170703,Ta01519_20170703,Ta01519_20170703.jpg,quadrat_corner,3569,0,3929,326
Ta01519,20170703,Ta01519_20170703,Ta01519_20170703.jpg,quadrat_corner,3646,2911,4020,3267
Ta01519,20170703,Ta01519_20170703,Ta01519_20170703.jpg,quadrat_corner,582,2908,936,3295
Ta01361,20170703,Ta01361_20170703,Ta01361_20170703.jpg,clover,1358,53,3958,2517
Ta01361,20170703,Ta01361_20170703,Ta01361_20170703.jpg,quadrat,740,5,4313,3337
Ta01361,20170703,Ta01361_20170703,Ta01361_20170703.jpg,quadrat_corner,882,42,1267,379
Ta01361,20170703,Ta01361_20170703,Ta01361_20170703.jpg,quadrat_corner,3778,5,4159,331
Ta01361,20170703,Ta01361_20170703,Ta01361_20170703.jpg,quadrat_corner,3932,2927,4298,3319
Ta01361,20170703,Ta01361_20170703,Ta01361_20170703.jpg,quadrat_corner,743,2934,1113,3341
Ta02237,20170703,Ta02237_20170703,Ta02237_20170703.jpg,clover,1746,810,2915,1863
Ta02237,20170703,Ta02237_20170703,Ta02237_20170703.jpg,quadrat,747,104,4026,3310
Ta02237,20170703,Ta02237_20170703,Ta02237_20170703.jpg,quadrat_corner,859,91,1207,435
Ta02237,20170703,Ta02237_20170703,Ta02237_20170703.jpg,quadrat_corner,3643,137,3990,469
Ta02237,20170703,Ta02237_20170703,Ta02237_20170703.jpg,quadrat_corner,3676,2947,4020,3298
Ta02237,20170703,Ta02237_20170703,Ta02237_20170703.jpg,quadrat_corner,747,2905,1109,3273
Ta00773,20170703,Ta00773_20170703,Ta00773_20170703.jpg,clover,1040,551,4089,2466
Ta00773,20170703,Ta00773_20170703,Ta00773_20170703.jpg,quadrat,831,0,4324,3267
Ta00773,20170703,Ta00773_20170703,Ta00773_20170703.jpg,quadrat_corner,937,0,1292,276
Ta00773,20170703,Ta00773_20170703,Ta00773_20170703.jpg,quadrat_corner,3840,0,4203,273
Ta00773,20170703,Ta00773_20170703,Ta00773_20170703.jpg,quadrat_corner,3936,2883,4313,3253
Ta00773,20170703,Ta00773_20170703,Ta00773_20170703.jpg,quadrat_corner,831,2876,1201,3267
Ta02368,20170608,Ta02368_20170608,Ta02368_20170608.jpg,clover,1924,1537,3066,2865
Ta02368,20170608,Ta02368_20170608,Ta02368_20170608.jpg,quadrat,1149,459,4085,3392
Ta02368,20170608,Ta02368_20170608,Ta02368_20170608.jpg,quadrat_corner,1149,501,1458,807
Ta02368,20170608,Ta02368_20170608,Ta02368_20170608.jpg,quadrat_corner,3731,456,4049,768
Ta02368,20170608,Ta02368_20170608,Ta02368_20170608.jpg,quadrat_corner,3767,3028,4079,3341
Ta02368,20170608,Ta02368_20170608,Ta02368_20170608.jpg,quadrat_corner,1212,3083,1546,3398
Ta02323,20170703,Ta02323_20170703,Ta02323_20170703.jpg,clover,1431,0,4100,3066
Ta02323,20170703,Ta02323_20170703,Ta02323_20170703.jpg,quadrat,1223,0,4778,3308
Ta02323,20170703,Ta02323_20170703,Ta02323_20170703.jpg,quadrat_corner,1362,0,1754,291
Ta02323,20170703,Ta02323_20170703,Ta02323_20170703.jpg,quadrat_corner,4280,0,4657,298
Ta02323,20170703,Ta02323_20170703,Ta02323_20170703.jpg,quadrat_corner,4386,2916,4778,3304
Ta02323,20170703,Ta02323_20170703,Ta02323_20170703.jpg,quadrat_corner,1230,2868,1596,3264
Ta00239,20170703,Ta00239_20170703,Ta00239_20170703.jpg,clover,1733,856,3399,2783
Ta00239,20170703,Ta00239_20170703,Ta00239_20170703.jpg,quadrat,1328,33,4815,3456
Ta00239,20170703,Ta00239_20170703,Ta00239_20170703.jpg,quadrat_corner,1383,40,1770,408
Ta00239,20170703,Ta00239_20170703,Ta00239_20170703.jpg,quadrat_corner,4434,107,4827,478
Ta00239,20170703,Ta00239_20170703,Ta00239_20170703.jpg,quadrat_corner,4346,3145,4730,3456
Ta00239,20170703,Ta00239_20170703,Ta00239_20170703.jpg,quadrat_corner,1334,3075,1694,3456
Ta02082,20170608,Ta02082_20170608,Ta02082_20170608.jpg,clover,2361,1105,3399,2220
Ta02082,20170608,Ta02082_20170608,Ta02082_20170608.jpg,quadrat,1733,76,4684,3039
Ta02082,20170608,Ta02082_20170608,Ta02082_20170608.jpg,quadrat_corner,1724,97,2047,420
Ta02082,20170608,Ta02082_20170608,Ta02082_20170608.jpg,quadrat_corner,4358,76,4696,408
Ta02082,20170608,Ta02082_20170608,Ta02082_20170608.jpg,quadrat_corner,4340,2692,4669,3030
Ta02082,20170608,Ta02082_20170608,Ta02082_20170608.jpg,quadrat_corner,1739,2689,2077,3011
Ta00325,20170703,Ta00325_20170703,Ta00325_20170703.jpg,clover,1995,551,3683,2202
Ta00325,20170703,Ta00325_20170703,Ta00325_20170703.jpg,quadrat,125,0,4012,3392
Ta00325,20170703,Ta00325_20170703,Ta00325_20170703.jpg,quadrat_corner,388,60,772,386
Ta00325,20170703,Ta00325_20170703,Ta00325_20170703.jpg,quadrat_corner,3405,0,3804,320
Ta00325,20170703,Ta00325_20170703,Ta00325_20170703.jpg,quadrat_corner,3606,2934,4012,3366
Ta00325,20170703,Ta00325_20170703,Ta00325_20170703.jpg,quadrat_corner,121,2978,535,3410
Ta01893,20170703,Ta01893_20170703,Ta01893_20170703.jpg,clover,1551,932,3326,2259
Ta01893,20170703,Ta01893_20170703,Ta01893_20170703.jpg,quadrat,467,52,3901,3398
Ta01893,20170703,Ta01893_20170703,Ta01893_20170703.jpg,quadrat_corner,546,61,926,423
Ta01893,20170703,Ta01893_20170703,Ta01893_20170703.jpg,quadrat_corner,3435,49,3807,396
Ta01893,20170703,Ta01893_20170703,Ta01893_20170703.jpg,quadrat_corner,3527,2975,3920,3343
Ta01893,20170703,Ta01893_20170703,Ta01893_20170703.jpg,quadrat_corner,473,3014,859,3395
Ta00370,20170703,Ta00370_20170703,Ta00370_20170703.jpg,clover,1168,591,2940,2407
Ta00370,20170703,Ta00370_20170703,Ta00370_20170703.jpg,quadrat,509,57,3972,3456
Ta00370,20170703,Ta00370_20170703,Ta00370_20170703.jpg,quadrat_corner,560,64,937,430
Ta00370,20170703,Ta00370_20170703,Ta00370_20170703.jpg,quadrat_corner,3599,145,3991,518
Ta00370,20170703,Ta00370_20170703,Ta00370_20170703.jpg,quadrat_corner,3544,3150,3910,3456
Ta00370,20170703,Ta00370_20170703,Ta00370_20170703.jpg,quadrat_corner,491,3139,904,3456
Ta01949,20170703,Ta01949_20170703,Ta01949_20170703.jpg,clover,1417,723,3288,2590
Ta01949,20170703,Ta01949_20170703,Ta01949_20170703.jpg,quadrat,351,38,3782,3256
Ta01949,20170703,Ta01949_20170703,Ta01949_20170703.jpg,quadrat_corner,531,75,882,383
Ta01949,20170703,Ta01949_20170703,Ta01949_20170703.jpg,quadrat_corner,3339,53,3712,361
Ta01949,20170703,Ta01949_20170703,Ta01949_20170703.jpg,quadrat_corner,3416,2894,3793,3260
Ta01949,20170703,Ta01949_20170703,Ta01949_20170703.jpg,quadrat_corner,344,2872,707,3260
Ta01245,20170703,Ta01245_20170703,Ta01245_20170703.jpg,clover,2424,1188,3148,1968
Ta01245,20170703,Ta01245_20170703,Ta01245_20170703.jpg,quadrat,809,42,4302,3432
Ta01245,20170703,Ta01245_20170703,Ta01245_20170703.jpg,quadrat_corner,875,115,1230,467
Ta01245,20170703,Ta01245_20170703,Ta01245_20170703.jpg,quadrat_corner,3760,27,4155,368
Ta01245,20170703,Ta01245_20170703,Ta01245_20170703.jpg,quadrat_corner,3943,2986,4291,3377
Ta01245,20170703,Ta01245_20170703,Ta01245_20170703.jpg,quadrat_corner,824,3062,1183,3436
Ta00218,20170703,Ta00218_20170703,Ta00218_20170703.jpg,clover,1256,1243,2680,3033
Ta00218,20170703,Ta00218_20170703,Ta00218_20170703.jpg,quadrat,410,0,4038,3456
Ta00218,20170703,Ta00218_20170703,Ta00218_20170703.jpg,quadrat_corner,406,13,827,408
Ta00218,20170703,Ta00218_20170703,Ta00218_20170703.jpg,quadrat_corner,3515,0,3906,247
Ta00218,20170703,Ta00218_20170703,Ta00218_20170703.jpg,quadrat_corner,3676,2898,4034,3275
Ta00218,20170703,Ta00218_20170703,Ta00218_20170703.jpg,quadrat_corner,626,3117,1036,3456
Ta01698,20170703,Ta01698_20170703,Ta01698_20170703.jpg,clover,1417,834,2796,2250
Ta01698,20170703,Ta01698_20170703,Ta01698_20170703.jpg,quadrat,497,0,4069,3456
Ta01698,20170703,Ta01698_20170703,Ta01698_20170703.jpg,quadrat_corner,549,30,929,378
Ta01698,20170703,Ta01698_20170703,Ta01698_20170703.jpg,quadrat_corner,3502,0,3877,341
Ta01698,20170703,Ta01698_20170703,Ta01698_20170703.jpg,quadrat_corner,3694,2951,4081,3362
Ta01698,20170703,Ta01698_20170703,Ta01698_20170703.jpg,quadrat_corner,497,3054,887,3456
Ta01687,20170703,Ta01687_20170703,Ta01687_20170703.jpg,clover,1828,1455,3174,2789
Ta01687,20170703,Ta01687_20170703,Ta01687_20170703.jpg,quadrat,870,0,4439,3456
Ta01687,20170703,Ta01687_20170703,Ta01687_20170703.jpg,quadrat_corner,849,68,1249,475
Ta01687,20170703,Ta01687_20170703,Ta01687_20170703.jpg,quadrat_corner,3901,0,4305,296
Ta01687,20170703,Ta01687_20170703,Ta01687_20170703.jpg,quadrat_corner,4053,2913,4442,3327
Ta01687,20170703,Ta01687_20170703,Ta01687_20170703.jpg,quadrat_corner,1046,3120,1449,3456
Ta01541,20170703,Ta01541_20170703,Ta01541_20170703.jpg,clover,1398,652,3012,2485
Ta01541,20170703,Ta01541_20170703,Ta01541_20170703.jpg,quadrat,631,104,4047,3456
Ta01541,20170703,Ta01541_20170703,Ta01541_20170703.jpg,quadrat_corner,671,195,1036,536
Ta01541,20170703,Ta01541_20170703,Ta01541_20170703.jpg,quadrat_corner,3493,91,3877,448
Ta01541,20170703,Ta01541_20170703,Ta01541_20170703.jpg,quadrat_corner,3667,2990,4041,3368
Ta01541,20170703,Ta01541_20170703,Ta01541_20170703.jpg,quadrat_corner,631,3078,1006,3453
Ta01958,20170703,Ta01958_20170703,Ta01958_20170703.jpg,clover,719,146,3320,3334
Ta01958,20170703,Ta01958_20170703,Ta01958_20170703.jpg,quadrat,229,0,4090,3456
Ta01958,20170703,Ta01958_20170703,Ta01958_20170703.jpg,quadrat_corner,351,0,750,329
Ta01958,20170703,Ta01958_20170703,Ta01958_20170703.jpg,quadrat_corner,3527,0,3917,298
Ta01958,20170703,Ta01958_20170703,Ta01958_20170703.jpg,quadrat_corner,3679,3109,4093,3456
Ta01958,20170703,Ta01958_20170703,Ta01958_20170703.jpg,quadrat_corner,235,3176,677,3456
Ta02289,20170608,Ta02289_20170608,Ta02289_20170608.jpg,clover,1898,1315,3819,3060
Ta02289,20170608,Ta02289_20170608,Ta02289_20170608.jpg,quadrat,1307,551,4294,3456
Ta02289,20170608,Ta02289_20170608,Ta02289_20170608.jpg,quadrat_corner,1353,554,1672,874
Ta02289,20170608,Ta02289_20170608,Ta02289_20170608.jpg,quadrat_corner,3971,594,4291,910
Ta02289,20170608,Ta02289_20170608,Ta02289_20170608.jpg,quadrat_corner,3923,3206,4251,3456
Ta02289,20170608,Ta02289_20170608,Ta02289_20170608.jpg,quadrat_corner,1319,3173,1648,3456
Ta00524,20170703,Ta00524_20170703,Ta00524_20170703.jpg,clover,933,923,1974,1854
Ta00524,20170703,Ta00524_20170703,Ta00524_20170703.jpg,quadrat,482,82,3987,3456
Ta00524,20170703,Ta00524_20170703,Ta00524_20170703.jpg,quadrat_corner,470,155,862,545
Ta00524,20170703,Ta00524_20170703,Ta00524_20170703.jpg,quadrat_corner,3530,91,3926,463
Ta00524,20170703,Ta00524_20170703,Ta00524_20170703.jpg,quadrat_corner,3621,3078,3993,3456
Ta00524,20170703,Ta00524_20170703,Ta00524_20170703.jpg,quadrat_corner,582,3234,981,3456
Ta02234,20170608,Ta02234_20170608,Ta02234_20170608.jpg,clover,2102,1300,2711,1964
Ta02234,20170608,Ta02234_20170608,Ta02234_20170608.jpg,quadrat,1082,131,4133,3167
Ta02234,20170608,Ta02234_20170608,Ta02234_20170608.jpg,quadrat_corner,1091,128,1426,463
Ta02234,20170608,Ta02234_20170608,Ta02234_20170608.jpg,quadrat_corner,3792,216,4121,551
Ta02234,20170608,Ta02234_20170608,Ta02234_20170608.jpg,quadrat_corner,3655,2847,3996,3170
Ta02234,20170608,Ta02234_20170608,Ta02234_20170608.jpg,quadrat_corner,1088,2789,1414,3121
Ta01907,20170703,Ta01907_20170703,Ta01907_20170703.jpg,clover,1870,46,4261,3456
Ta01907,20170703,Ta01907_20170703,Ta01907_20170703.jpg,quadrat,1039,219,4449,3456
Ta01907,20170703,Ta01907_20170703,Ta01907_20170703.jpg,quadrat_corner,1140,274,1499,630
Ta01907,20170703,Ta01907_20170703,Ta01907_20170703.jpg,quadrat_corner,3984,228,4364,579
Ta01907,20170703,Ta01907_20170703,Ta01907_20170703.jpg,quadrat_corner,4054,3170,4477,3456
Ta01907,20170703,Ta01907_20170703,Ta01907_20170703.jpg,quadrat_corner,1036,3161,1429,3456
Ta00435,20170703,Ta00435_20170703,Ta00435_20170703.jpg,clover,461,375,3615,2713
Ta00435,20170703,Ta00435_20170703,Ta00435_20170703.jpg,quadrat,217,0,3895,3456
Ta00435,20170703,Ta00435_20170703,Ta00435_20170703.jpg,quadrat_corner,342,9,735,350
Ta00435,20170703,Ta00435_20170703,Ta00435_20170703.jpg,quadrat_corner,3387,0,3758,311
Ta00435,20170703,Ta00435_20170703,Ta00435_20170703.jpg,quadrat_corner,3505,3030,3914,3447
Ta00435,20170703,Ta00435_20170703,Ta00435_20170703.jpg,quadrat_corner,214,3069,622,3456
Ta02205,20170703,Ta02205_20170703,Ta02205_20170703.jpg,clover,1566,545,3554,2460
Ta02205,20170703,Ta02205_20170703,Ta02205_20170703.jpg,quadrat,744,0,4571,3456
Ta02205,20170703,Ta02205_20170703,Ta02205_20170703.jpg,quadrat_corner,896,0,1298,344
Ta02205,20170703,Ta02205_20170703,Ta02205_20170703.jpg,quadrat_corner,3993,0,4379,338
Ta02205,20170703,Ta02205_20170703,Ta02205_20170703.jpg,quadrat_corner,4166,3091,4559,3456
Ta02205,20170703,Ta02205_20170703,Ta02205_20170703.jpg,quadrat_corner,744,3085,1170,3456
Ta01712,20170703,Ta01712_20170703,Ta01712_20170703.jpg,clover,1486,965,3207,2997
Ta01712,20170703,Ta01712_20170703,Ta01712_20170703.jpg,quadrat,879,126,4368,3456
Ta01712,20170703,Ta01712_20170703,Ta01712_20170703.jpg,quadrat_corner,897,145,1267,496
Ta01712,20170703,Ta01712_20170703,Ta01712_20170703.jpg,quadrat_corner,3980,141,4364,507
Ta01712,20170703,Ta01712_20170703,Ta01712_20170703.jpg,quadrat_corner,3947,3191,4316,3456
Ta01712,20170703,Ta01712_20170703,Ta01712_20170703.jpg,quadrat_corner,904,3216,1300,3456
Ta02165,20170703,Ta02165_20170703,Ta02165_20170703.jpg,clover,1252,713,2906,2564
Ta02165,20170703,Ta02165_20170703,Ta02165_20170703.jpg,quadrat,878,0,4331,3374
Ta02165,20170703,Ta02165_20170703,Ta02165_20170703.jpg,quadrat_corner,869,0,1277,283
Ta02165,20170703,Ta02165_20170703,Ta02165_20170703.jpg,quadrat_corner,3953,0,4334,338
Ta02165,20170703,Ta02165_20170703,Ta02165_20170703.jpg,quadrat_corner,3907,2975,4279,3343
Ta02165,20170703,Ta02165_20170703,Ta02165_20170703.jpg,quadrat_corner,893,3008,1277,3371
Ta02237,20170608,Ta02237_20170608,Ta02237_20170608.jpg,clover,2017,1605,3390,2506
Ta02237,20170608,Ta02237_20170608,Ta02237_20170608.jpg,quadrat,1353,405,4331,3380
Ta02237,20170608,Ta02237_20170608,Ta02237_20170608.jpg,quadrat_corner,1371,487,1691,801
Ta02237,20170608,Ta02237_20170608,Ta02237_20170608.jpg,quadrat_corner,3944,420,4303,743
Ta02237,20170608,Ta02237_20170608,Ta02237_20170608.jpg,quadrat_corner,3993,3018,4325,3349
Ta02237,20170608,Ta02237_20170608,Ta02237_20170608.jpg,quadrat_corner,1423,3048,1770,3392
Ta00138,20170703,Ta00138_20170703,Ta00138_20170703.jpg,clover,1285,745,3335,2715
Ta00138,20170703,Ta00138_20170703,Ta00138_20170703.jpg,quadrat,641,16,4239,3456
Ta00138,20170703,Ta00138_20170703,Ta00138_20170703.jpg,quadrat_corner,652,93,1043,489
Ta00138,20170703,Ta00138_20170703,Ta00138_20170703.jpg,quadrat_corner,3800,24,4192,397
Ta00138,20170703,Ta00138_20170703,Ta00138_20170703.jpg,quadrat_corner,802,3224,1204,3456
Ta00138,20170703,Ta00138_20170703,Ta00138_20170703.jpg,quadrat_corner,3859,3088,4236,3456
Ta02031,20170608,Ta02031_20170608,Ta02031_20170608.jpg,clover,2016,1071,3124,2145
Ta02031,20170608,Ta02031_20170608,Ta02031_20170608.jpg,quadrat,1217,0,4172,2870
Ta02031,20170608,Ta02031_20170608,Ta02031_20170608.jpg,quadrat_corner,1213,0,1565,311
Ta02031,20170608,Ta02031_20170608,Ta02031_20170608.jpg,quadrat_corner,3817,0,4165,276
Ta02031,20170608,Ta02031_20170608,Ta02031_20170608.jpg,quadrat_corner,3810,2518,4158,2866
Ta02031,20170608,Ta02031_20170608,Ta02031_20170608.jpg,quadrat_corner,1300,2563,1631,2890
Ta01408,20170703,Ta01408_20170703,Ta01408_20170703.jpg,clover,1681,1027,2385,3045
Ta01408,20170703,Ta01408_20170703,Ta01408_20170703.jpg,quadrat,743,0,4274,3268
Ta01408,20170703,Ta01408_20170703,Ta01408_20170703.jpg,quadrat_corner,812,0,1163,281
Ta01408,20170703,Ta01408_20170703,Ta01408_20170703.jpg,quadrat_corner,3743,0,4126,202
Ta01408,20170703,Ta01408_20170703,Ta01408_20170703.jpg,quadrat_corner,3877,2840,4263,3230
Ta01408,20170703,Ta01408_20170703,Ta01408_20170703.jpg,quadrat_corner,743,2888,1126,3268
Ta00079,20170703,Ta00079_20170703,Ta00079_20170703.jpg,clover,1197,332,4510,2981
Ta00079,20170703,Ta00079_20170703,Ta00079_20170703.jpg,quadrat,1076,3,4635,3368
Ta00079,20170703,Ta00079_20170703,Ta00079_20170703.jpg,quadrat_corner,1197,0,1581,277
Ta00079,20170703,Ta00079_20170703,Ta00079_20170703.jpg,quadrat_corner,4151,0,4535,289
Ta00079,20170703,Ta00079_20170703,Ta00079_20170703.jpg,quadrat_corner,4242,2960,4644,3365
Ta00079,20170703,Ta00079_20170703,Ta00079_20170703.jpg,quadrat_corner,1060,2908,1475,3316
Ta01610,20170703,Ta01610_20170703,Ta01610_20170703.jpg,clover,1873,722,3725,2491
Ta01610,20170703,Ta01610_20170703,Ta01610_20170703.jpg,quadrat,1237,0,4748,3401
Ta01610,20170703,Ta01610_20170703,Ta01610_20170703.jpg,quadrat_corner,1237,0,1608,341
Ta01610,20170703,Ta01610_20170703,Ta01610_20170703.jpg,quadrat_corner,4315,0,4708,225
Ta01610,20170703,Ta01610_20170703,Ta01610_20170703.jpg,quadrat_corner,4367,2920,4760,3310
Ta01610,20170703,Ta01610_20170703,Ta01610_20170703.jpg,quadrat_corner,1337,3018,1739,3404
Ta01292,20170703,Ta01292_20170703,Ta01292_20170703.jpg,clover,1932,926,3947,2923
Ta01292,20170703,Ta01292_20170703,Ta01292_20170703.jpg,quadrat,1341,24,4836,3456
Ta01292,20170703,Ta01292_20170703,Ta01292_20170703.jpg,quadrat_corner,1365,37,1758,414
Ta01292,20170703,Ta01292_20170703,Ta01292_20170703.jpg,quadrat_corner,4446,40,4842,432
Ta01292,20170703,Ta01292_20170703,Ta01292_20170703.jpg,quadrat_corner,4392,3109,4781,3456
Ta01292,20170703,Ta01292_20170703,Ta01292_20170703.jpg,quadrat_corner,1359,3085,1758,3456
Ta02284,20170703,Ta02284_20170703,Ta02284_20170703.jpg,clover,2006,701,4097,1953
Ta02284,20170703,Ta02284_20170703,Ta02284_20170703.jpg,quadrat,772,0,4316,3396
Ta02284,20170703,Ta02284_20170703,Ta02284_20170703.jpg,quadrat_corner,908,0,1270,309
Ta02284,20170703,Ta02284_20170703,Ta02284_20170703.jpg,quadrat_corner,3870,0,4247,309
Ta02284,20170703,Ta02284_20170703,Ta02284_20170703.jpg,quadrat_corner,3921,2993,4316,3396
Ta02284,20170703,Ta02284_20170703,Ta02284_20170703.jpg,quadrat_corner,769,2949,1139,3352
Ta00632,20170703,Ta00632_20170703,Ta00632_20170703.jpg,clover,1281,1027,3174,2674
Ta00632,20170703,Ta00632_20170703,Ta00632_20170703.jpg,quadrat,937,97,4470,3456
Ta00632,20170703,Ta00632_20170703,Ta00632_20170703.jpg,quadrat_corner,915,148,1314,525
Ta00632,20170703,Ta00632_20170703,Ta00632_20170703.jpg,quadrat_corner,4020,90,4419,456
Ta00632,20170703,Ta00632_20170703,Ta00632_20170703.jpg,quadrat_corner,4082,3147,4463,3456
Ta00632,20170703,Ta00632_20170703,Ta00632_20170703.jpg,quadrat_corner,1051,3260,1439,3456
Ta01968,20170608,Ta01968_20170608,Ta01968_20170608.jpg,clover,2111,1839,2677,2345
Ta01968,20170608,Ta01968_20170608,Ta01968_20170608.jpg,quadrat,1118,676,4057,3456
Ta01968,20170608,Ta01968_20170608,Ta01968_20170608.jpg,quadrat_corner,1133,700,1447,1002
Ta01968,20170608,Ta01968_20170608,Ta01968_20170608.jpg,quadrat_corner,3722,673,4029,984
Ta01968,20170608,Ta01968_20170608,Ta01968_20170608.jpg,quadrat_corner,3746,3249,4054,3456
Ta01968,20170608,Ta01968_20170608,Ta01968_20170608.jpg,quadrat_corner,1143,3289,1478,3456
Ta02063,20170608,Ta02063_20170608,Ta02063_20170608.jpg,clover,2525,1553,3634,2097
Ta02063,20170608,Ta02063_20170608,Ta02063_20170608.jpg,quadrat,1398,442,4298,3348
Ta02063,20170608,Ta02063_20170608,Ta02063_20170608.jpg,quadrat_corner,1405,438,1698,752
Ta02063,20170608,Ta02063_20170608,Ta02063_20170608.jpg,quadrat_corner,3974,455,4294,769
Ta02063,20170608,Ta02063_20170608,Ta02063_20170608.jpg,quadrat_corner,3946,3038,4260,3362
Ta02063,20170608,Ta02063_20170608,Ta02063_20170608.jpg,quadrat_corner,1394,3017,1705,3338
Ta01146,20170703,Ta01146_20170703,Ta01146_20170703.jpg,clover,795,466,3180,2305
Ta01146,20170703,Ta01146_20170703,Ta01146_20170703.jpg,quadrat,439,97,4108,3456
Ta01146,20170703,Ta01146_20170703,Ta01146_20170703.jpg,quadrat_corner,598,146,981,493
Ta01146,20170703,Ta01146_20170703,Ta01146_20170703.jpg,quadrat_corner,3545,94,3914,423
Ta01146,20170703,Ta01146_20170703,Ta01146_20170703.jpg,quadrat_corner,3716,3042,4111,3447
Ta01146,20170703,Ta01146_20170703,Ta01146_20170703.jpg,quadrat_corner,454,3081,859,3456
Ta01784,20170703,Ta01784_20170703,Ta01784_20170703.jpg,clover,1018,719,3013,2938
Ta01784,20170703,Ta01784_20170703,Ta01784_20170703.jpg,quadrat,329,68,3969,3429
Ta01784,20170703,Ta01784_20170703,Ta01784_20170703.jpg,quadrat_corner,505,64,860,401
Ta01784,20170703,Ta01784_20170703,Ta01784_20170703.jpg,quadrat_corner,3452,75,3826,390
Ta01784,20170703,Ta01784_20170703,Ta01784_20170703.jpg,quadrat_corner,3588,3029,3969,3432
Ta01784,20170703,Ta01784_20170703,Ta01784_20170703.jpg,quadrat_corner,333,3033,718,3443
Ta01956,20170703,Ta01956_20170703,Ta01956_20170703.jpg,clover,1557,381,2869,2037
Ta01956,20170703,Ta01956_20170703,Ta01956_20170703.jpg,quadrat,634,0,4255,3453
Ta01956,20170703,Ta01956_20170703,Ta01956_20170703.jpg,quadrat_corner,674,0,1063,295
Ta01956,20170703,Ta01956_20170703,Ta01956_20170703.jpg,quadrat_corner,3789,0,4185,222
Ta01956,20170703,Ta01956_20170703,Ta01956_20170703.jpg,quadrat_corner,3853,3030,4264,3450
Ta01956,20170703,Ta01956_20170703,Ta01956_20170703.jpg,quadrat_corner,625,3063,1018,3456
Ta00882,20170703,Ta00882_20170703,Ta00882_20170703.jpg,clover,1300,1001,3317,2821
Ta00882,20170703,Ta00882_20170703,Ta00882_20170703.jpg,quadrat,626,53,4126,3308
Ta00882,20170703,Ta00882_20170703,Ta00882_20170703.jpg,quadrat_corner,725,82,1109,394
Ta00882,20170703,Ta00882_20170703,Ta00882_20170703.jpg,quadrat_corner,3591,49,3936,357
Ta00882,20170703,Ta00882_20170703,Ta00882_20170703.jpg,quadrat_corner,3767,2872,4126,3264
Ta00882,20170703,Ta00882_20170703,Ta00882_20170703.jpg,quadrat_corner,622,2927,1007,3315
Ta00995,20170703,Ta00995_20170703,Ta00995_20170703.jpg,clover,1535,448,3420,3072
Ta00995,20170703,Ta00995_20170703,Ta00995_20170703.jpg,quadrat,302,88,3773,3456
Ta00995,20170703,Ta00995_20170703,Ta00995_20170703.jpg,quadrat_corner,442,110,817,451
Ta00995,20170703,Ta00995_20170703,Ta00995_20170703.jpg,quadrat_corner,3353,82,3728,435
Ta00995,20170703,Ta00995_20170703,Ta00995_20170703.jpg,quadrat_corner,3396,3069,3786,3456
Ta00995,20170703,Ta00995_20170703,Ta00995_20170703.jpg,quadrat_corner,287,3066,674,3438
Ta01708,20170703,Ta01708_20170703,Ta01708_20170703.jpg,clover,1051,274,2906,2226
Ta01708,20170703,Ta01708_20170703,Ta01708_20170703.jpg,quadrat,217,0,3980,3386
Ta01708,20170703,Ta01708_20170703,Ta01708_20170703.jpg,quadrat_corner,348,0,738,323
Ta01708,20170703,Ta01708_20170703,Ta01708_20170703.jpg,quadrat_corner,3344,0,3731,289
Ta01708,20170703,Ta01708_20170703,Ta01708_20170703.jpg,quadrat_corner,3569,2890,3990,3310
Ta01708,20170703,Ta01708_20170703,Ta01708_20170703.jpg,quadrat_corner,220,2981,634,3401
Ta01154,20170703,Ta01154_20170703,Ta01154_20170703.jpg,clover,1319,110,4212,2308
Ta01154,20170703,Ta01154_20170703,Ta01154_20170703.jpg,quadrat,747,0,4419,3456
Ta01154,20170703,Ta01154_20170703,Ta01154_20170703.jpg,quadrat_corner,929,0,1325,317
Ta01154,20170703,Ta01154_20170703,Ta01154_20170703.jpg,quadrat_corner,3917,0,4337,338
Ta01154,20170703,Ta01154_20170703,Ta01154_20170703.jpg,quadrat_corner,4023,3027,4419,3456
Ta01154,20170703,Ta01154_20170703,Ta01154_20170703.jpg,quadrat_corner,741,2963,1127,3377
Ta01920,20170703,Ta01920_20170703,Ta01920_20170703.jpg,clover,856,18,3825,3024
Ta01920,20170703,Ta01920_20170703,Ta01920_20170703.jpg,quadrat,576,21,4011,3292
Ta01920,20170703,Ta01920_20170703,Ta01920_20170703.jpg,quadrat_corner,683,40,1048,396
Ta01920,20170703,Ta01920_20170703,Ta01920_20170703.jpg,quadrat_corner,3512,15,3883,353
Ta01920,20170703,Ta01920_20170703,Ta01920_20170703.jpg,quadrat_corner,3655,2859,4029,3258
Ta01920,20170703,Ta01920_20170703,Ta01920_20170703.jpg,quadrat_corner,555,2908,936,3295
Ta01281,20170703,Ta01281_20170703,Ta01281_20170703.jpg,clover,1517,353,3119,1830
Ta01281,20170703,Ta01281_20170703,Ta01281_20170703.jpg,quadrat,610,0,4279,3426
Ta01281,20170703,Ta01281_20170703,Ta01281_20170703.jpg,quadrat_corner,719,21,1097,368
Ta01281,20170703,Ta01281_20170703,Ta01281_20170703.jpg,quadrat_corner,3688,0,4078,332
Ta01281,20170703,Ta01281_20170703,Ta01281_20170703.jpg,quadrat_corner,3895,2938,4279,3349
Ta01281,20170703,Ta01281_20170703,Ta01281_20170703.jpg,quadrat_corner,622,3014,1030,3426
Ta00065,20170703,Ta00065_20170703,Ta00065_20170703.jpg,quadrat,808,0,4596,3456
Ta00065,20170703,Ta00065_20170703,Ta00065_20170703.jpg,quadrat_corner,996,6,1398,350
Ta00065,20170703,Ta00065_20170703,Ta00065_20170703.jpg,quadrat_corner,4090,0,4477,353
Ta00065,20170703,Ta00065_20170703,Ta00065_20170703.jpg,quadrat_corner,4215,3145,4608,3456
Ta00065,20170703,Ta00065_20170703,Ta00065_20170703.jpg,quadrat_corner,820,3100,1222,3456
Ta01839,20170703,Ta01839_20170703,Ta01839_20170703.jpg,clover,1532,630,3624,2893
Ta01839,20170703,Ta01839_20170703,Ta01839_20170703.jpg,quadrat,585,24,4352,3456
Ta01839,20170703,Ta01839_20170703,Ta01839_20170703.jpg,quadrat_corner,869,15,1280,405
Ta01839,20170703,Ta01839_20170703,Ta01839_20170703.jpg,quadrat_corner,3944,58,4355,448
Ta01839,20170703,Ta01839_20170703,Ta01839_20170703.jpg,quadrat_corner,3914,3252,4343,3456
Ta01839,20170703,Ta01839_20170703,Ta01839_20170703.jpg,quadrat_corner,564,3088,987,3456
Ta01323,20170703,Ta01323_20170703,Ta01323_20170703.jpg,clover,1481,359,3649,2756
Ta01323,20170703,Ta01323_20170703,Ta01323_20170703.jpg,quadrat,588,137,4291,3456
Ta01323,20170703,Ta01323_20170703,Ta01323_20170703.jpg,quadrat_corner,826,155,1204,481
Ta01323,20170703,Ta01323_20170703,Ta01323_20170703.jpg,quadrat_corner,3819,180,4203,536
Ta01323,20170703,Ta01323_20170703,Ta01323_20170703.jpg,quadrat_corner,3901,3246,4279,3456
Ta01323,20170703,Ta01323_20170703,Ta01323_20170703.jpg,quadrat_corner,610,3164,1006,3456
Ta01946,20170703,Ta01946_20170703,Ta01946_20170703.jpg,clover,1545,563,3286,2518
Ta01946,20170703,Ta01946_20170703,Ta01946_20170703.jpg,quadrat,296,0,4023,3456
Ta01946,20170703,Ta01946_20170703,Ta01946_20170703.jpg,quadrat_corner,351,15,759,378
Ta01946,20170703,Ta01946_20170703,Ta01946_20170703.jpg,quadrat_corner,3429,0,3834,311
Ta01946,20170703,Ta01946_20170703,Ta01946_20170703.jpg,quadrat_corner,3600,3021,4026,3453
Ta01946,20170703,Ta01946_20170703,Ta01946_20170703.jpg,quadrat_corner,284,3130,707,3456
Ta00767,20170703,Ta00767_20170703,Ta00767_20170703.jpg,clover,896,326,3298,2768
Ta00767,20170703,Ta00767_20170703,Ta00767_20170703.jpg,quadrat,482,18,3993,3419
Ta00767,20170703,Ta00767_20170703,Ta00767_20170703.jpg,quadrat_corner,567,58,933,399
Ta00767,20170703,Ta00767_20170703,Ta00767_20170703.jpg,quadrat_corner,3493,3,3880,368
Ta00767,20170703,Ta00767_20170703,Ta00767_20170703.jpg,quadrat_corner,3615,2984,4005,3377
Ta00767,20170703,Ta00767_20170703,Ta00767_20170703.jpg,quadrat_corner,473,3027,872,3432
Ta00489,20170703,Ta00489_20170703,Ta00489_20170703.jpg,clover,1426,338,3298,2147
Ta00489,20170703,Ta00489_20170703,Ta00489_20170703.jpg,quadrat,610,0,4148,3310
Ta00489,20170703,Ta00489_20170703,Ta00489_20170703.jpg,quadrat_corner,744,0,1118,286
Ta00489,20170703,Ta00489_20170703,Ta00489_20170703.jpg,quadrat_corner,3673,0,4041,286
Ta00489,20170703,Ta00489_20170703,Ta00489_20170703.jpg,quadrat_corner,3755,2908,4154,3310
Ta00489,20170703,Ta00489_20170703,Ta00489_20170703.jpg,quadrat_corner,613,2893,993,3310
Ta00853,20170703,Ta00853_20170703,Ta00853_20170703.jpg,clover,1761,401,3569,2089
Ta00853,20170703,Ta00853_20170703,Ta00853_20170703.jpg,quadrat,644,0,4232,3410
Ta00853,20170703,Ta00853_20170703,Ta00853_20170703.jpg,quadrat_corner,846,0,1215,295
Ta00853,20170703,Ta00853_20170703,Ta00853_20170703.jpg,quadrat_corner,3804,0,4192,313
Ta00853,20170703,Ta00853_20170703,Ta00853_20170703.jpg,quadrat_corner,3837,3008,4236,3418
Ta00853,20170703,Ta00853_20170703,Ta00853_20170703.jpg,quadrat_corner,655,2938,1018,3330
Ta02102,20170703,Ta02102_20170703,Ta02102_20170703.jpg,quadrat,1069,0,4555,3421
Ta02102,20170703,Ta02102_20170703,Ta02102_20170703.jpg,quadrat_corner,1084,13,1453,375
Ta02102,20170703,Ta02102_20170703,Ta02102_20170703.jpg,quadrat_corner,4144,0,4536,320
Ta02102,20170703,Ta02102_20170703,Ta02102_20170703.jpg,quadrat_corner,4174,3004,4547,3363
Ta02102,20170703,Ta02102_20170703,Ta02102_20170703.jpg,quadrat_corner,1153,3081,1545,3432
Ta02044,20170608,Ta02044_20170608,Ta02044_20170608.jpg,clover,1926,685,2869,1957
Ta02044,20170608,Ta02044_20170608,Ta02044_20170608.jpg,quadrat,1066,17,4063,3011
Ta02044,20170608,Ta02044_20170608,Ta02044_20170608.jpg,quadrat_corner,1072,23,1412,354
Ta02044,20170608,Ta02044_20170608,Ta02044_20170608.jpg,quadrat_corner,3721,47,4069,369
Ta02044,20170608,Ta02044_20170608,Ta02044_20170608.jpg,quadrat_corner,3679,2678,4015,2990
Ta02044,20170608,Ta02044_20170608,Ta02044_20170608.jpg,quadrat_corner,1069,2660,1412,2990
Ta00733,20170703,Ta00733_20170703,Ta00733_20170703.jpg,clover,1219,618,2421,2591
Ta00733,20170703,Ta00733_20170703,Ta00733_20170703.jpg,quadrat,689,40,4154,3456
Ta00733,20170703,Ta00733_20170703,Ta00733_20170703.jpg,quadrat_corner,689,30,1094,435
Ta00733,20170703,Ta00733_20170703,Ta00733_20170703.jpg,quadrat_corner,3776,94,4181,469
Ta00733,20170703,Ta00733_20170703,Ta00733_20170703.jpg,quadrat_corner,3740,3115,4108,3456
Ta00733,20170703,Ta00733_20170703,Ta00733_20170703.jpg,quadrat_corner,692,3133,1097,3456
Ta01750,20170703,Ta01750_20170703,Ta01750_20170703.jpg,clover,1392,417,3097,2320
Ta01750,20170703,Ta01750_20170703,Ta01750_20170703.jpg,quadrat,180,0,3993,3456
Ta01750,20170703,Ta01750_20170703,Ta01750_20170703.jpg,quadrat_corner,397,0,802,317
Ta01750,20170703,Ta01750_20170703,Ta01750_20170703.jpg,quadrat_corner,3487,0,3889,362
Ta01750,20170703,Ta01750_20170703,Ta01750_20170703.jpg,quadrat_corner,3554,3085,3965,3456
Ta01750,20170703,Ta01750_20170703,Ta01750_20170703.jpg,quadrat_corner,202,3051,616,3456
Ta00100,20170703,Ta00100_20170703,Ta00100_20170703.jpg,clover,1146,274,3636,2981
Ta00100,20170703,Ta00100_20170703,Ta00100_20170703.jpg,quadrat,585,24,4084,3328
Ta00100,20170703,Ta00100_20170703,Ta00100_20170703.jpg,quadrat_corner,732,43,1103,405
Ta00100,20170703,Ta00100_20170703,Ta00100_20170703.jpg,quadrat_corner,3585,12,3974,362
Ta00100,20170703,Ta00100_20170703,Ta00100_20170703.jpg,quadrat_corner,3706,2917,4111,3316
Ta00100,20170703,Ta00100_20170703,Ta00100_20170703.jpg,quadrat_corner,588,2923,975,3340
Ta02291,20170608,Ta02291_20170608,Ta02291_20170608.jpg,clover,2545,1042,3552,2389
Ta02291,20170608,Ta02291_20170608,Ta02291_20170608.jpg,quadrat,1514,278,4480,3196
Ta02291,20170608,Ta02291_20170608,Ta02291_20170608.jpg,quadrat_corner,1547,273,1858,594
Ta02291,20170608,Ta02291_20170608,Ta02291_20170608.jpg,quadrat_corner,4133,278,4446,567
Ta02291,20170608,Ta02291_20170608,Ta02291_20170608.jpg,quadrat_corner,4145,2820,4497,3148
Ta02291,20170608,Ta02291_20170608,Ta02291_20170608.jpg,quadrat_corner,1576,2868,1904,3167
Ta01369,20170703,Ta01369_20170703,Ta01369_20170703.jpg,clover,1153,764,3711,3176
Ta01369,20170703,Ta01369_20170703,Ta01369_20170703.jpg,quadrat,205,46,3990,3456
Ta01369,20170703,Ta01369_20170703,Ta01369_20170703.jpg,quadrat_corner,238,46,644,358
Ta01369,20170703,Ta01369_20170703,Ta01369_20170703.jpg,quadrat_corner,3420,0,3799,346
Ta01369,20170703,Ta01369_20170703,Ta01369_20170703.jpg,quadrat_corner,3629,3119,4005,3456
Ta01369,20170703,Ta01369_20170703,Ta01369_20170703.jpg,quadrat_corner,184,3243,626,3456
Ta01001,20170703,Ta01001_20170703,Ta01001_20170703.jpg,clover,1640,905,3334,2777
Ta01001,20170703,Ta01001_20170703,Ta01001_20170703.jpg,quadrat,731,154,4159,3456
Ta01001,20170703,Ta01001_20170703,Ta01001_20170703.jpg,quadrat_corner,724,212,1097,571
Ta01001,20170703,Ta01001_20170703,Ta01001_20170703.jpg,quadrat_corner,3718,150,4100,502
Ta01001,20170703,Ta01001_20170703,Ta01001_20170703.jpg,quadrat_corner,804,3223,1183,3456
Ta01001,20170703,Ta01001_20170703,Ta01001_20170703.jpg,quadrat_corner,3797,3119,4162,3456
Ta01563,20170703,Ta01563_20170703,Ta01563_20170703.jpg,clover,1824,538,3336,1776
Ta01563,20170703,Ta01563_20170703,Ta01563_20170703.jpg,quadrat,879,50,4479,3456
Ta01563,20170703,Ta01563_20170703,Ta01563_20170703.jpg,quadrat_corner,1023,78,1395,406
Ta01563,20170703,Ta01563_20170703,Ta01563_20170703.jpg,quadrat_corner,3975,94,4347,430
Ta01563,20170703,Ta01563_20170703,Ta01563_20170703.jpg,quadrat_corner,4087,3074,4451,3456
Ta01563,20170703,Ta01563_20170703,Ta01563_20170703.jpg,quadrat_corner,875,3046,1267,3450
Ta01609,20170703,Ta01609_20170703,Ta01609_20170703.jpg,clover,2076,774,3584,2418
Ta01609,20170703,Ta01609_20170703,Ta01609_20170703.jpg,quadrat,1204,31,4704,3456
Ta01609,20170703,Ta01609_20170703,Ta01609_20170703.jpg,quadrat_corner,1215,126,1574,474
Ta01609,20170703,Ta01609_20170703,Ta01609_20170703.jpg,quadrat_corner,4228,42,4613,397
Ta01609,20170703,Ta01609_20170703,Ta01609_20170703.jpg,quadrat_corner,4316,3044,4682,3418
Ta01609,20170703,Ta01609_20170703,Ta01609_20170703.jpg,quadrat_corner,1311,3147,1688,3456
Ta02322,20170703,Ta02322_20170703,Ta02322_20170703.jpg,clover,772,101,4133,3180
Ta02322,20170703,Ta02322_20170703,Ta02322_20170703.jpg,quadrat,897,0,4349,3381
Ta02322,20170703,Ta02322_20170703,Ta02322_20170703.jpg,quadrat_corner,934,0,1322,298
Ta02322,20170703,Ta02322_20170703,Ta02322_20170703.jpg,quadrat_corner,3958,5,4353,390
Ta02322,20170703,Ta02322_20170703,Ta02322_20170703.jpg,quadrat_corner,3906,3019,4280,3385
Ta02322,20170703,Ta02322_20170703,Ta02322_20170703.jpg,quadrat_corner,901,3008,1278,3359
Ta01813,20170703,Ta01813_20170703,Ta01813_20170703.jpg,clover,1464,555,3544,2429
Ta01813,20170703,Ta01813_20170703,Ta01813_20170703.jpg,quadrat,780,53,4382,3429
Ta01813,20170703,Ta01813_20170703,Ta01813_20170703.jpg,quadrat_corner,959,90,1311,427
Ta01813,20170703,Ta01813_20170703,Ta01813_20170703.jpg,quadrat_corner,3877,49,4247,390
Ta01813,20170703,Ta01813_20170703,Ta01813_20170703.jpg,quadrat_corner,3994,3019,4382,3421
Ta01813,20170703,Ta01813_20170703,Ta01813_20170703.jpg,quadrat_corner,787,3015,1172,3425
Ta00062,20170703,Ta00062_20170703,Ta00062_20170703.jpg,clover,1550,595,3133,2759
Ta00062,20170703,Ta00062_20170703,Ta00062_20170703.jpg,quadrat,375,73,3920,3432
Ta00062,20170703,Ta00062_20170703,Ta00062_20170703.jpg,quadrat_corner,541,108,923,470
Ta00062,20170703,Ta00062_20170703,Ta00062_20170703.jpg,quadrat_corner,3468,59,3851,418
Ta00062,20170703,Ta00062_20170703,Ta00062_20170703.jpg,quadrat_corner,3530,3070,3927,3456
Ta00062,20170703,Ta00062_20170703,Ta00062_20170703.jpg,quadrat_corner,372,3053,755,3428
Ta00699,20170703,Ta00699_20170703,Ta00699_20170703.jpg,clover,1398,1258,3402,3167
Ta00699,20170703,Ta00699_20170703,Ta00699_20170703.jpg,quadrat,427,46,3929,3456
Ta00699,20170703,Ta00699_20170703,Ta00699_20170703.jpg,quadrat_corner,421,107,826,481
Ta00699,20170703,Ta00699_20170703,Ta00699_20170703.jpg,quadrat_corner,3475,46,3871,432
Ta00699,20170703,Ta00699_20170703,Ta00699_20170703.jpg,quadrat_corner,3566,3045,3929,3423
Ta00699,20170703,Ta00699_20170703,Ta00699_20170703.jpg,quadrat_corner,543,3194,926,3456
Ta01947,20170703,Ta01947_20170703,Ta01947_20170703.jpg,clover,1621,238,3889,2241
Ta01947,20170703,Ta01947_20170703,Ta01947_20170703.jpg,quadrat,875,0,4449,3273
Ta01947,20170703,Ta01947_20170703,Ta01947_20170703.jpg,quadrat_corner,987,0,1377,253
Ta01947,20170703,Ta01947_20170703,Ta01947_20170703.jpg,quadrat_corner,3941,0,4334,171
Ta01947,20170703,Ta01947_20170703,Ta01947_20170703.jpg,quadrat_corner,4026,2856,4428,3249
Ta01947,20170703,Ta01947_20170703,Ta01947_20170703.jpg,quadrat_corner,878,2862,1264,3258
Ta00589,20170703,Ta00589_20170703,Ta00589_20170703.jpg,clover,1441,740,3563,3057
Ta00589,20170703,Ta00589_20170703,Ta00589_20170703.jpg,quadrat,1158,158,4638,3456
Ta00589,20170703,Ta00589_20170703,Ta00589_20170703.jpg,quadrat_corner,1155,155,1560,563
Ta00589,20170703,Ta00589_20170703,Ta00589_20170703.jpg,quadrat_corner,4242,161,4623,539
Ta00589,20170703,Ta00589_20170703,Ta00589_20170703.jpg,quadrat_corner,4239,3197,4617,3456
Ta00589,20170703,Ta00589_20170703,Ta00589_20170703.jpg,quadrat_corner,1213,3255,1596,3456
Ta01362,20170703,Ta01362_20170703,Ta01362_20170703.jpg,clover,2053,1175,3414,2552
Ta01362,20170703,Ta01362_20170703,Ta01362_20170703.jpg,quadrat,899,67,4398,3456
Ta01362,20170703,Ta01362_20170703,Ta01362_20170703.jpg,quadrat_corner,905,61,1319,478
Ta01362,20170703,Ta01362_20170703,Ta01362_20170703.jpg,quadrat_corner,4011,82,4419,484
Ta01362,20170703,Ta01362_20170703,Ta01362_20170703.jpg,quadrat_corner,3965,3164,4349,3456
Ta01362,20170703,Ta01362_20170703,Ta01362_20170703.jpg,quadrat_corner,939,3170,1322,3456
Ta01251,20170703,Ta01251_20170703,Ta01251_20170703.jpg,clover,1989,426,3554,2232
Ta01251,20170703,Ta01251_20170703,Ta01251_20170703.jpg,quadrat,1121,0,4745,3456
Ta01251,20170703,Ta01251_20170703,Ta01251_20170703.jpg,quadrat_corner,1197,61,1563,399
Ta01251,20170703,Ta01251_20170703,Ta01251_20170703.jpg,quadrat_corner,4163,0,4559,362
Ta01251,20170703,Ta01251_20170703,Ta01251_20170703.jpg,quadrat_corner,4358,3027,4751,3441
Ta01251,20170703,Ta01251_20170703,Ta01251_20170703.jpg,quadrat_corner,1103,3057,1502,3456
Ta00532,20170703,Ta00532_20170703,Ta00532_20170703.jpg,clover,2059,801,3393,2141
Ta00532,20170703,Ta00532_20170703,Ta00532_20170703.jpg,quadrat,613,0,4157,3447
Ta00532,20170703,Ta00532_20170703,Ta00532_20170703.jpg,quadrat_corner,765,0,1143,308
Ta00532,20170703,Ta00532_20170703,Ta00532_20170703.jpg,quadrat_corner,3743,15,4145,371
Ta00532,20170703,Ta00532_20170703,Ta00532_20170703.jpg,quadrat_corner,3755,3018,4139,3438
Ta00532,20170703,Ta00532_20170703,Ta00532_20170703.jpg,quadrat_corner,631,2960,1015,3374
Ta02295,20170608,Ta02295_20170608,Ta02295_20170608.jpg,clover,2083,1233,3402,2722
Ta02295,20170608,Ta02295_20170608,Ta02295_20170608.jpg,quadrat,1423,435,4300,3292
Ta02295,20170608,Ta02295_20170608,Ta02295_20170608.jpg,quadrat_corner,1475,426,1782,728
Ta02295,20170608,Ta02295_20170608,Ta02295_20170608.jpg,quadrat_corner,3977,435,4306,752
Ta02295,20170608,Ta02295_20170608,Ta02295_20170608.jpg,quadrat_corner,3996,2981,4303,3307
Ta02295,20170608,Ta02295_20170608,Ta02295_20170608.jpg,quadrat_corner,1426,2941,1749,3264
Ta00312,20170703,Ta00312_20170703,Ta00312_20170703.jpg,clover,1940,1154,2957,2482
Ta00312,20170703,Ta00312_20170703,Ta00312_20170703.jpg,quadrat,844,64,4358,3395
Ta00312,20170703,Ta00312_20170703,Ta00312_20170703.jpg,quadrat_corner,957,131,1313,460
Ta00312,20170703,Ta00312_20170703,Ta00312_20170703.jpg,quadrat_corner,3816,58,4194,399
Ta00312,20170703,Ta00312_20170703,Ta00312_20170703.jpg,quadrat_corner,3984,2951,4352,3368
Ta00312,20170703,Ta00312_20170703,Ta00312_20170703.jpg,quadrat_corner,859,3011,1234,3407
Ta00500,20170703,Ta00500_20170703,Ta00500_20170703.jpg,clover,2093,950,4063,2287
Ta00500,20170703,Ta00500_20170703,Ta00500_20170703.jpg,quadrat,1057,0,4632,3456
Ta00500,20170703,Ta00500_20170703,Ta00500_20170703.jpg,quadrat_corner,1048,49,1447,426
Ta00500,20170703,Ta00500_20170703,Ta00500_20170703.jpg,quadrat_corner,4090,0,4477,265
Ta00500,20170703,Ta00500_20170703,Ta00500_20170703.jpg,quadrat_corner,4239,2902,4623,3282
Ta00500,20170703,Ta00500_20170703,Ta00500_20170703.jpg,quadrat_corner,1231,3085,1630,3453
Ta01460,20170703,Ta01460_20170703,Ta01460_20170703.jpg,clover,813,778,2691,2502
Ta01460,20170703,Ta01460_20170703,Ta01460_20170703.jpg,quadrat,40,71,3599,3454
Ta01460,20170703,Ta01460_20170703,Ta01460_20170703.jpg,quadrat_corner,59,123,439,492
Ta01460,20170703,Ta01460_20170703,Ta01460_20170703.jpg,quadrat_corner,3134,71,3515,434
Ta01460,20170703,Ta01460_20170703,Ta01460_20170703.jpg,quadrat_corner,3229,3066,3599,3425
Ta01460,20170703,Ta01460_20170703,Ta01460_20170703.jpg,quadrat_corner,187,3238,589,3456
Ta02072,20170608,Ta02072_20170608,Ta02072_20170608.jpg,clover,2443,1087,3256,1745
Ta02072,20170608,Ta02072_20170608,Ta02072_20170608.jpg,quadrat,1277,27,4258,3005
Ta02072,20170608,Ta02072_20170608,Ta02072_20170608.jpg,quadrat_corner,1298,37,1633,347
Ta02072,20170608,Ta02072_20170608,Ta02072_20170608.jpg,quadrat_corner,3917,94,4255,426
Ta02072,20170608,Ta02072_20170608,Ta02072_20170608.jpg,quadrat_corner,3804,2689,4145,2993
Ta02072,20170608,Ta02072_20170608,Ta02072_20170608.jpg,quadrat_corner,1274,2610,1624,2951
Ta02060,20170608,Ta02060_20170608,Ta02060_20170608.jpg,clover,2407,1445,3237,2318
Ta02060,20170608,Ta02060_20170608,Ta02060_20170608.jpg,quadrat,1567,375,4488,3314
Ta02060,20170608,Ta02060_20170608,Ta02060_20170608.jpg,quadrat_corner,1564,366,1892,708
Ta02060,20170608,Ta02060_20170608,Ta02060_20170608.jpg,quadrat_corner,4164,359,4485,699
Ta02060,20170608,Ta02060_20170608,Ta02060_20170608.jpg,quadrat_corner,4125,2975,4449,3256
Ta02060,20170608,Ta02060_20170608,Ta02060_20170608.jpg,quadrat_corner,1576,2935,1892,3250
Ta01035,20170703,Ta01035_20170703,Ta01035_20170703.jpg,clover,1169,413,2895,1381
Ta01035,20170703,Ta01035_20170703,Ta01035_20170703.jpg,quadrat,609,0,4216,3456
Ta01035,20170703,Ta01035_20170703,Ta01035_20170703.jpg,quadrat_corner,754,15,1147,363
Ta01035,20170703,Ta01035_20170703,Ta01035_20170703.jpg,quadrat_corner,3757,32,4147,366
Ta01035,20170703,Ta01035_20170703,Ta01035_20170703.jpg,quadrat_corner,3812,3077,4222,3456
Ta01035,20170703,Ta01035_20170703,Ta01035_20170703.jpg,quadrat_corner,619,3046,995,3442
Ta02184,20170608,Ta02184_20170608,Ta02184_20170608.jpg,clover,2226,1118,3445,2433
Ta02184,20170608,Ta02184_20170608,Ta02184_20170608.jpg,quadrat,1201,350,4217,3267
Ta02184,20170608,Ta02184_20170608,Ta02184_20170608.jpg,quadrat_corner,1226,372,1534,679
Ta02184,20170608,Ta02184_20170608,Ta02184_20170608.jpg,quadrat_corner,3873,339,4228,686
Ta02184,20170608,Ta02184_20170608,Ta02184_20170608.jpg,quadrat_corner,3837,2942,4155,3267
Ta02184,20170608,Ta02184_20170608,Ta02184_20170608.jpg,quadrat_corner,1292,2967,1600,3282
Ta01526,20170703,Ta01526_20170703,Ta01526_20170703.jpg,clover,1785,396,3767,3194
Ta01526,20170703,Ta01526_20170703,Ta01526_20170703.jpg,quadrat,984,79,4436,3456
Ta01526,20170703,Ta01526_20170703,Ta01526_20170703.jpg,quadrat_corner,998,71,1391,450
Ta01526,20170703,Ta01526_20170703,Ta01526_20170703.jpg,quadrat_corner,4056,84,4453,467
Ta01526,20170703,Ta01526_20170703,Ta01526_20170703.jpg,quadrat_corner,4053,3122,4432,3456
Ta01526,20170703,Ta01526_20170703,Ta01526_20170703.jpg,quadrat_corner,1011,3140,1422,3456
Ta02048,20170703,Ta02048_20170703,Ta02048_20170703.jpg,clover,1611,939,3059,2171
Ta02048,20170703,Ta02048_20170703,Ta02048_20170703.jpg,quadrat,855,34,4344,3456
Ta02048,20170703,Ta02048_20170703,Ta02048_20170703.jpg,quadrat_corner,875,76,1234,445
Ta02048,20170703,Ta02048_20170703,Ta02048_20170703.jpg,quadrat_corner,3934,45,4317,403
Ta02048,20170703,Ta02048_20170703,Ta02048_20170703.jpg,quadrat_corner,3982,3069,4352,3451
Ta02048,20170703,Ta02048_20170703,Ta02048_20170703.jpg,quadrat_corner,944,3155,1327,3456
Ta00770,20170703,Ta00770_20170703,Ta00770_20170703.jpg,clover,1563,280,3793,2473
Ta00770,20170703,Ta00770_20170703,Ta00770_20170703.jpg,quadrat,776,0,4269,3224
Ta00770,20170703,Ta00770_20170703,Ta00770_20170703.jpg,quadrat_corner,948,0,1303,243
Ta00770,20170703,Ta00770_20170703,Ta00770_20170703.jpg,quadrat_corner,3807,0,4188,211
Ta00770,20170703,Ta00770_20170703,Ta00770_20170703.jpg,quadrat_corner,3873,2824,4258,3216
Ta00770,20170703,Ta00770_20170703,Ta00770_20170703.jpg,quadrat_corner,798,2788,1161,3183
Ta02235,20170703,Ta02235_20170703,Ta02235_20170703.jpg,clover,2967,1332,3362,1737
Ta02235,20170703,Ta02235_20170703,Ta02235_20170703.jpg,quadrat,436,54,4164,3456
Ta02235,20170703,Ta02235_20170703,Ta02235_20170703.jpg,quadrat_corner,640,58,1028,406
Ta02235,20170703,Ta02235_20170703,Ta02235_20170703.jpg,quadrat_corner,3636,46,4036,398
Ta02235,20170703,Ta02235_20170703,Ta02235_20170703.jpg,quadrat_corner,3756,3082,4156,3456
Ta02235,20170703,Ta02235_20170703,Ta02235_20170703.jpg,quadrat_corner,460,3066,856,3456
Ta02317,20170608,Ta02317_20170608,Ta02317_20170608.jpg,clover,1858,862,3375,2613
Ta02317,20170608,Ta02317_20170608,Ta02317_20170608.jpg,quadrat,1021,171,3974,3127
Ta02317,20170608,Ta02317_20170608,Ta02317_20170608.jpg,quadrat_corner,1036,198,1359,536
Ta02317,20170608,Ta02317_20170608,Ta02317_20170608.jpg,quadrat_corner,3643,189,3971,512
Ta02317,20170608,Ta02317_20170608,Ta02317_20170608.jpg,quadrat_corner,3649,2756,3965,3094
Ta02317,20170608,Ta02317_20170608,Ta02317_20170608.jpg,quadrat_corner,1100,2823,1438,3142
Ta01917,20170703,Ta01917_20170703,Ta01917_20170703.jpg,clover,1112,79,4285,3036
Ta01917,20170703,Ta01917_20170703,Ta01917_20170703.jpg,quadrat,859,0,4395,3374
Ta01917,20170703,Ta01917_20170703,Ta01917_20170703.jpg,quadrat_corner,853,0,1243,320
Ta01917,20170703,Ta01917_20170703,Ta01917_20170703.jpg,quadrat_corner,3938,0,4334,228
Ta01917,20170703,Ta01917_20170703,Ta01917_20170703.jpg,quadrat_corner,4011,2905,4398,3304
Ta01917,20170703,Ta01917_20170703,Ta01917_20170703.jpg,quadrat_corner,981,3011,1374,3386
Ta01743,20170703,Ta01743_20170703,Ta01743_20170703.jpg,clover,719,244,3225,2317
Ta01743,20170703,Ta01743_20170703,Ta01743_20170703.jpg,quadrat,387,0,3938,3380
Ta01743,20170703,Ta01743_20170703,Ta01743_20170703.jpg,quadrat_corner,485,0,872,298
Ta01743,20170703,Ta01743_20170703,Ta01743_20170703.jpg,quadrat_corner,3448,15,3840,362
Ta01743,20170703,Ta01743_20170703,Ta01743_20170703.jpg,quadrat_corner,3576,2975,3953,3362
Ta01743,20170703,Ta01743_20170703,Ta01743_20170703.jpg,quadrat_corner,372,2993,789,3404
Ta00252,20170703,Ta00252_20170703,Ta00252_20170703.jpg,clover,2355,389,3207,1396
Ta00252,20170703,Ta00252_20170703,Ta00252_20170703.jpg,quadrat,753,0,4388,3456
Ta00252,20170703,Ta00252_20170703,Ta00252_20170703.jpg,quadrat_corner,870,0,1257,280
Ta00252,20170703,Ta00252_20170703,Ta00252_20170703.jpg,quadrat_corner,3967,0,4391,287
Ta00252,20170703,Ta00252_20170703,Ta00252_20170703.jpg,quadrat_corner,3977,3073,4381,3456
Ta00252,20170703,Ta00252_20170703,Ta00252_20170703.jpg,quadrat_corner,757,3028,1146,3432
Ta01812,20170703,Ta01812_20170703,Ta01812_20170703.jpg,clover,2501,1273,2657,1412
Ta01812,20170703,Ta01812_20170703,Ta01812_20170703.jpg,quadrat,309,142,3874,3456
Ta01812,20170703,Ta01812_20170703,Ta01812_20170703.jpg,quadrat_corner,457,167,843,518
Ta01812,20170703,Ta01812_20170703,Ta01812_20170703.jpg,quadrat_corner,3326,136,3716,474
Ta01812,20170703,Ta01812_20170703,Ta01812_20170703.jpg,quadrat_corner,3488,2994,3885,3411
Ta01812,20170703,Ta01812_20170703,Ta01812_20170703.jpg,quadrat_corner,309,3046,702,3453
Ta01043,20170703,Ta01043_20170703,Ta01043_20170703.jpg,clover,1535,231,3959,2768
Ta01043,20170703,Ta01043_20170703,Ta01043_20170703.jpg,quadrat,707,0,4288,3346
Ta01043,20170703,Ta01043_20170703,Ta01043_20170703.jpg,quadrat_corner,853,0,1240,326
Ta01043,20170703,Ta01043_20170703,Ta01043_20170703.jpg,quadrat_corner,3780,9,4160,344
Ta01043,20170703,Ta01043_20170703,Ta01043_20170703.jpg,quadrat_corner,3898,2947,4294,3349
Ta01043,20170703,Ta01043_20170703,Ta01043_20170703.jpg,quadrat_corner,698,2938,1088,3337
Ta01896,20170703,Ta01896_20170703,Ta01896_20170703.jpg,clover,1401,438,3490,2527
Ta01896,20170703,Ta01896_20170703,Ta01896_20170703.jpg,quadrat,528,55,3993,3359
Ta01896,20170703,Ta01896_20170703,Ta01896_20170703.jpg,quadrat_corner,722,70,1100,426
Ta01896,20170703,Ta01896_20170703,Ta01896_20170703.jpg,quadrat_corner,3566,55,3953,402
Ta01896,20170703,Ta01896_20170703,Ta01896_20170703.jpg,quadrat_corner,3603,2963,4008,3356
Ta01896,20170703,Ta01896_20170703,Ta01896_20170703.jpg,quadrat_corner,534,2920,896,3319
Ta01625,20170703,Ta01625_20170703,Ta01625_20170703.jpg,clover,543,113,3518,2972
Ta01625,20170703,Ta01625_20170703,Ta01625_20170703.jpg,quadrat,263,0,3804,3359
Ta01625,20170703,Ta01625_20170703,Ta01625_20170703.jpg,quadrat_corner,299,0,665,320
Ta01625,20170703,Ta01625_20170703,Ta01625_20170703.jpg,quadrat_corner,3271,0,3652,238
Ta01625,20170703,Ta01625_20170703,Ta01625_20170703.jpg,quadrat_corner,3411,2884,3786,3289
Ta01625,20170703,Ta01625_20170703,Ta01625_20170703.jpg,quadrat_corner,260,2975,652,3380
Ta01363,20170703,Ta01363_20170703,Ta01363_20170703.jpg,clover,1362,52,3585,2390
Ta01363,20170703,Ta01363_20170703,Ta01363_20170703.jpg,quadrat,667,39,4160,3384
Ta01363,20170703,Ta01363_20170703,Ta01363_20170703.jpg,quadrat_corner,770,49,1153,384
Ta01363,20170703,Ta01363_20170703,Ta01363_20170703.jpg,quadrat_corner,3674,35,4060,391
Ta01363,20170703,Ta01363_20170703,Ta01363_20170703.jpg,quadrat_corner,3763,2963,4170,3377
Ta01363,20170703,Ta01363_20170703,Ta01363_20170703.jpg,quadrat_corner,663,2956,1043,3366
Ta01533,20170703,Ta01533_20170703,Ta01533_20170703.jpg,clover,2077,1066,4322,2698
Ta01533,20170703,Ta01533_20170703,Ta01533_20170703.jpg,quadrat,1097,94,4583,3456
Ta01533,20170703,Ta01533_20170703,Ta01533_20170703.jpg,quadrat_corner,1103,97,1493,475
Ta01533,20170703,Ta01533_20170703,Ta01533_20170703.jpg,quadrat_corner,4209,125,4589,509
Ta01533,20170703,Ta01533_20170703,Ta01533_20170703.jpg,quadrat_corner,4130,3176,4519,3456
Ta01533,20170703,Ta01533_20170703,Ta01533_20170703.jpg,quadrat_corner,1115,3182,1502,3456
Ta00267,20170703,Ta00267_20170703,Ta00267_20170703.jpg,clover,1694,505,3716,2503
Ta00267,20170703,Ta00267_20170703,Ta00267_20170703.jpg,quadrat,759,0,4279,3404
Ta00267,20170703,Ta00267_20170703,Ta00267_20170703.jpg,quadrat_corner,884,0,1270,341
Ta00267,20170703,Ta00267_20170703,Ta00267_20170703.jpg,quadrat_corner,3840,0,4218,350
Ta00267,20170703,Ta00267_20170703,Ta00267_20170703.jpg,quadrat_corner,3880,3002,4279,3401
Ta00267,20170703,Ta00267_20170703,Ta00267_20170703.jpg,quadrat_corner,759,2963,1149,3365
Ta00203,20170703,Ta00203_20170703,Ta00203_20170703.jpg,clover,2210,184,3956,1398
Ta00203,20170703,Ta00203_20170703,Ta00203_20170703.jpg,quadrat,862,0,4431,3318
Ta00203,20170703,Ta00203_20170703,Ta00203_20170703.jpg,quadrat_corner,944,0,1334,239
Ta00203,20170703,Ta00203_20170703,Ta00203_20170703.jpg,quadrat_corner,3937,0,4320,256
Ta00203,20170703,Ta00203_20170703,Ta00203_20170703.jpg,quadrat_corner,4041,2898,4441,3325
Ta00203,20170703,Ta00203_20170703,Ta00203_20170703.jpg,quadrat_corner,844,2922,1262,3329
Ta02229,20170703,Ta02229_20170703,Ta02229_20170703.jpg,clover,1974,1431,2769,2244
Ta02229,20170703,Ta02229_20170703,Ta02229_20170703.jpg,quadrat,821,163,4301,3456
Ta02229,20170703,Ta02229_20170703,Ta02229_20170703.jpg,quadrat_corner,837,163,1241,547
Ta02229,20170703,Ta02229_20170703,Ta02229_20170703.jpg,quadrat_corner,3937,223,4301,603
Ta02229,20170703,Ta02229_20170703,Ta02229_20170703.jpg,quadrat_corner,3849,3259,4237,3456
Ta02229,20170703,Ta02229_20170703,Ta02229_20170703.jpg,quadrat_corner,805,3251,1201,3456
Ta00450,20170703,Ta00450_20170703,Ta00450_20170703.jpg,clover,2336,987,3432,2268
Ta00450,20170703,Ta00450_20170703,Ta00450_20170703.jpg,quadrat,640,0,4212,3444
Ta00450,20170703,Ta00450_20170703,Ta00450_20170703.jpg,quadrat_corner,789,6,1185,359
Ta00450,20170703,Ta00450_20170703,Ta00450_20170703.jpg,quadrat_corner,3770,0,4151,356
Ta00450,20170703,Ta00450_20170703,Ta00450_20170703.jpg,quadrat_corner,3801,3036,4218,3447
Ta00450,20170703,Ta00450_20170703,Ta00450_20170703.jpg,quadrat_corner,634,3002,1030,3398
Ta02218,20170608,Ta02218_20170608,Ta02218_20170608.jpg,clover,1784,728,3346,2308
Ta02218,20170608,Ta02218_20170608,Ta02218_20170608.jpg,quadrat,1297,172,4306,3202
Ta02218,20170608,Ta02218_20170608,Ta02218_20170608.jpg,quadrat_corner,1294,305,1618,617
Ta02218,20170608,Ta02218_20170608,Ta02218_20170608.jpg,quadrat_corner,3882,169,4242,496
Ta02218,20170608,Ta02218_20170608,Ta02218_20170608.jpg,quadrat_corner,4003,2757,4309,3081
Ta02218,20170608,Ta02218_20170608,Ta02218_20170608.jpg,quadrat_corner,1445,2875,1782,3199
unkown_,20170608,unkown__20170608,unkown__20170608.jpg,clover,1313,1078,2519,2375
unkown_,20170608,unkown__20170608,unkown__20170608.jpg,quadrat,528,295,3603,3349
unkown_,20170608,unkown__20170608,unkown__20170608.jpg,quadrat_corner,546,335,878,670
unkown_,20170608,unkown__20170608,unkown__20170608.jpg,quadrat_corner,3265,298,3618,618
unkown_,20170608,unkown__20170608,unkown__20170608.jpg,quadrat_corner,3295,2938,3606,3249
unkown_,20170608,unkown__20170608,unkown__20170608.jpg,quadrat_corner,671,3033,1009,3340
Ta00560,20170703,Ta00560_20170703,Ta00560_20170703.jpg,clover,1496,512,3606,2996
Ta00560,20170703,Ta00560_20170703,Ta00560_20170703.jpg,quadrat,1066,0,4568,3453
Ta00560,20170703,Ta00560_20170703,Ta00560_20170703.jpg,quadrat_corner,1051,0,1468,384
Ta00560,20170703,Ta00560_20170703,Ta00560_20170703.jpg,quadrat_corner,4181,0,4568,332
Ta00560,20170703,Ta00560_20170703,Ta00560_20170703.jpg,quadrat_corner,4197,3011,4577,3395
Ta00560,20170703,Ta00560_20170703,Ta00560_20170703.jpg,quadrat_corner,1164,3075,1541,3450
Ta01443,20170703,Ta01443_20170703,Ta01443_20170703.jpg,clover,1258,411,3347,2707
Ta01443,20170703,Ta01443_20170703,Ta01443_20170703.jpg,quadrat,561,0,3953,3252
Ta01443,20170703,Ta01443_20170703,Ta01443_20170703.jpg,quadrat_corner,655,0,1045,344
Ta01443,20170703,Ta01443_20170703,Ta01443_20170703.jpg,quadrat_corner,3505,0,3874,304
Ta01443,20170703,Ta01443_20170703,Ta01443_20170703.jpg,quadrat_corner,3576,2847,3947,3225
Ta01443,20170703,Ta01443_20170703,Ta01443_20170703.jpg,quadrat_corner,564,2859,926,3240
Ta02178,20170608,Ta02178_20170608,Ta02178_20170608.jpg,clover,2144,1596,3301,2427
Ta02178,20170608,Ta02178_20170608,Ta02178_20170608.jpg,quadrat,999,265,3968,3228
Ta02178,20170608,Ta02178_20170608,Ta02178_20170608.jpg,quadrat_corner,999,335,1325,646
Ta02178,20170608,Ta02178_20170608,Ta02178_20170608.jpg,quadrat_corner,3569,262,3895,579
Ta02178,20170608,Ta02178_20170608,Ta02178_20170608.jpg,quadrat_corner,3652,2810,3971,3155
Ta02178,20170608,Ta02178_20170608,Ta02178_20170608.jpg,quadrat_corner,1070,2914,1404,3231
Ta01977,20170703,Ta01977_20170703,Ta01977_20170703.jpg,clover,2504,600,3344,1751
Ta01977,20170703,Ta01977_20170703,Ta01977_20170703.jpg,quadrat,984,49,4385,3340
Ta01977,20170703,Ta01977_20170703,Ta01977_20170703.jpg,quadrat_corner,1140,116,1496,451
Ta01977,20170703,Ta01977_20170703,Ta01977_20170703.jpg,quadrat_corner,3935,46,4315,393
Ta01977,20170703,Ta01977_20170703,Ta01977_20170703.jpg,quadrat_corner,3999,2932,4392,3349
Ta01977,20170703,Ta01977_20170703,Ta01977_20170703.jpg,quadrat_corner,987,2911,1374,3310
Ta00156,20170703,Ta00156_20170703,Ta00156_20170703.jpg,clover,2120,910,3679,2314
Ta00156,20170703,Ta00156_20170703,Ta00156_20170703.jpg,quadrat,832,0,4355,3343
Ta00156,20170703,Ta00156_20170703,Ta00156_20170703.jpg,quadrat_corner,939,0,1325,332
Ta00156,20170703,Ta00156_20170703,Ta00156_20170703.jpg,quadrat_corner,3904,0,4258,292
Ta00156,20170703,Ta00156_20170703,Ta00156_20170703.jpg,quadrat_corner,3974,2969,4361,3340
Ta00156,20170703,Ta00156_20170703,Ta00156_20170703.jpg,quadrat_corner,841,2947,1197,3352
Ta01184,20170703,Ta01184_20170703,Ta01184_20170703.jpg,clover,899,164,3929,2399
Ta01184,20170703,Ta01184_20170703,Ta01184_20170703.jpg,quadrat,655,73,4355,3456
Ta01184,20170703,Ta01184_20170703,Ta01184_20170703.jpg,quadrat_corner,841,70,1228,448
Ta01184,20170703,Ta01184_20170703,Ta01184_20170703.jpg,quadrat_corner,3880,88,4255,454
Ta01184,20170703,Ta01184_20170703,Ta01184_20170703.jpg,quadrat_corner,3938,3188,4349,3456
Ta01184,20170703,Ta01184_20170703,Ta01184_20170703.jpg,quadrat_corner,671,3136,1060,3456
Ta00093,20170703,Ta00093_20170703,Ta00093_20170703.jpg,clover,1267,703,3706,2820
Ta00093,20170703,Ta00093_20170703,Ta00093_20170703.jpg,quadrat,588,30,4291,3456
Ta00093,20170703,Ta00093_20170703,Ta00093_20170703.jpg,quadrat_corner,792,18,1185,375
Ta00093,20170703,Ta00093_20170703,Ta00093_20170703.jpg,quadrat_corner,3807,33,4185,375
Ta00093,20170703,Ta00093_20170703,Ta00093_20170703.jpg,quadrat_corner,3889,3069,4294,3456
Ta00093,20170703,Ta00093_20170703,Ta00093_20170703.jpg,quadrat_corner,579,3027,996,3444
Ta00786,20170703,Ta00786_20170703,Ta00786_20170703.jpg,clover,2204,606,3793,2191
Ta00786,20170703,Ta00786_20170703,Ta00786_20170703.jpg,quadrat,1018,0,4595,3304
Ta00786,20170703,Ta00786_20170703,Ta00786_20170703.jpg,quadrat_corner,1164,0,1541,258
Ta00786,20170703,Ta00786_20170703,Ta00786_20170703.jpg,quadrat_corner,4104,0,4492,251
Ta00786,20170703,Ta00786_20170703,Ta00786_20170703.jpg,quadrat_corner,4210,2905,4595,3311
Ta00786,20170703,Ta00786_20170703,Ta00786_20170703.jpg,quadrat_corner,1029,2872,1406,3271
Ta01841,20170703,Ta01841_20170703,Ta01841_20170703.jpg,clover,1785,834,3810,2902
Ta01841,20170703,Ta01841_20170703,Ta01841_20170703.jpg,quadrat,823,0,4559,3456
Ta01841,20170703,Ta01841_20170703,Ta01841_20170703.jpg,quadrat_corner,963,0,1368,344
Ta01841,20170703,Ta01841_20170703,Ta01841_20170703.jpg,quadrat_corner,3999,37,4389,414
Ta01841,20170703,Ta01841_20170703,Ta01841_20170703.jpg,quadrat_corner,4169,3085,4556,3456
Ta01841,20170703,Ta01841_20170703,Ta01841_20170703.jpg,quadrat_corner,838,3072,1243,3456
Ta00670,20170703,Ta00670_20170703,Ta00670_20170703.jpg,clover,1030,186,3770,2409
Ta00670,20170703,Ta00670_20170703,Ta00670_20170703.jpg,quadrat,567,0,4111,3334
Ta00670,20170703,Ta00670_20170703,Ta00670_20170703.jpg,quadrat_corner,655,0,1033,268
Ta00670,20170703,Ta00670_20170703,Ta00670_20170703.jpg,quadrat_corner,3636,0,3993,274
Ta00670,20170703,Ta00670_20170703,Ta00670_20170703.jpg,quadrat_corner,3734,2917,4114,3313
Ta00670,20170703,Ta00670_20170703,Ta00670_20170703.jpg,quadrat_corner,570,2941,957,3337
Ta01579,20170703,Ta01579_20170703,Ta01579_20170703.jpg,clover,1735,764,3474,2663
Ta01579,20170703,Ta01579_20170703,Ta01579_20170703.jpg,quadrat,326,38,4056,3456
Ta01579,20170703,Ta01579_20170703,Ta01579_20170703.jpg,quadrat_corner,524,75,886,427
Ta01579,20170703,Ta01579_20170703,Ta01579_20170703.jpg,quadrat_corner,3555,42,3950,383
Ta01579,20170703,Ta01579_20170703,Ta01579_20170703.jpg,quadrat_corner,3639,3165,4042,3456
Ta01579,20170703,Ta01579_20170703,Ta01579_20170703.jpg,quadrat_corner,333,3139,732,3456
Ta02098,20170608,Ta02098_20170608,Ta02098_20170608.jpg,quadrat,1139,361,4108,3326
Ta02098,20170608,Ta02098_20170608,Ta02098_20170608.jpg,quadrat_corner,1135,423,1453,738
Ta02098,20170608,Ta02098_20170608,Ta02098_20170608.jpg,quadrat_corner,3716,357,4042,686
Ta02098,20170608,Ta02098_20170608,Ta02098_20170608.jpg,quadrat_corner,3782,2927,4119,3238
Ta02098,20170608,Ta02098_20170608,Ta02098_20170608.jpg,quadrat_corner,1241,3022,1556,3352
Ta01604,20170703,Ta01604_20170703,Ta01604_20170703.jpg,clover,1112,792,2340,2088
Ta01604,20170703,Ta01604_20170703,Ta01604_20170703.jpg,quadrat,162,0,3763,3422
Ta01604,20170703,Ta01604_20170703,Ta01604_20170703.jpg,quadrat_corner,270,19,641,347
Ta01604,20170703,Ta01604_20170703,Ta01604_20170703.jpg,quadrat_corner,3246,3,3618,334
Ta01604,20170703,Ta01604_20170703,Ta01604_20170703.jpg,quadrat_corner,3401,2986,3775,3372
Ta01604,20170703,Ta01604_20170703,Ta01604_20170703.jpg,quadrat_corner,149,3051,542,3444
Ta00504,20170703,Ta00504_20170703,Ta00504_20170703.jpg,clover,542,195,3104,2593
Ta00504,20170703,Ta00504_20170703,Ta00504_20170703.jpg,quadrat,304,0,4008,3425
Ta00504,20170703,Ta00504_20170703,Ta00504_20170703.jpg,quadrat_corner,449,0,827,306
Ta00504,20170703,Ta00504_20170703,Ta00504_20170703.jpg,quadrat_corner,3454,0,3844,275
Ta00504,20170703,Ta00504_20170703,Ta00504_20170703.jpg,quadrat_corner,3599,2970,3998,3382
Ta00504,20170703,Ta00504_20170703,Ta00504_20170703.jpg,quadrat_corner,316,3017,697,3422
Ta02216,20170703,Ta02216_20170703,Ta02216_20170703.jpg,clover,1941,600,3454,2336
Ta02216,20170703,Ta02216_20170703,Ta02216_20170703.jpg,quadrat,873,0,4441,3447
Ta02216,20170703,Ta02216_20170703,Ta02216_20170703.jpg,quadrat_corner,883,0,1263,353
Ta02216,20170703,Ta02216_20170703,Ta02216_20170703.jpg,quadrat_corner,3992,0,4379,260
Ta02216,20170703,Ta02216_20170703,Ta02216_20170703.jpg,quadrat_corner,4063,2949,4419,3320
Ta02216,20170703,Ta02216_20170703,Ta02216_20170703.jpg,quadrat_corner,1028,3082,1409,3450
Ta02307,20170703,Ta02307_20170703,Ta02307_20170703.jpg,clover,1248,201,4063,2559
Ta02307,20170703,Ta02307_20170703,Ta02307_20170703.jpg,quadrat,926,0,4478,3366
Ta02307,20170703,Ta02307_20170703,Ta02307_20170703.jpg,quadrat_corner,1074,0,1424,319
Ta02307,20170703,Ta02307_20170703,Ta02307_20170703.jpg,quadrat_corner,4026,0,4413,244
Ta02307,20170703,Ta02307_20170703,Ta02307_20170703.jpg,quadrat_corner,4079,2976,4478,3372
Ta02307,20170703,Ta02307_20170703,Ta02307_20170703.jpg,quadrat_corner,929,2939,1285,3323
Ta00058,20170703,Ta00058_20170703,Ta00058_20170703.jpg,clover,1173,621,2875,2299
Ta00058,20170703,Ta00058_20170703,Ta00058_20170703.jpg,quadrat,473,0,4066,3304
Ta00058,20170703,Ta00058_20170703,Ta00058_20170703.jpg,quadrat_corner,613,0,1003,329
Ta00058,20170703,Ta00058_20170703,Ta00058_20170703.jpg,quadrat_corner,3536,0,3914,274
Ta00058,20170703,Ta00058_20170703,Ta00058_20170703.jpg,quadrat_corner,3673,2877,4063,3285
Ta00058,20170703,Ta00058_20170703,Ta00058_20170703.jpg,quadrat_corner,464,2923,869,3307
Ta00055,20170703,Ta00055_20170703,Ta00055_20170703.jpg,clover,1240,110,3451,2704
Ta00055,20170703,Ta00055_20170703,Ta00055_20170703.jpg,quadrat,558,37,3999,3413
Ta00055,20170703,Ta00055_20170703,Ta00055_20170703.jpg,quadrat_corner,604,149,966,484
Ta00055,20170703,Ta00055_20170703,Ta00055_20170703.jpg,quadrat_corner,3466,49,3859,375
Ta00055,20170703,Ta00055_20170703,Ta00055_20170703.jpg,quadrat_corner,3627,2957,4005,3349
Ta00055,20170703,Ta00055_20170703,Ta00055_20170703.jpg,quadrat_corner,546,3054,929,3441
Ta02291,20170703,Ta02291_20170703,Ta02291_20170703.jpg,clover,1310,216,2823,1863
Ta02291,20170703,Ta02291_20170703,Ta02291_20170703.jpg,quadrat,339,0,4035,3435
Ta02291,20170703,Ta02291_20170703,Ta02291_20170703.jpg,quadrat_corner,494,0,899,262
Ta02291,20170703,Ta02291_20170703,Ta02291_20170703.jpg,quadrat_corner,3563,0,3974,277
Ta02291,20170703,Ta02291_20170703,Ta02291_20170703.jpg,quadrat_corner,3636,3018,4032,3435
Ta02291,20170703,Ta02291_20170703,Ta02291_20170703.jpg,quadrat_corner,357,3021,747,3447
Ta02325,20170608,Ta02325_20170608,Ta02325_20170608.jpg,clover,1654,1005,3572,2439
Ta02325,20170608,Ta02325_20170608,Ta02325_20170608.jpg,quadrat,1237,85,4279,3136
Ta02325,20170608,Ta02325_20170608,Ta02325_20170608.jpg,quadrat_corner,1383,76,1718,402
Ta02325,20170608,Ta02325_20170608,Ta02325_20170608.jpg,quadrat_corner,3959,253,4288,591
Ta02325,20170608,Ta02325_20170608,Ta02325_20170608.jpg,quadrat_corner,3752,2810,4084,3148
Ta02325,20170608,Ta02325_20170608,Ta02325_20170608.jpg,quadrat_corner,1243,2649,1563,2975
Ta02284,20170608,Ta02284_20170608,Ta02284_20170608.jpg,clover,2050,1155,3233,2294
Ta02284,20170608,Ta02284_20170608,Ta02284_20170608.jpg,quadrat,1030,0,3994,2941
Ta02284,20170608,Ta02284_20170608,Ta02284_20170608.jpg,quadrat_corner,1046,0,1358,321
Ta02284,20170608,Ta02284_20170608,Ta02284_20170608.jpg,quadrat_corner,3654,0,4002,321
Ta02284,20170608,Ta02284_20170608,Ta02284_20170608.jpg,quadrat_corner,3642,2585,3958,2893
Ta02284,20170608,Ta02284_20170608,Ta02284_20170608.jpg,quadrat_corner,1094,2605,1426,2929
Ta01586,20170703,Ta01586_20170703,Ta01586_20170703.jpg,clover,1861,938,2769,2342
Ta01586,20170703,Ta01586_20170703,Ta01586_20170703.jpg,quadrat,1249,146,4745,3456
Ta01586,20170703,Ta01586_20170703,Ta01586_20170703.jpg,quadrat_corner,1255,167,1648,551
Ta01586,20170703,Ta01586_20170703,Ta01586_20170703.jpg,quadrat_corner,4370,143,4757,530
Ta01586,20170703,Ta01586_20170703,Ta01586_20170703.jpg,quadrat_corner,4358,3206,4754,3456
Ta01586,20170703,Ta01586_20170703,Ta01586_20170703.jpg,quadrat_corner,1325,3282,1697,3456
Ta01782,20170703,Ta01782_20170703,Ta01782_20170703.jpg,clover,1216,241,3725,3063
Ta01782,20170703,Ta01782_20170703,Ta01782_20170703.jpg,quadrat,299,0,4133,3456
Ta01782,20170703,Ta01782_20170703,Ta01782_20170703.jpg,quadrat_corner,576,0,966,314
Ta01782,20170703,Ta01782_20170703,Ta01782_20170703.jpg,quadrat_corner,3627,0,4020,301
Ta01782,20170703,Ta01782_20170703,Ta01782_20170703.jpg,quadrat_corner,3688,3027,4127,3456
Ta01782,20170703,Ta01782_20170703,Ta01782_20170703.jpg,quadrat_corner,287,2993,698,3423
Ta01884,20170703,Ta01884_20170703,Ta01884_20170703.jpg,clover,470,91,2863,2116
Ta01884,20170703,Ta01884_20170703,Ta01884_20170703.jpg,quadrat,74,0,3810,3419
Ta01884,20170703,Ta01884_20170703,Ta01884_20170703.jpg,quadrat_corner,132,0,500,274
Ta01884,20170703,Ta01884_20170703,Ta01884_20170703.jpg,quadrat_corner,3171,0,3560,207
Ta01884,20170703,Ta01884_20170703,Ta01884_20170703.jpg,quadrat_corner,3429,2859,3834,3298
Ta01884,20170703,Ta01884_20170703,Ta01884_20170703.jpg,quadrat_corner,53,3011,494,3423
Ta01730,20170703,Ta01730_20170703,Ta01730_20170703.jpg,clover,1042,743,3356,2789
Ta01730,20170703,Ta01730_20170703,Ta01730_20170703.jpg,quadrat,406,0,4020,3456
Ta01730,20170703,Ta01730_20170703,Ta01730_20170703.jpg,quadrat_corner,558,6,945,371
Ta01730,20170703,Ta01730_20170703,Ta01730_20170703.jpg,quadrat_corner,3557,9,3956,359
Ta01730,20170703,Ta01730_20170703,Ta01730_20170703.jpg,quadrat_corner,3618,3075,4035,3456
Ta01730,20170703,Ta01730_20170703,Ta01730_20170703.jpg,quadrat_corner,406,3048,808,3456
Ta01554,20170703,Ta01554_20170703,Ta01554_20170703.jpg,clover,1634,368,3800,2404
Ta01554,20170703,Ta01554_20170703,Ta01554_20170703.jpg,quadrat,895,0,4377,3332
Ta01554,20170703,Ta01554_20170703,Ta01554_20170703.jpg,quadrat_corner,1005,0,1377,328
Ta01554,20170703,Ta01554_20170703,Ta01554_20170703.jpg,quadrat_corner,3926,0,4291,325
Ta01554,20170703,Ta01554_20170703,Ta01554_20170703.jpg,quadrat_corner,3998,2952,4395,3335
Ta01554,20170703,Ta01554_20170703,Ta01554_20170703.jpg,quadrat_corner,902,2939,1271,3315
Ta02307,20170608,Ta02307_20170608,Ta02307_20170608.jpg,clover,1761,1305,3226,2441
Ta02307,20170608,Ta02307_20170608,Ta02307_20170608.jpg,quadrat,1183,615,4171,3456
Ta02307,20170608,Ta02307_20170608,Ta02307_20170608.jpg,quadrat_corner,1177,682,1504,1018
Ta02307,20170608,Ta02307_20170608,Ta02307_20170608.jpg,quadrat_corner,3765,609,4107,936
Ta02307,20170608,Ta02307_20170608,Ta02307_20170608.jpg,quadrat_corner,3853,3200,4177,3456
Ta02307,20170608,Ta02307_20170608,Ta02307_20170608.jpg,quadrat_corner,1277,3282,1613,3456
Ta02021,20170608,Ta02021_20170608,Ta02021_20170608.jpg,clover,1420,256,3463,2482
Ta02021,20170608,Ta02021_20170608,Ta02021_20170608.jpg,quadrat,1076,0,4075,2947
Ta02021,20170608,Ta02021_20170608,Ta02021_20170608.jpg,quadrat_corner,1076,12,1395,344
Ta02021,20170608,Ta02021_20170608,Ta02021_20170608.jpg,quadrat_corner,3728,0,4066,286
Ta02021,20170608,Ta02021_20170608,Ta02021_20170608.jpg,quadrat_corner,3734,2576,4057,2908
Ta02021,20170608,Ta02021_20170608,Ta02021_20170608.jpg,quadrat_corner,1176,2646,1511,2963
Ta00403,20170703,Ta00403_20170703,Ta00403_20170703.jpg,clover,1423,371,4139,2735
Ta00403,20170703,Ta00403_20170703,Ta00403_20170703.jpg,quadrat,936,0,4495,3365
Ta00403,20170703,Ta00403_20170703,Ta00403_20170703.jpg,quadrat_corner,1039,0,1404,289
Ta00403,20170703,Ta00403_20170703,Ta00403_20170703.jpg,quadrat_corner,4011,0,4410,262
Ta00403,20170703,Ta00403_20170703,Ta00403_20170703.jpg,quadrat_corner,4090,2954,4492,3368
Ta00403,20170703,Ta00403_20170703,Ta00403_20170703.jpg,quadrat_corner,926,2938,1313,3334
Ta00105,20170703,Ta00105_20170703,Ta00105_20170703.jpg,clover,2085,834,3757,2451
Ta00105,20170703,Ta00105_20170703,Ta00105_20170703.jpg,quadrat_corner,1297,177,1688,556
Ta00105,20170703,Ta00105_20170703,Ta00105_20170703.jpg,quadrat_corner,4312,62,4697,401
Ta00105,20170703,Ta00105_20170703,Ta00105_20170703.jpg,quadrat_corner,4464,3074,4824,3450
Ta00105,20170703,Ta00105_20170703,Ta00105_20170703.jpg,quadrat_corner,1428,3216,1809,3456
Ta00105,20170703,Ta00105_20170703,Ta00105_20170703.jpg,quadrat,1273,62,4824,3456
Ta00495,20170703,Ta00495_20170703,Ta00495_20170703.jpg,clover,1895,152,3776,2817
Ta00495,20170703,Ta00495_20170703,Ta00495_20170703.jpg,quadrat,448,0,4157,3410
Ta00495,20170703,Ta00495_20170703,Ta00495_20170703.jpg,quadrat_corner,631,0,1036,259
Ta00495,20170703,Ta00495_20170703,Ta00495_20170703.jpg,quadrat_corner,3679,0,4072,280
Ta00495,20170703,Ta00495_20170703,Ta00495_20170703.jpg,quadrat_corner,3758,2993,4172,3426
Ta00495,20170703,Ta00495_20170703,Ta00495_20170703.jpg,quadrat_corner,448,2963,859,3386
Ta01761,20170703,Ta01761_20170703,Ta01761_20170703.jpg,quadrat,853,0,4471,3456
Ta01761,20170703,Ta01761_20170703,Ta01761_20170703.jpg,quadrat_corner,835,61,1237,460
Ta01761,20170703,Ta01761_20170703,Ta01761_20170703.jpg,quadrat_corner,3938,0,4315,304
Ta01761,20170703,Ta01761_20170703,Ta01761_20170703.jpg,quadrat_corner,4075,2954,4462,3352
Ta01761,20170703,Ta01761_20170703,Ta01761_20170703.jpg,quadrat_corner,1021,3167,1429,3456
Ta01830,20170703,Ta01830_20170703,Ta01830_20170703.jpg,clover,1661,1071,2554,1962
Ta01830,20170703,Ta01830_20170703,Ta01830_20170703.jpg,quadrat,730,0,4202,3456
Ta01830,20170703,Ta01830_20170703,Ta01830_20170703.jpg,quadrat_corner,726,0,1133,397
Ta01830,20170703,Ta01830_20170703,Ta01830_20170703.jpg,quadrat_corner,3823,21,4230,393
Ta01830,20170703,Ta01830_20170703,Ta01830_20170703.jpg,quadrat_corner,3788,3048,4178,3438
Ta01830,20170703,Ta01830_20170703,Ta01830_20170703.jpg,quadrat_corner,754,3100,1157,3456
Ta02217,20170608,Ta02217_20170608,Ta02217_20170608.jpg,clover,2750,938,3621,2034
Ta02217,20170608,Ta02217_20170608,Ta02217_20170608.jpg,quadrat,1541,0,4486,2801
Ta02217,20170608,Ta02217_20170608,Ta02217_20170608.jpg,quadrat_corner,1538,0,1870,207
Ta02217,20170608,Ta02217_20170608,Ta02217_20170608.jpg,quadrat_corner,4157,0,4483,195
Ta02217,20170608,Ta02217_20170608,Ta02217_20170608.jpg,quadrat_corner,4145,2488,4452,2804
Ta02217,20170608,Ta02217_20170608,Ta02217_20170608.jpg,quadrat_corner,1557,2500,1886,2804
Ta00801,20170703,Ta00801_20170703,Ta00801_20170703.jpg,clover,1182,350,3335,2734
Ta00801,20170703,Ta00801_20170703,Ta00801_20170703.jpg,quadrat,333,28,4002,3456
Ta00801,20170703,Ta00801_20170703,Ta00801_20170703.jpg,quadrat_corner,476,24,872,384
Ta00801,20170703,Ta00801_20170703,Ta00801_20170703.jpg,quadrat_corner,3509,37,3910,411
Ta00801,20170703,Ta00801_20170703,Ta00801_20170703.jpg,quadrat_corner,3615,3106,3990,3456
Ta00801,20170703,Ta00801_20170703,Ta00801_20170703.jpg,quadrat_corner,333,3106,756,3456
Ta00548,20170703,Ta00548_20170703,Ta00548_20170703.jpg,clover,1946,1051,3627,2613
Ta00548,20170703,Ta00548_20170703,Ta00548_20170703.jpg,quadrat,1149,61,4687,3456
Ta00548,20170703,Ta00548_20170703,Ta00548_20170703.jpg,quadrat_corner,1140,171,1526,560
Ta00548,20170703,Ta00548_20170703,Ta00548_20170703.jpg,quadrat_corner,4194,58,4574,417
Ta00548,20170703,Ta00548_20170703,Ta00548_20170703.jpg,quadrat_corner,4303,3091,4693,3456
Ta00548,20170703,Ta00548_20170703,Ta00548_20170703.jpg,quadrat_corner,1286,3237,1666,3456
Ta00702,20170703,Ta00702_20170703,Ta00702_20170703.jpg,clover,1809,563,3652,2299
Ta00702,20170703,Ta00702_20170703,Ta00702_20170703.jpg,quadrat,695,67,4224,3456
Ta00702,20170703,Ta00702_20170703,Ta00702_20170703.jpg,quadrat_corner,744,140,1097,490
Ta00702,20170703,Ta00702_20170703,Ta00702_20170703.jpg,quadrat_corner,3667,76,4044,411
Ta00702,20170703,Ta00702_20170703,Ta00702_20170703.jpg,quadrat_corner,3856,3048,4230,3453
Ta00702,20170703,Ta00702_20170703,Ta00702_20170703.jpg,quadrat_corner,692,3142,1079,3456
Ta01850,20170703,Ta01850_20170703,Ta01850_20170703.jpg,clover,1682,962,3040,1937
Ta01850,20170703,Ta01850_20170703,Ta01850_20170703.jpg,quadrat,512,0,4185,3395
Ta01850,20170703,Ta01850_20170703,Ta01850_20170703.jpg,quadrat_corner,662,0,1060,274
Ta01850,20170703,Ta01850_20170703,Ta01850_20170703.jpg,quadrat_corner,3691,0,4096,289
Ta01850,20170703,Ta01850_20170703,Ta01850_20170703.jpg,quadrat_corner,3795,2969,4194,3389
Ta01850,20170703,Ta01850_20170703,Ta01850_20170703.jpg,quadrat_corner,515,2975,905,3389
Ta00063,20170703,Ta00063_20170703,Ta00063_20170703.jpg,clover,750,256,4227,3313
Ta00063,20170703,Ta00063_20170703,Ta00063_20170703.jpg,quadrat,451,107,4197,3456
Ta00063,20170703,Ta00063_20170703,Ta00063_20170703.jpg,quadrat_corner,634,119,1006,472
Ta00063,20170703,Ta00063_20170703,Ta00063_20170703.jpg,quadrat_corner,3667,125,4041,460
Ta00063,20170703,Ta00063_20170703,Ta00063_20170703.jpg,quadrat_corner,3801,3170,4197,3456
Ta00063,20170703,Ta00063_20170703,Ta00063_20170703.jpg,quadrat_corner,482,3182,893,3456
Ta01718,20170703,Ta01718_20170703,Ta01718_20170703.jpg,clover,1971,1121,3472,2795
Ta01718,20170703,Ta01718_20170703,Ta01718_20170703.jpg,quadrat,1386,15,4919,3456
Ta01718,20170703,Ta01718_20170703,Ta01718_20170703.jpg,quadrat_corner,1392,15,1776,399
Ta01718,20170703,Ta01718_20170703,Ta01718_20170703.jpg,quadrat_corner,4541,12,4915,387
Ta01718,20170703,Ta01718_20170703,Ta01718_20170703.jpg,quadrat_corner,4474,3103,4882,3456
Ta01718,20170703,Ta01718_20170703,Ta01718_20170703.jpg,quadrat_corner,1429,3115,1816,3456
Ta01454,20170703,Ta01454_20170703,Ta01454_20170703.jpg,clover,1140,100,4175,2871
Ta01454,20170703,Ta01454_20170703,Ta01454_20170703.jpg,quadrat,735,0,4422,3401
Ta01454,20170703,Ta01454_20170703,Ta01454_20170703.jpg,quadrat_corner,862,0,1255,304
Ta01454,20170703,Ta01454_20170703,Ta01454_20170703.jpg,quadrat_corner,3895,0,4291,244
Ta01454,20170703,Ta01454_20170703,Ta01454_20170703.jpg,quadrat_corner,4026,2981,4419,3401
Ta01454,20170703,Ta01454_20170703,Ta01454_20170703.jpg,quadrat_corner,725,2993,1112,3404
Ta01320,20170703,Ta01320_20170703,Ta01320_20170703.jpg,clover,1018,882,3370,2290
Ta01320,20170703,Ta01320_20170703,Ta01320_20170703.jpg,quadrat,254,0,3919,3453
Ta01320,20170703,Ta01320_20170703,Ta01320_20170703.jpg,quadrat_corner,392,12,788,357
Ta01320,20170703,Ta01320_20170703,Ta01320_20170703.jpg,quadrat_corner,3405,12,3778,343
Ta01320,20170703,Ta01320_20170703,Ta01320_20170703.jpg,quadrat_corner,3530,3022,3923,3429
Ta01320,20170703,Ta01320_20170703,Ta01320_20170703.jpg,quadrat_corner,243,3071,661,3456
Ta01118,20170703,Ta01118_20170703,Ta01118_20170703.jpg,clover,1992,1279,2954,2159
Ta01118,20170703,Ta01118_20170703,Ta01118_20170703.jpg,quadrat,1307,15,4757,3429
Ta01118,20170703,Ta01118_20170703,Ta01118_20170703.jpg,quadrat_corner,1337,3,1691,378
Ta01118,20170703,Ta01118_20170703,Ta01118_20170703.jpg,quadrat_corner,4382,27,4757,408
Ta01118,20170703,Ta01118_20170703,Ta01118_20170703.jpg,quadrat_corner,4337,3054,4733,3438
Ta01118,20170703,Ta01118_20170703,Ta01118_20170703.jpg,quadrat_corner,1344,3072,1709,3444
Ta01567,20170703,Ta01567_20170703,Ta01567_20170703.jpg,clover,1374,390,3545,2369
Ta01567,20170703,Ta01567_20170703,Ta01567_20170703.jpg,quadrat,494,0,4145,3456
Ta01567,20170703,Ta01567_20170703,Ta01567_20170703.jpg,quadrat_corner,680,0,1054,323
Ta01567,20170703,Ta01567_20170703,Ta01567_20170703.jpg,quadrat_corner,3694,0,4072,320
Ta01567,20170703,Ta01567_20170703,Ta01567_20170703.jpg,quadrat_corner,3728,3039,4145,3453
Ta01567,20170703,Ta01567_20170703,Ta01567_20170703.jpg,quadrat_corner,494,2987,893,3395
Ta01806,20170703,Ta01806_20170703,Ta01806_20170703.jpg,clover,1791,368,3295,1903
Ta01806,20170703,Ta01806_20170703,Ta01806_20170703.jpg,quadrat,805,0,4815,3456
Ta01806,20170703,Ta01806_20170703,Ta01806_20170703.jpg,quadrat_corner,1009,12,1432,362
Ta01806,20170703,Ta01806_20170703,Ta01806_20170703.jpg,quadrat_corner,4200,6,4620,371
Ta01806,20170703,Ta01806_20170703,Ta01806_20170703.jpg,quadrat_corner,4379,3215,4809,3456
Ta01806,20170703,Ta01806_20170703,Ta01806_20170703.jpg,quadrat_corner,808,3179,1243,3456
Ta01124,20170703,Ta01124_20170703,Ta01124_20170703.jpg,clover,2053,338,2994,1395
Ta01124,20170703,Ta01124_20170703,Ta01124_20170703.jpg,quadrat,695,0,4166,3285
Ta01124,20170703,Ta01124_20170703,Ta01124_20170703.jpg,quadrat_corner,826,0,1210,274
Ta01124,20170703,Ta01124_20170703,Ta01124_20170703.jpg,quadrat_corner,3740,0,4093,298
Ta01124,20170703,Ta01124_20170703,Ta01124_20170703.jpg,quadrat_corner,3770,2893,4160,3298
Ta01124,20170703,Ta01124_20170703,Ta01124_20170703.jpg,quadrat_corner,707,2865,1066,3249
Ta01527,20170703,Ta01527_20170703,Ta01527_20170703.jpg,clover,1965,356,3959,2485
Ta01527,20170703,Ta01527_20170703,Ta01527_20170703.jpg,quadrat,1048,0,4647,3456
Ta01527,20170703,Ta01527_20170703,Ta01527_20170703.jpg,quadrat_corner,1222,0,1587,353
Ta01527,20170703,Ta01527_20170703,Ta01527_20170703.jpg,quadrat_corner,4245,0,4632,329
Ta01527,20170703,Ta01527_20170703,Ta01527_20170703.jpg,quadrat_corner,4251,3124,4672,3456
Ta01527,20170703,Ta01527_20170703,Ta01527_20170703.jpg,quadrat_corner,1039,3024,1426,3426
Ta01840,20170703,Ta01840_20170703,Ta01840_20170703.jpg,clover,366,436,3707,2268
Ta01840,20170703,Ta01840_20170703,Ta01840_20170703.jpg,quadrat,220,0,3927,3422
Ta01840,20170703,Ta01840_20170703,Ta01840_20170703.jpg,quadrat_corner,431,0,824,285
Ta01840,20170703,Ta01840_20170703,Ta01840_20170703.jpg,quadrat_corner,3457,0,3828,319
Ta01840,20170703,Ta01840_20170703,Ta01840_20170703.jpg,quadrat_corner,3537,3004,3927,3422
Ta01840,20170703,Ta01840_20170703,Ta01840_20170703.jpg,quadrat_corner,227,2967,613,3376
Ta00671,20170703,Ta00671_20170703,Ta00671_20170703.jpg,clover,1599,384,3576,2439
Ta00671,20170703,Ta00671_20170703,Ta00671_20170703.jpg,quadrat,789,0,4276,3395
Ta00671,20170703,Ta00671_20170703,Ta00671_20170703.jpg,quadrat_corner,920,0,1304,314
Ta00671,20170703,Ta00671_20170703,Ta00671_20170703.jpg,quadrat_corner,3889,9,4258,329
Ta00671,20170703,Ta00671_20170703,Ta00671_20170703.jpg,quadrat_corner,3895,3014,4276,3389
Ta00671,20170703,Ta00671_20170703,Ta00671_20170703.jpg,quadrat_corner,774,2935,1158,3319
Ta00399,20170703,Ta00399_20170703,Ta00399_20170703.jpg,clover,1313,378,3548,2466
Ta00399,20170703,Ta00399_20170703,Ta00399_20170703.jpg,quadrat,576,0,4239,3456
Ta00399,20170703,Ta00399_20170703,Ta00399_20170703.jpg,quadrat_corner,719,0,1106,353
Ta00399,20170703,Ta00399_20170703,Ta00399_20170703.jpg,quadrat_corner,3792,0,4166,341
Ta00399,20170703,Ta00399_20170703,Ta00399_20170703.jpg,quadrat_corner,3831,3088,4236,3456
Ta00399,20170703,Ta00399_20170703,Ta00399_20170703.jpg,quadrat_corner,570,3066,981,3456
Ta02063,20170703,Ta02063_20170703,Ta02063_20170703.jpg,clover,1567,1020,3143,2138
Ta02063,20170703,Ta02063_20170703,Ta02063_20170703.jpg,quadrat,783,42,4247,3456
Ta02063,20170703,Ta02063_20170703,Ta02063_20170703.jpg,quadrat_corner,795,39,1192,439
Ta02063,20170703,Ta02063_20170703,Ta02063_20170703.jpg,quadrat_corner,3835,55,4201,428
Ta02063,20170703,Ta02063_20170703,Ta02063_20170703.jpg,quadrat_corner,3852,3029,4224,3408
Ta02063,20170703,Ta02063_20170703,Ta02063_20170703.jpg,quadrat_corner,852,3098,1241,3456
Ta02180,20170703,Ta02180_20170703,Ta02180_20170703.jpg,clover,1751,405,3779,2609
Ta02180,20170703,Ta02180_20170703,Ta02180_20170703.jpg,quadrat,719,0,4299,3317
Ta02180,20170703,Ta02180_20170703,Ta02180_20170703.jpg,quadrat_corner,888,0,1252,332
Ta02180,20170703,Ta02180_20170703,Ta02180_20170703.jpg,quadrat_corner,3789,0,4165,294
Ta02180,20170703,Ta02180_20170703,Ta02180_20170703.jpg,quadrat_corner,3890,2907,4300,3316
Ta02180,20170703,Ta02180_20170703,Ta02180_20170703.jpg,quadrat_corner,731,2892,1106,3292
Ta02145,20170703,Ta02145_20170703,Ta02145_20170703.jpg,clover,1056,423,2525,2026
Ta02145,20170703,Ta02145_20170703,Ta02145_20170703.jpg,quadrat,289,0,3863,3421
Ta02145,20170703,Ta02145_20170703,Ta02145_20170703.jpg,quadrat_corner,364,0,753,328
Ta02145,20170703,Ta02145_20170703,Ta02145_20170703.jpg,quadrat_corner,3345,13,3724,349
Ta02145,20170703,Ta02145_20170703,Ta02145_20170703.jpg,quadrat_corner,3479,2973,3879,3384
Ta02145,20170703,Ta02145_20170703,Ta02145_20170703.jpg,quadrat_corner,279,3021,679,3432
Ta01706,20170703,Ta01706_20170703,Ta01706_20170703.jpg,clover,1077,189,3562,2918
Ta01706,20170703,Ta01706_20170703,Ta01706_20170703.jpg,quadrat,474,0,4187,3456
Ta01706,20170703,Ta01706_20170703,Ta01706_20170703.jpg,quadrat_corner,635,0,1013,350
Ta01706,20170703,Ta01706_20170703,Ta01706_20170703.jpg,quadrat_corner,3667,0,4054,316
Ta01706,20170703,Ta01706_20170703,Ta01706_20170703.jpg,quadrat_corner,3782,3051,4178,3456
Ta01706,20170703,Ta01706_20170703,Ta01706_20170703.jpg,quadrat_corner,471,3054,870,3456
Ta01253,20170703,Ta01253_20170703,Ta01253_20170703.jpg,clover,1295,380,3219,2625
Ta01253,20170703,Ta01253_20170703,Ta01253_20170703.jpg,quadrat,568,5,4222,3386
Ta01253,20170703,Ta01253_20170703,Ta01253_20170703.jpg,quadrat_corner,691,42,1059,383
Ta01253,20170703,Ta01253_20170703,Ta01253_20170703.jpg,quadrat_corner,3624,0,4003,298
Ta01253,20170703,Ta01253_20170703,Ta01253_20170703.jpg,quadrat_corner,3832,2895,4216,3322
Ta01253,20170703,Ta01253_20170703,Ta01253_20170703.jpg,quadrat_corner,558,2970,963,3391
Ta00555,20170703,Ta00555_20170703,Ta00555_20170703.jpg,clover,1323,1181,2966,2635
Ta00555,20170703,Ta00555_20170703,Ta00555_20170703.jpg,quadrat,959,14,4521,3456
Ta00555,20170703,Ta00555_20170703,Ta00555_20170703.jpg,quadrat_corner,977,5,1374,411
Ta00555,20170703,Ta00555_20170703,Ta00555_20170703.jpg,quadrat_corner,4138,37,4530,429
Ta00555,20170703,Ta00555_20170703,Ta00555_20170703.jpg,quadrat_corner,4059,3119,4470,3456
Ta00555,20170703,Ta00555_20170703,Ta00555_20170703.jpg,quadrat_corner,1023,3133,1425,3456
Ta00630,20170703,Ta00630_20170703,Ta00630_20170703.jpg,clover,1833,34,4144,2517
Ta00630,20170703,Ta00630_20170703,Ta00630_20170703.jpg,quadrat,1039,0,4783,3456
Ta00630,20170703,Ta00630_20170703,Ta00630_20170703.jpg,quadrat_corner,1221,38,1615,395
Ta00630,20170703,Ta00630_20170703,Ta00630_20170703.jpg,quadrat_corner,4245,0,4655,390
Ta00630,20170703,Ta00630_20170703,Ta00630_20170703.jpg,quadrat_corner,4330,3099,4773,3456
Ta00630,20170703,Ta00630_20170703,Ta00630_20170703.jpg,quadrat_corner,1039,3041,1445,3456
Ta02007,20170608,Ta02007_20170608,Ta02007_20170608.jpg,clover,1823,665,4397,3428
Ta02007,20170608,Ta02007_20170608,Ta02007_20170608.jpg,quadrat,1470,603,4450,3456
Ta02007,20170608,Ta02007_20170608,Ta02007_20170608.jpg,quadrat_corner,1470,597,1786,900
Ta02007,20170608,Ta02007_20170608,Ta02007_20170608.jpg,quadrat_corner,4119,625,4453,941
Ta02007,20170608,Ta02007_20170608,Ta02007_20170608.jpg,quadrat_corner,1489,3184,1811,3456
Ta02007,20170608,Ta02007_20170608,Ta02007_20170608.jpg,quadrat_corner,4045,3218,4357,3456
Ta00913,20170703,Ta00913_20170703,Ta00913_20170703.jpg,clover,1447,365,3628,1768
Ta00913,20170703,Ta00913_20170703,Ta00913_20170703.jpg,quadrat,532,0,4122,3417
Ta00913,20170703,Ta00913_20170703,Ta00913_20170703.jpg,quadrat_corner,644,0,1018,329
Ta00913,20170703,Ta00913_20170703,Ta00913_20170703.jpg,quadrat_corner,3658,0,4042,313
Ta00913,20170703,Ta00913_20170703,Ta00913_20170703.jpg,quadrat_corner,3732,3006,4138,3449
Ta00913,20170703,Ta00913_20170703,Ta00913_20170703.jpg,quadrat_corner,538,3017,932,3422
Ta01282,20170703,Ta01282_20170703,Ta01282_20170703.jpg,clover,2213,671,3389,1668
Ta01282,20170703,Ta01282_20170703,Ta01282_20170703.jpg,quadrat,623,0,4212,3345
Ta01282,20170703,Ta01282_20170703,Ta01282_20170703.jpg,quadrat_corner,712,0,1099,207
Ta01282,20170703,Ta01282_20170703,Ta01282_20170703.jpg,quadrat_corner,3775,0,4125,244
Ta01282,20170703,Ta01282_20170703,Ta01282_20170703.jpg,quadrat_corner,3834,2952,4218,3345
Ta01282,20170703,Ta01282_20170703,Ta01282_20170703.jpg,quadrat_corner,635,2955,1022,3348
Ta02267,20170703,Ta02267_20170703,Ta02267_20170703.jpg,clover,1532,1021,2844,2426
Ta02267,20170703,Ta02267_20170703,Ta02267_20170703.jpg,quadrat,437,238,3710,3394
Ta02267,20170703,Ta02267_20170703,Ta02267_20170703.jpg,quadrat_corner,542,251,873,566
Ta02267,20170703,Ta02267_20170703,Ta02267_20170703.jpg,quadrat_corner,3277,235,3615,560
Ta02267,20170703,Ta02267_20170703,Ta02267_20170703.jpg,quadrat_corner,3373,3010,3710,3348
Ta02267,20170703,Ta02267_20170703,Ta02267_20170703.jpg,quadrat_corner,434,3032,787,3394
Ta01934,20170703,Ta01934_20170703,Ta01934_20170703.jpg,clover,2331,863,3667,2135
Ta01934,20170703,Ta01934_20170703,Ta01934_20170703.jpg,quadrat,1316,74,4753,3456
Ta01934,20170703,Ta01934_20170703,Ta01934_20170703.jpg,quadrat_corner,1334,90,1693,452
Ta01934,20170703,Ta01934_20170703,Ta01934_20170703.jpg,quadrat_corner,4376,74,4753,436
Ta01934,20170703,Ta01934_20170703,Ta01934_20170703.jpg,quadrat_corner,4370,3119,4732,3456
Ta01934,20170703,Ta01934_20170703,Ta01934_20170703.jpg,quadrat_corner,1337,3122,1715,3456
Ta00340,20170703,Ta00340_20170703,Ta00340_20170703.jpg,clover,2857,244,4339,2129
Ta00340,20170703,Ta00340_20170703,Ta00340_20170703.jpg,quadrat,1285,0,4933,3456
Ta00340,20170703,Ta00340_20170703,Ta00340_20170703.jpg,quadrat_corner,1365,0,1730,328
Ta00340,20170703,Ta00340_20170703,Ta00340_20170703.jpg,quadrat_corner,4444,0,4831,257
Ta00340,20170703,Ta00340_20170703,Ta00340_20170703.jpg,quadrat_corner,4530,3082,4923,3456
Ta00340,20170703,Ta00340_20170703,Ta00340_20170703.jpg,quadrat_corner,1288,3057,1668,3456
Ta01639,20170703,Ta01639_20170703,Ta01639_20170703.jpg,clover,1662,483,3172,2317
Ta01639,20170703,Ta01639_20170703,Ta01639_20170703.jpg,quadrat,771,0,4298,3277
Ta01639,20170703,Ta01639_20170703,Ta01639_20170703.jpg,quadrat_corner,948,6,1316,306
Ta01639,20170703,Ta01639_20170703,Ta01639_20170703.jpg,quadrat_corner,3837,0,4199,312
Ta01639,20170703,Ta01639_20170703,Ta01639_20170703.jpg,quadrat_corner,3933,2896,4301,3277
Ta01639,20170703,Ta01639_20170703,Ta01639_20170703.jpg,quadrat_corner,777,2850,1136,3246
Ta02156,20170608,Ta02156_20170608,Ta02156_20170608.jpg,clover,1492,733,4119,3174
Ta02156,20170608,Ta02156_20170608,Ta02156_20170608.jpg,quadrat,1375,408,4264,3304
Ta02156,20170608,Ta02156_20170608,Ta02156_20170608.jpg,quadrat_corner,1375,442,1687,739
Ta02156,20170608,Ta02156_20170608,Ta02156_20170608.jpg,quadrat_corner,3936,418,4255,718
Ta02156,20170608,Ta02156_20170608,Ta02156_20170608.jpg,quadrat_corner,1409,2992,1727,3301
Ta02156,20170608,Ta02156_20170608,Ta02156_20170608.jpg,quadrat_corner,3961,2983,4267,3307
Ta00843,20170703,Ta00843_20170703,Ta00843_20170703.jpg,clover,1996,523,3652,2373
Ta00843,20170703,Ta00843_20170703,Ta00843_20170703.jpg,quadrat,740,0,4425,3292
Ta00843,20170703,Ta00843_20170703,Ta00843_20170703.jpg,quadrat_corner,867,0,1238,192
Ta00843,20170703,Ta00843_20170703,Ta00843_20170703.jpg,quadrat_corner,3899,0,4255,173
Ta00843,20170703,Ta00843_20170703,Ta00843_20170703.jpg,quadrat_corner,4048,2887,4425,3286
Ta00843,20170703,Ta00843_20170703,Ta00843_20170703.jpg,quadrat_corner,746,2899,1139,3298
Ta01344,20170703,Ta01344_20170703,Ta01344_20170703.jpg,clover,2021,628,3383,2073
Ta01344,20170703,Ta01344_20170703,Ta01344_20170703.jpg,quadrat,660,0,4171,3419
Ta01344,20170703,Ta01344_20170703,Ta01344_20170703.jpg,quadrat_corner,669,0,1043,350
Ta01344,20170703,Ta01344_20170703,Ta01344_20170703.jpg,quadrat_corner,3710,0,4085,254
Ta01344,20170703,Ta01344_20170703,Ta01344_20170703.jpg,quadrat_corner,3816,2902,4171,3264
Ta01344,20170703,Ta01344_20170703,Ta01344_20170703.jpg,quadrat_corner,808,3048,1192,3394
Ta02174,20170703,Ta02174_20170703,Ta02174_20170703.jpg,clover,1730,610,3017,2333
Ta02174,20170703,Ta02174_20170703,Ta02174_20170703.jpg,quadrat,446,0,3868,3181
Ta02174,20170703,Ta02174_20170703,Ta02174_20170703.jpg,quadrat_corner,530,0,898,170
Ta02174,20170703,Ta02174_20170703,Ta02174_20170703.jpg,quadrat_corner,3447,0,3797,195
Ta02174,20170703,Ta02174_20170703,Ta02174_20170703.jpg,quadrat_corner,3512,2816,3874,3181
Ta02174,20170703,Ta02174_20170703,Ta02174_20170703.jpg,quadrat_corner,440,2816,821,3187
Ta01442,20170703,Ta01442_20170703,Ta01442_20170703.jpg,clover,1474,37,4085,2271
Ta01442,20170703,Ta01442_20170703,Ta01442_20170703.jpg,quadrat,725,0,4249,3261
Ta01442,20170703,Ta01442_20170703,Ta01442_20170703.jpg,quadrat_corner,904,0,1269,195
Ta01442,20170703,Ta01442_20170703,Ta01442_20170703.jpg,quadrat_corner,3828,0,4196,254
Ta01442,20170703,Ta01442_20170703,Ta01442_20170703.jpg,quadrat_corner,3878,2896,4243,3249
Ta01442,20170703,Ta01442_20170703,Ta01442_20170703.jpg,quadrat_corner,731,2822,1105,3199
Ta01705,20170703,Ta01705_20170703,Ta01705_20170703.jpg,clover,1541,27,4105,2746
Ta01705,20170703,Ta01705_20170703,Ta01705_20170703.jpg,quadrat,658,0,4294,3392
Ta01705,20170703,Ta01705_20170703,Ta01705_20170703.jpg,quadrat_corner,789,0,1173,253
Ta01705,20170703,Ta01705_20170703,Ta01705_20170703.jpg,quadrat_corner,3834,0,4197,262
Ta01705,20170703,Ta01705_20170703,Ta01705_20170703.jpg,quadrat_corner,3920,2990,4291,3389
Ta01705,20170703,Ta01705_20170703,Ta01705_20170703.jpg,quadrat_corner,655,2972,1048,3371
Ta00375,20170703,Ta00375_20170703,Ta00375_20170703.jpg,clover,2050,612,3655,3063
Ta00375,20170703,Ta00375_20170703,Ta00375_20170703.jpg,quadrat,805,30,4273,3307
Ta00375,20170703,Ta00375_20170703,Ta00375_20170703.jpg,quadrat_corner,936,61,1277,384
Ta00375,20170703,Ta00375_20170703,Ta00375_20170703.jpg,quadrat_corner,3786,46,4136,350
Ta00375,20170703,Ta00375_20170703,Ta00375_20170703.jpg,quadrat_corner,3907,2917,4273,3301
Ta00375,20170703,Ta00375_20170703,Ta00375_20170703.jpg,quadrat_corner,805,2914,1170,3307
Ta01964,20170608,Ta01964_20170608,Ta01964_20170608.jpg,clover,2056,1720,2826,2071
Ta01964,20170608,Ta01964_20170608,Ta01964_20170608.jpg,quadrat,1045,585,3980,3456
Ta01964,20170608,Ta01964_20170608,Ta01964_20170608.jpg,quadrat_corner,1051,600,1374,917
Ta01964,20170608,Ta01964_20170608,Ta01964_20170608.jpg,quadrat_corner,3652,582,3987,889
Ta01964,20170608,Ta01964_20170608,Ta01964_20170608.jpg,quadrat_corner,3667,3176,3971,3456
Ta01964,20170608,Ta01964_20170608,Ta01964_20170608.jpg,quadrat_corner,1100,3209,1423,3456
Ta02126,20170703,Ta02126_20170703,Ta02126_20170703.jpg,clover,1870,652,3143,2740
Ta02126,20170703,Ta02126_20170703,Ta02126_20170703.jpg,quadrat,1127,0,4669,3419
Ta02126,20170703,Ta02126_20170703,Ta02126_20170703.jpg,quadrat_corner,1146,0,1502,362
Ta02126,20170703,Ta02126_20170703,Ta02126_20170703.jpg,quadrat_corner,4218,6,4589,253
Ta02126,20170703,Ta02126_20170703,Ta02126_20170703.jpg,quadrat_corner,4294,2954,4650,3322
Ta02126,20170703,Ta02126_20170703,Ta02126_20170703.jpg,quadrat_corner,1264,3066,1636,3432
Ta02310,20170608,Ta02310_20170608,Ta02310_20170608.jpg,clover,1499,1169,3740,2680
Ta02310,20170608,Ta02310_20170608,Ta02310_20170608.jpg,quadrat,1219,448,4130,3386
Ta02310,20170608,Ta02310_20170608,Ta02310_20170608.jpg,quadrat_corner,1283,460,1593,758
Ta02310,20170608,Ta02310_20170608,Ta02310_20170608.jpg,quadrat_corner,3825,530,4145,825
Ta02310,20170608,Ta02310_20170608,Ta02310_20170608.jpg,quadrat_corner,3746,3069,4057,3386
Ta02310,20170608,Ta02310_20170608,Ta02310_20170608.jpg,quadrat_corner,1210,3002,1526,3319
Ta02343,20170703,Ta02343_20170703,Ta02343_20170703.jpg,clover,1806,192,3606,2119
Ta02343,20170703,Ta02343_20170703,Ta02343_20170703.jpg,quadrat,354,0,4026,3316
Ta02343,20170703,Ta02343_20170703,Ta02343_20170703.jpg,quadrat_corner,458,0,829,238
Ta02343,20170703,Ta02343_20170703,Ta02343_20170703.jpg,quadrat_corner,3463,0,3843,174
Ta02343,20170703,Ta02343_20170703,Ta02343_20170703.jpg,quadrat_corner,3655,2841,4032,3240
Ta02343,20170703,Ta02343_20170703,Ta02343_20170703.jpg,quadrat_corner,357,2917,744,3313
Ta01196,20170703,Ta01196_20170703,Ta01196_20170703.jpg,clover,2544,861,4096,2437
Ta01196,20170703,Ta01196_20170703,Ta01196_20170703.jpg,quadrat,1212,0,4796,3456
Ta01196,20170703,Ta01196_20170703,Ta01196_20170703.jpg,quadrat_corner,1367,3,1751,360
Ta01196,20170703,Ta01196_20170703,Ta01196_20170703.jpg,quadrat_corner,4343,0,4748,355
Ta01196,20170703,Ta01196_20170703,Ta01196_20170703.jpg,quadrat_corner,4380,3054,4785,3456
Ta01196,20170703,Ta01196_20170703,Ta01196_20170703.jpg,quadrat_corner,1223,2979,1607,3395
Ta02141,20170608,Ta02141_20170608,Ta02141_20170608.jpg,clover,1429,1026,3448,2415
Ta02141,20170608,Ta02141_20170608,Ta02141_20170608.jpg,quadrat,859,463,3923,3456
Ta02141,20170608,Ta02141_20170608,Ta02141_20170608.jpg,quadrat_corner,866,594,1179,913
Ta02141,20170608,Ta02141_20170608,Ta02141_20170608.jpg,quadrat_corner,3460,463,3795,776
Ta02141,20170608,Ta02141_20170608,Ta02141_20170608.jpg,quadrat_corner,3609,3072,3910,3398
Ta02141,20170608,Ta02141_20170608,Ta02141_20170608.jpg,quadrat_corner,984,3209,1310,3456
Ta00542,20170703,Ta00542_20170703,Ta00542_20170703.jpg,clover,792,344,2936,2929
Ta00542,20170703,Ta00542_20170703,Ta00542_20170703.jpg,quadrat,406,88,3892,3426
Ta00542,20170703,Ta00542_20170703,Ta00542_20170703.jpg,quadrat_corner,524,97,887,417
Ta00542,20170703,Ta00542_20170703,Ta00542_20170703.jpg,quadrat_corner,3432,88,3789,426
Ta00542,20170703,Ta00542_20170703,Ta00542_20170703.jpg,quadrat_corner,3518,3030,3898,3419
Ta00542,20170703,Ta00542_20170703,Ta00542_20170703.jpg,quadrat_corner,403,3051,777,3429
Ta01348,20170703,Ta01348_20170703,Ta01348_20170703.jpg,clover,1688,813,3685,2722
Ta01348,20170703,Ta01348_20170703,Ta01348_20170703.jpg,quadrat,445,228,3956,3456
Ta01348,20170703,Ta01348_20170703,Ta01348_20170703.jpg,quadrat_corner,619,222,981,548
Ta01348,20170703,Ta01348_20170703,Ta01348_20170703.jpg,quadrat_corner,3484,228,3853,551
Ta01348,20170703,Ta01348_20170703,Ta01348_20170703.jpg,quadrat_corner,3588,3130,3947,3456
Ta01348,20170703,Ta01348_20170703,Ta01348_20170703.jpg,quadrat_corner,439,3109,832,3456
Ta01145,20170703,Ta01145_20170703,Ta01145_20170703.jpg,clover,579,0,3661,2138
Ta01145,20170703,Ta01145_20170703,Ta01145_20170703.jpg,quadrat,363,0,3956,3325
Ta01145,20170703,Ta01145_20170703,Ta01145_20170703.jpg,quadrat_corner,482,0,866,247
Ta01145,20170703,Ta01145_20170703,Ta01145_20170703.jpg,quadrat_corner,3481,0,3850,247
Ta01145,20170703,Ta01145_20170703,Ta01145_20170703.jpg,quadrat_corner,3588,2923,3953,3322
Ta01145,20170703,Ta01145_20170703,Ta01145_20170703.jpg,quadrat_corner,363,2944,738,3331
Ta01403,20170703,Ta01403_20170703,Ta01403_20170703.jpg,clover,2412,1014,3344,1559
Ta01403,20170703,Ta01403_20170703,Ta01403_20170703.jpg,quadrat,619,0,4215,3365
Ta01403,20170703,Ta01403_20170703,Ta01403_20170703.jpg,quadrat_corner,738,3,1103,289
Ta01403,20170703,Ta01403_20170703,Ta01403_20170703.jpg,quadrat_corner,3725,0,4105,256
Ta01403,20170703,Ta01403_20170703,Ta01403_20170703.jpg,quadrat_corner,3834,2966,4218,3356
Ta01403,20170703,Ta01403_20170703,Ta01403_20170703.jpg,quadrat_corner,622,2984,990,3368
Ta02288,20170703,Ta02288_20170703,Ta02288_20170703.jpg,clover,1395,0,3993,2524
Ta02288,20170703,Ta02288_20170703,Ta02288_20170703.jpg,quadrat,735,0,4379,3456
Ta02288,20170703,Ta02288_20170703,Ta02288_20170703.jpg,quadrat_corner,875,30,1252,368
Ta02288,20170703,Ta02288_20170703,Ta02288_20170703.jpg,quadrat_corner,3917,0,4297,347
Ta02288,20170703,Ta02288_20170703,Ta02288_20170703.jpg,quadrat_corner,3990,3118,4379,3456
Ta02288,20170703,Ta02288_20170703,Ta02288_20170703.jpg,quadrat_corner,735,3088,1121,3456
Ta00368,20170703,Ta00368_20170703,Ta00368_20170703.jpg,clover,1082,840,3295,2698
Ta00368,20170703,Ta00368_20170703,Ta00368_20170703.jpg,quadrat,467,0,4093,3438
Ta00368,20170703,Ta00368_20170703,Ta00368_20170703.jpg,quadrat_corner,640,0,1015,295
Ta00368,20170703,Ta00368_20170703,Ta00368_20170703.jpg,quadrat_corner,3667,0,4041,314
Ta00368,20170703,Ta00368_20170703,Ta00368_20170703.jpg,quadrat_corner,3700,3045,4090,3438
Ta00368,20170703,Ta00368_20170703,Ta00368_20170703.jpg,quadrat_corner,473,2981,847,3392
Ta01885,20170703,Ta01885_20170703,Ta01885_20170703.jpg,clover,1398,317,4178,2844
Ta01885,20170703,Ta01885_20170703,Ta01885_20170703.jpg,quadrat,713,0,4562,3365
Ta01885,20170703,Ta01885_20170703,Ta01885_20170703.jpg,quadrat_corner,890,0,1267,262
Ta01885,20170703,Ta01885_20170703,Ta01885_20170703.jpg,quadrat_corner,3932,0,4322,241
Ta01885,20170703,Ta01885_20170703,Ta01885_20170703.jpg,quadrat_corner,4151,2941,4556,3371
Ta01885,20170703,Ta01885_20170703,Ta01885_20170703.jpg,quadrat_corner,707,2944,1112,3365
Ta01817,20170703,Ta01817_20170703,Ta01817_20170703.jpg,clover,1462,1084,3305,3072
Ta01817,20170703,Ta01817_20170703,Ta01817_20170703.jpg,quadrat,823,155,4251,3456
Ta01817,20170703,Ta01817_20170703,Ta01817_20170703.jpg,quadrat_corner,881,161,1249,509
Ta01817,20170703,Ta01817_20170703,Ta01817_20170703.jpg,quadrat_corner,3892,238,4239,591
Ta01817,20170703,Ta01817_20170703,Ta01817_20170703.jpg,quadrat_corner,3831,3228,4181,3456
Ta01817,20170703,Ta01817_20170703,Ta01817_20170703.jpg,quadrat_corner,823,3188,1197,3456
Ta01316,20170703,Ta01316_20170703,Ta01316_20170703.jpg,clover,1286,929,3438,3398
Ta01316,20170703,Ta01316_20170703,Ta01316_20170703.jpg,quadrat,969,167,4398,3456
Ta01316,20170703,Ta01316_20170703,Ta01316_20170703.jpg,quadrat_corner,984,174,1344,539
Ta01316,20170703,Ta01316_20170703,Ta01316_20170703.jpg,quadrat_corner,4032,204,4404,585
Ta01316,20170703,Ta01316_20170703,Ta01316_20170703.jpg,quadrat_corner,4002,3225,4373,3456
Ta01316,20170703,Ta01316_20170703,Ta01316_20170703.jpg,quadrat_corner,981,3246,1365,3456
Ta01414,20170703,Ta01414_20170703,Ta01414_20170703.jpg,clover,1109,466,3706,2101
Ta01414,20170703,Ta01414_20170703,Ta01414_20170703.jpg,quadrat,625,18,4087,3410
Ta01414,20170703,Ta01414_20170703,Ta01414_20170703.jpg,quadrat_corner,725,30,1079,356
Ta01414,20170703,Ta01414_20170703,Ta01414_20170703.jpg,quadrat_corner,3673,12,4035,353
Ta01414,20170703,Ta01414_20170703,Ta01414_20170703.jpg,quadrat_corner,3725,3021,4090,3419
Ta01414,20170703,Ta01414_20170703,Ta01414_20170703.jpg,quadrat_corner,598,3002,969,3377
Ta00420,20170703,Ta00420_20170703,Ta00420_20170703.jpg,clover,1879,375,3411,2348
Ta00420,20170703,Ta00420_20170703,Ta00420_20170703.jpg,quadrat,442,82,4130,3456
Ta00420,20170703,Ta00420_20170703,Ta00420_20170703.jpg,quadrat_corner,619,161,978,502
Ta00420,20170703,Ta00420_20170703,Ta00420_20170703.jpg,quadrat_corner,3569,70,3938,399
Ta00420,20170703,Ta00420_20170703,Ta00420_20170703.jpg,quadrat_corner,3731,3057,4124,3456
Ta00420,20170703,Ta00420_20170703,Ta00420_20170703.jpg,quadrat_corner,451,3106,844,3450
Ta01539,20170703,Ta01539_20170703,Ta01539_20170703.jpg,clover,1298,396,3234,2268
Ta01539,20170703,Ta01539_20170703,Ta01539_20170703.jpg,quadrat,372,37,3965,3456
Ta01539,20170703,Ta01539_20170703,Ta01539_20170703.jpg,quadrat_corner,479,37,841,390
Ta01539,20170703,Ta01539_20170703,Ta01539_20170703.jpg,quadrat_corner,3512,49,3874,387
Ta01539,20170703,Ta01539_20170703,Ta01539_20170703.jpg,quadrat_corner,3588,3121,3947,3456
Ta01539,20170703,Ta01539_20170703,Ta01539_20170703.jpg,quadrat_corner,372,3121,759,3456
Ta00644,20170703,Ta00644_20170703,Ta00644_20170703.jpg,clover,1700,603,4230,2381
Ta00644,20170703,Ta00644_20170703,Ta00644_20170703.jpg,quadrat,1261,0,4806,3456
Ta00644,20170703,Ta00644_20170703,Ta00644_20170703.jpg,quadrat_corner,1295,85,1648,426
Ta00644,20170703,Ta00644_20170703,Ta00644_20170703.jpg,quadrat_corner,4312,3,4705,347
Ta00644,20170703,Ta00644_20170703,Ta00644_20170703.jpg,quadrat_corner,4425,3118,4806,3456
Ta00644,20170703,Ta00644_20170703,Ta00644_20170703.jpg,quadrat_corner,1255,3121,1630,3456
Ta01190,20170703,Ta01190_20170703,Ta01190_20170703.jpg,clover,1009,542,3107,2314
Ta01190,20170703,Ta01190_20170703,Ta01190_20170703.jpg,quadrat,771,0,4538,3456
Ta01190,20170703,Ta01190_20170703,Ta01190_20170703.jpg,quadrat_corner,939,0,1304,308
Ta01190,20170703,Ta01190_20170703,Ta01190_20170703.jpg,quadrat_corner,4032,0,4416,280
Ta01190,20170703,Ta01190_20170703,Ta01190_20170703.jpg,quadrat_corner,4136,3075,4529,3456
Ta01190,20170703,Ta01190_20170703,Ta01190_20170703.jpg,quadrat_corner,771,3060,1170,3456
Ta02050,20170608,Ta02050_20170608,Ta02050_20170608.jpg,clover,2294,1358,3207,2314
Ta02050,20170608,Ta02050_20170608,Ta02050_20170608.jpg,quadrat,1371,609,4273,3456
Ta02050,20170608,Ta02050_20170608,Ta02050_20170608.jpg,quadrat_corner,1365,612,1685,910
Ta02050,20170608,Ta02050_20170608,Ta02050_20170608.jpg,quadrat_corner,3947,621,4258,917
Ta02050,20170608,Ta02050_20170608,Ta02050_20170608.jpg,quadrat_corner,3935,3185,4255,3456
Ta02050,20170608,Ta02050_20170608,Ta02050_20170608.jpg,quadrat_corner,1389,3179,1703,3456
unkown.,20170703,unkown._20170703,unkown._20170703.jpg,clover,1249,378,2976,1790
unkown.,20170703,unkown._20170703,unkown._20170703.jpg,quadrat,759,61,4303,3456
unkown.,20170703,unkown._20170703,unkown._20170703.jpg,quadrat_corner,805,125,1179,463
unkown.,20170703,unkown._20170703,unkown._20170703.jpg,quadrat_corner,3807,61,4194,411
unkown.,20170703,unkown._20170703,unkown._20170703.jpg,quadrat_corner,3917,3148,4291,3456
unkown.,20170703,unkown._20170703,unkown._20170703.jpg,quadrat_corner,747,3167,1133,3456
Ta02240,20170608,Ta02240_20170608,Ta02240_20170608.jpg,clover,2482,1733,3192,2186
Ta02240,20170608,Ta02240_20170608,Ta02240_20170608.jpg,quadrat,850,646,3850,3456
Ta02240,20170608,Ta02240_20170608,Ta02240_20170608.jpg,quadrat_corner,844,694,1164,1035
Ta02240,20170608,Ta02240_20170608,Ta02240_20170608.jpg,quadrat_corner,3454,633,3773,950
Ta02240,20170608,Ta02240_20170608,Ta02240_20170608.jpg,quadrat_corner,3530,3209,3840,3456
Ta02240,20170608,Ta02240_20170608,Ta02240_20170608.jpg,quadrat_corner,939,3337,1258,3456
Ta01731,20170703,Ta01731_20170703,Ta01731_20170703.jpg,clover,1103,582,2890,2409
Ta01731,20170703,Ta01731_20170703,Ta01731_20170703.jpg,quadrat,494,91,3993,3456
Ta01731,20170703,Ta01731_20170703,Ta01731_20170703.jpg,quadrat_corner,585,140,939,487
Ta01731,20170703,Ta01731_20170703,Ta01731_20170703.jpg,quadrat_corner,3496,85,3859,420
Ta01731,20170703,Ta01731_20170703,Ta01731_20170703.jpg,quadrat_corner,3621,3057,3977,3432
Ta01731,20170703,Ta01731_20170703,Ta01731_20170703.jpg,quadrat_corner,506,3097,872,3456
Ta00379,20170703,Ta00379_20170703,Ta00379_20170703.jpg,clover,771,238,3771,2737
Ta00379,20170703,Ta00379_20170703,Ta00379_20170703.jpg,quadrat,515,0,4340,3386
Ta00379,20170703,Ta00379_20170703,Ta00379_20170703.jpg,quadrat_corner,671,64,1057,375
Ta00379,20170703,Ta00379_20170703,Ta00379_20170703.jpg,quadrat_corner,3639,0,4011,286
Ta00379,20170703,Ta00379_20170703,Ta00379_20170703.jpg,quadrat_corner,521,2960,917,3392
Ta00379,20170703,Ta00379_20170703,Ta00379_20170703.jpg,quadrat_corner,3962,2859,4346,3304
Ta01371,20170703,Ta01371_20170703,Ta01371_20170703.jpg,clover,2099,773,3161,1958
Ta01371,20170703,Ta01371_20170703,Ta01371_20170703.jpg,quadrat,680,0,4200,3426
Ta01371,20170703,Ta01371_20170703,Ta01371_20170703.jpg,quadrat_corner,789,0,1155,347
Ta01371,20170703,Ta01371_20170703,Ta01371_20170703.jpg,quadrat_corner,3773,9,4127,338
Ta01371,20170703,Ta01371_20170703,Ta01371_20170703.jpg,quadrat_corner,3825,3048,4206,3423
Ta01371,20170703,Ta01371_20170703,Ta01371_20170703.jpg,quadrat_corner,674,2999,1045,3395
Ta01716,20170703,Ta01716_20170703,Ta01716_20170703.jpg,clover,856,335,3320,3188
Ta01716,20170703,Ta01716_20170703,Ta01716_20170703.jpg,quadrat,275,40,3825,3404
Ta01716,20170703,Ta01716_20170703,Ta01716_20170703.jpg,quadrat_corner,442,43,814,359
Ta01716,20170703,Ta01716_20170703,Ta01716_20170703.jpg,quadrat_corner,3359,58,3731,381
Ta01716,20170703,Ta01716_20170703,Ta01716_20170703.jpg,quadrat_corner,3426,2999,3810,3401
Ta01716,20170703,Ta01716_20170703,Ta01716_20170703.jpg,quadrat_corner,275,2981,640,3380
Ta02210,20170703,Ta02210_20170703,Ta02210_20170703.jpg,clover,1943,953,3265,2186
Ta02210,20170703,Ta02210_20170703,Ta02210_20170703.jpg,quadrat,397,9,3987,3416
Ta02210,20170703,Ta02210_20170703,Ta02210_20170703.jpg,quadrat_corner,518,64,872,387
Ta02210,20170703,Ta02210_20170703,Ta02210_20170703.jpg,quadrat_corner,3463,21,3828,338
Ta02210,20170703,Ta02210_20170703,Ta02210_20170703.jpg,quadrat_corner,3606,2996,3971,3395
Ta02210,20170703,Ta02210_20170703,Ta02210_20170703.jpg,quadrat_corner,375,3030,768,3435
Ta01297,20170703,Ta01297_20170703,Ta01297_20170703.jpg,clover,1758,222,3819,2503
Ta01297,20170703,Ta01297_20170703,Ta01297_20170703.jpg,quadrat,655,58,4236,3453
Ta01297,20170703,Ta01297_20170703,Ta01297_20170703.jpg,quadrat_corner,805,94,1152,423
Ta01297,20170703,Ta01297_20170703,Ta01297_20170703.jpg,quadrat_corner,3725,70,4102,402
Ta01297,20170703,Ta01297_20170703,Ta01297_20170703.jpg,quadrat_corner,3862,3066,4242,3453
Ta01297,20170703,Ta01297_20170703,Ta01297_20170703.jpg,quadrat_corner,649,3060,1042,3447
Ta00953,20170703,Ta00953_20170703,Ta00953_20170703.jpg,clover,753,12,3904,2387
Ta00953,20170703,Ta00953_20170703,Ta00953_20170703.jpg,quadrat,515,0,4285,3456
Ta00953,20170703,Ta00953_20170703,Ta00953_20170703.jpg,quadrat_corner,680,0,1063,228
Ta00953,20170703,Ta00953_20170703,Ta00953_20170703.jpg,quadrat_corner,3828,0,4197,283
Ta00953,20170703,Ta00953_20170703,Ta00953_20170703.jpg,quadrat_corner,3883,3106,4279,3456
Ta00953,20170703,Ta00953_20170703,Ta00953_20170703.jpg,quadrat_corner,518,3054,923,3456
Ta01514,20170703,Ta01514_20170703,Ta01514_20170703.jpg,clover,546,298,3676,2917
Ta01514,20170703,Ta01514_20170703,Ta01514_20170703.jpg,quadrat,585,9,4224,3386
Ta01514,20170703,Ta01514_20170703,Ta01514_20170703.jpg,quadrat_corner,662,0,1033,234
Ta01514,20170703,Ta01514_20170703,Ta01514_20170703.jpg,quadrat_corner,3737,0,4127,201
Ta01514,20170703,Ta01514_20170703,Ta01514_20170703.jpg,quadrat_corner,3825,2993,4221,3377
Ta01514,20170703,Ta01514_20170703,Ta01514_20170703.jpg,quadrat_corner,591,2999,972,3386
Ta02207,20170703,Ta02207_20170703,Ta02207_20170703.jpg,clover,1800,542,3116,2521
Ta02207,20170703,Ta02207_20170703,Ta02207_20170703.jpg,quadrat,366,18,3932,3426
Ta02207,20170703,Ta02207_20170703,Ta02207_20170703.jpg,quadrat_corner,464,58,826,390
Ta02207,20170703,Ta02207_20170703,Ta02207_20170703.jpg,quadrat_corner,3408,12,3783,356
Ta02207,20170703,Ta02207_20170703,Ta02207_20170703.jpg,quadrat_corner,3548,2996,3923,3374
Ta02207,20170703,Ta02207_20170703,Ta02207_20170703.jpg,quadrat_corner,363,3048,747,3435
Ta00251,20170703,Ta00251_20170703,Ta00251_20170703.jpg,clover,1560,929,3125,2369
Ta00251,20170703,Ta00251_20170703,Ta00251_20170703.jpg,quadrat,710,6,4382,3380
Ta00251,20170703,Ta00251_20170703,Ta00251_20170703.jpg,quadrat_corner,811,0,1167,292
Ta00251,20170703,Ta00251_20170703,Ta00251_20170703.jpg,quadrat_corner,3828,0,4215,213
Ta00251,20170703,Ta00251_20170703,Ta00251_20170703.jpg,quadrat_corner,3984,2938,4373,3340
Ta00251,20170703,Ta00251_20170703,Ta00251_20170703.jpg,quadrat_corner,716,2990,1103,3383
Ta00033,20170703,Ta00033_20170703,Ta00033_20170703.jpg,clover,1371,463,3953,2881
Ta00033,20170703,Ta00033_20170703,Ta00033_20170703.jpg,quadrat,305,0,4172,3456
Ta00033,20170703,Ta00033_20170703,Ta00033_20170703.jpg,quadrat_corner,546,0,933,219
Ta00033,20170703,Ta00033_20170703,Ta00033_20170703.jpg,quadrat_corner,3706,0,4087,250
Ta00033,20170703,Ta00033_20170703,Ta00033_20170703.jpg,quadrat_corner,3761,3085,4163,3456
Ta00033,20170703,Ta00033_20170703,Ta00033_20170703.jpg,quadrat_corner,308,3024,695,3426
Ta01100,20170703,Ta01100_20170703,Ta01100_20170703.jpg,clover,1648,1084,3097,2488
Ta01100,20170703,Ta01100_20170703,Ta01100_20170703.jpg,quadrat,528,40,3941,3456
Ta01100,20170703,Ta01100_20170703,Ta01100_20170703.jpg,quadrat_corner,543,46,917,402
Ta01100,20170703,Ta01100_20170703,Ta01100_20170703.jpg,quadrat_corner,3609,73,3950,438
Ta01100,20170703,Ta01100_20170703,Ta01100_20170703.jpg,quadrat_corner,3591,3066,3944,3432
Ta01100,20170703,Ta01100_20170703,Ta01100_20170703.jpg,quadrat_corner,564,3145,939,3456
Ta01991,20170608,Ta01991_20170608,Ta01991_20170608.jpg,clover,2242,816,3761,1930
Ta01991,20170608,Ta01991_20170608,Ta01991_20170608.jpg,quadrat,1264,0,4264,2896
Ta01991,20170608,Ta01991_20170608,Ta01991_20170608.jpg,quadrat_corner,1261,0,1587,304
Ta01991,20170608,Ta01991_20170608,Ta01991_20170608.jpg,quadrat_corner,3941,0,4264,308
Ta01991,20170608,Ta01991_20170608,Ta01991_20170608.jpg,quadrat_corner,3862,2603,4157,2896
Ta01991,20170608,Ta01991_20170608,Ta01991_20170608.jpg,quadrat_corner,1316,2588,1627,2881
Ta01634,20170703,Ta01634_20170703,Ta01634_20170703.jpg,clover,1542,851,2290,2463
Ta01634,20170703,Ta01634_20170703,Ta01634_20170703.jpg,quadrat,428,0,3908,3354
Ta01634,20170703,Ta01634_20170703,Ta01634_20170703.jpg,quadrat_corner,431,0,805,241
Ta01634,20170703,Ta01634_20170703,Ta01634_20170703.jpg,quadrat_corner,3500,0,3893,232
Ta01634,20170703,Ta01634_20170703,Ta01634_20170703.jpg,quadrat_corner,3562,2902,3902,3264
Ta01634,20170703,Ta01634_20170703,Ta01634_20170703.jpg,quadrat_corner,502,3004,889,3360
Ta00042,20170703,Ta00042_20170703,Ta00042_20170703.jpg,clover,1306,337,3138,2302
Ta00042,20170703,Ta00042_20170703,Ta00042_20170703.jpg,quadrat,400,65,4045,3456
Ta00042,20170703,Ta00042_20170703,Ta00042_20170703.jpg,quadrat_corner,552,114,917,442
Ta00042,20170703,Ta00042_20170703,Ta00042_20170703.jpg,quadrat_corner,3546,62,3915,399
Ta00042,20170703,Ta00042_20170703,Ta00042_20170703.jpg,quadrat_corner,3661,3103,4054,3456
Ta00042,20170703,Ta00042_20170703,Ta00042_20170703.jpg,quadrat_corner,394,3131,793,3456
Ta02283,20170608,Ta02283_20170608,Ta02283_20170608.jpg,clover,1894,1389,3519,3134
Ta02283,20170608,Ta02283_20170608,Ta02283_20170608.jpg,quadrat,1096,684,4017,3456
Ta02283,20170608,Ta02283_20170608,Ta02283_20170608.jpg,quadrat_corner,1090,727,1396,1018
Ta02283,20170608,Ta02283_20170608,Ta02283_20170608.jpg,quadrat_corner,3642,678,3952,978
Ta02283,20170608,Ta02283_20170608,Ta02283_20170608.jpg,quadrat_corner,3707,3246,4008,3456
Ta02283,20170608,Ta02283_20170608,Ta02283_20170608.jpg,quadrat_corner,1139,3277,1461,3456
Ta00047,20170703,Ta00047_20170703,Ta00047_20170703.jpg,clover,1702,1077,3760,2983
Ta00047,20170703,Ta00047_20170703,Ta00047_20170703.jpg,quadrat,895,22,4366,3456
Ta00047,20170703,Ta00047_20170703,Ta00047_20170703.jpg,quadrat_corner,904,105,1266,467
Ta00047,20170703,Ta00047_20170703,Ta00047_20170703.jpg,quadrat_corner,3915,25,4283,371
Ta00047,20170703,Ta00047_20170703,Ta00047_20170703.jpg,quadrat_corner,4004,3023,4370,3382
Ta00047,20170703,Ta00047_20170703,Ta00047_20170703.jpg,quadrat_corner,1000,3125,1375,3456
Ta00609,20170703,Ta00609_20170703,Ta00609_20170703.jpg,clover,2247,1108,3577,2546
Ta00609,20170703,Ta00609_20170703,Ta00609_20170703.jpg,quadrat,1381,25,4895,3456
Ta00609,20170703,Ta00609_20170703,Ta00609_20170703.jpg,quadrat_corner,1458,25,1826,393
Ta00609,20170703,Ta00609_20170703,Ta00609_20170703.jpg,quadrat_corner,4515,111,4883,486
Ta00609,20170703,Ta00609_20170703,Ta00609_20170703.jpg,quadrat_corner,4385,3165,4775,3456
Ta00609,20170703,Ta00609_20170703,Ta00609_20170703.jpg,quadrat_corner,1371,3066,1746,3431
Ta02138,20170608,Ta02138_20170608,Ta02138_20170608.jpg,clover,2532,1228,3506,2020
Ta02138,20170608,Ta02138_20170608,Ta02138_20170608.jpg,quadrat,1650,260,4561,3171
Ta02138,20170608,Ta02138_20170608,Ta02138_20170608.jpg,quadrat_corner,1696,272,1996,554
Ta02138,20170608,Ta02138_20170608,Ta02138_20170608.jpg,quadrat_corner,4243,282,4555,582
Ta02138,20170608,Ta02138_20170608,Ta02138_20170608.jpg,quadrat_corner,4212,2853,4524,3171
Ta02138,20170608,Ta02138_20170608,Ta02138_20170608.jpg,quadrat_corner,1631,2797,1950,3125
Ta01829,20170703,Ta01829_20170703,Ta01829_20170703.jpg,clover,1464,724,3314,2454
Ta01829,20170703,Ta01829_20170703,Ta01829_20170703.jpg,quadrat,774,50,4258,3425
Ta01829,20170703,Ta01829_20170703,Ta01829_20170703.jpg,quadrat_corner,914,130,1257,455
Ta01829,20170703,Ta01829_20170703,Ta01829_20170703.jpg,quadrat_corner,3794,65,4162,390
Ta01829,20170703,Ta01829_20170703,Ta01829_20170703.jpg,quadrat_corner,3878,3048,4246,3416
Ta01829,20170703,Ta01829_20170703,Ta01829_20170703.jpg,quadrat_corner,777,3032,1124,3403
Ta01219,20170703,Ta01219_20170703,Ta01219_20170703.jpg,clover,978,328,3219,1634
Ta01219,20170703,Ta01219_20170703,Ta01219_20170703.jpg,quadrat,261,40,3868,3456
Ta01219,20170703,Ta01219_20170703,Ta01219_20170703.jpg,quadrat_corner,270,136,635,489
Ta01219,20170703,Ta01219_20170703,Ta01219_20170703.jpg,quadrat_corner,3314,37,3689,390
Ta01219,20170703,Ta01219_20170703,Ta01219_20170703.jpg,quadrat_corner,3466,3106,3856,3456
Ta01219,20170703,Ta01219_20170703,Ta01219_20170703.jpg,quadrat_corner,276,3233,669,3456
Ta01920,20170608,Ta01920_20170608,Ta01920_20170608.jpg,clover,1356,483,3509,2667
Ta01920,20170608,Ta01920_20170608,Ta01920_20170608.jpg,quadrat,1102,319,4045,3243
Ta01920,20170608,Ta01920_20170608,Ta01920_20170608.jpg,quadrat_corner,1112,309,1430,628
Ta01920,20170608,Ta01920_20170608,Ta01920_20170608.jpg,quadrat_corner,3717,328,4035,644
Ta01920,20170608,Ta01920_20170608,Ta01920_20170608.jpg,quadrat_corner,3689,2896,4004,3221
Ta01920,20170608,Ta01920_20170608,Ta01920_20170608.jpg,quadrat_corner,1142,2918,1464,3239
Ta01993,20170608,Ta01993_20170608,Ta01993_20170608.jpg,clover,2145,1105,3277,2525
Ta01993,20170608,Ta01993_20170608,Ta01993_20170608.jpg,quadrat,1152,161,4196,3190
Ta01993,20170608,Ta01993_20170608,Ta01993_20170608.jpg,quadrat_corner,1146,263,1477,591
Ta01993,20170608,Ta01993_20170608,Ta01993_20170608.jpg,quadrat_corner,3797,152,4125,473
Ta01993,20170608,Ta01993_20170608,Ta01993_20170608.jpg,quadrat_corner,3887,2754,4193,3075
Ta01993,20170608,Ta01993_20170608,Ta01993_20170608.jpg,quadrat_corner,1313,2896,1659,3212
Ta02171,20170608,Ta02171_20170608,Ta02171_20170608.jpg,clover,1755,1188,3364,2918
Ta02171,20170608,Ta02171_20170608,Ta02171_20170608.jpg,quadrat,1220,514,4178,3456
Ta02171,20170608,Ta02171_20170608,Ta02171_20170608.jpg,quadrat_corner,1226,560,1535,885
Ta02171,20170608,Ta02171_20170608,Ta02171_20170608.jpg,quadrat_corner,3825,498,4137,829
Ta02171,20170608,Ta02171_20170608,Ta02171_20170608.jpg,quadrat_corner,3862,3100,4162,3422
Ta02171,20170608,Ta02171_20170608,Ta02171_20170608.jpg,quadrat_corner,1294,3162,1631,3456
Ta02050,20170703,Ta02050_20170703,Ta02050_20170703.jpg,clover,1225,518,2559,1927
Ta02050,20170703,Ta02050_20170703,Ta02050_20170703.jpg,quadrat,144,134,3481,3356
Ta02050,20170703,Ta02050_20170703,Ta02050_20170703.jpg,quadrat_corner,278,140,601,466
Ta02050,20170703,Ta02050_20170703,Ta02050_20170703.jpg,quadrat_corner,3091,152,3435,454
Ta02050,20170703,Ta02050_20170703,Ta02050_20170703.jpg,quadrat_corner,3146,3002,3481,3349
Ta02050,20170703,Ta02050_20170703,Ta02050_20170703.jpg,quadrat_corner,141,3005,491,3368
Ta01640,20170703,Ta01640_20170703,Ta01640_20170703.jpg,clover,1785,250,3664,2287
Ta01640,20170703,Ta01640_20170703,Ta01640_20170703.jpg,quadrat,677,0,4532,3456
Ta01640,20170703,Ta01640_20170703,Ta01640_20170703.jpg,quadrat_corner,869,0,1258,326
Ta01640,20170703,Ta01640_20170703,Ta01640_20170703.jpg,quadrat_corner,3980,0,4370,292
Ta01640,20170703,Ta01640_20170703,Ta01640_20170703.jpg,quadrat_corner,4121,3106,4532,3456
Ta01640,20170703,Ta01640_20170703,Ta01640_20170703.jpg,quadrat_corner,692,3085,1070,3456
Ta01758,20170703,Ta01758_20170703,Ta01758_20170703.jpg,clover,1968,100,4203,3234
Ta01758,20170703,Ta01758_20170703,Ta01758_20170703.jpg,quadrat,1155,76,4702,3456
Ta01758,20170703,Ta01758_20170703,Ta01758_20170703.jpg,quadrat_corner,1328,97,1669,432
Ta01758,20170703,Ta01758_20170703,Ta01758_20170703.jpg,quadrat_corner,4242,67,4617,414
Ta01758,20170703,Ta01758_20170703,Ta01758_20170703.jpg,quadrat_corner,4328,3075,4705,3456
Ta01758,20170703,Ta01758_20170703,Ta01758_20170703.jpg,quadrat_corner,1158,3011,1526,3404
Ta00132,20170703,Ta00132_20170703,Ta00132_20170703.jpg,clover,1688,649,3432,2421
Ta00132,20170703,Ta00132_20170703,Ta00132_20170703.jpg,quadrat,725,43,4224,3456
Ta00132,20170703,Ta00132_20170703,Ta00132_20170703.jpg,quadrat_corner,729,64,1118,426
Ta00132,20170703,Ta00132_20170703,Ta00132_20170703.jpg,quadrat_corner,3843,52,4209,402
Ta00132,20170703,Ta00132_20170703,Ta00132_20170703.jpg,quadrat_corner,3853,3094,4212,3456
Ta00132,20170703,Ta00132_20170703,Ta00132_20170703.jpg,quadrat_corner,792,3170,1170,3456
Ta01356,20170703,Ta01356_20170703,Ta01356_20170703.jpg,clover,1587,356,3509,2597
Ta01356,20170703,Ta01356_20170703,Ta01356_20170703.jpg,quadrat,829,0,4599,3398
Ta01356,20170703,Ta01356_20170703,Ta01356_20170703.jpg,quadrat_corner,1066,0,1450,301
Ta01356,20170703,Ta01356_20170703,Ta01356_20170703.jpg,quadrat_corner,4081,0,4465,301
Ta01356,20170703,Ta01356_20170703,Ta01356_20170703.jpg,quadrat_corner,4215,2981,4593,3395
Ta01356,20170703,Ta01356_20170703,Ta01356_20170703.jpg,quadrat_corner,832,2917,1222,3331
Ta00891,20170703,Ta00891_20170703,Ta00891_20170703.jpg,clover,1228,128,3816,2814
Ta00891,20170703,Ta00891_20170703,Ta00891_20170703.jpg,quadrat,503,0,4047,3313
Ta00891,20170703,Ta00891_20170703,Ta00891_20170703.jpg,quadrat_corner,573,0,929,304
Ta00891,20170703,Ta00891_20170703,Ta00891_20170703.jpg,quadrat_corner,3530,0,3886,231
Ta00891,20170703,Ta00891_20170703,Ta00891_20170703.jpg,quadrat_corner,3673,2877,4035,3267
Ta00891,20170703,Ta00891_20170703,Ta00891_20170703.jpg,quadrat_corner,515,2951,884,3319
Ta01399,20170703,Ta01399_20170703,Ta01399_20170703.jpg,clover,1995,825,2839,1675
Ta01399,20170703,Ta01399_20170703,Ta01399_20170703.jpg,quadrat,680,3,4282,3435
Ta01399,20170703,Ta01399_20170703,Ta01399_20170703.jpg,quadrat_corner,713,0,1097,311
Ta01399,20170703,Ta01399_20170703,Ta01399_20170703.jpg,quadrat_corner,3819,0,4206,241
Ta01399,20170703,Ta01399_20170703,Ta01399_20170703.jpg,quadrat_corner,3895,3033,4276,3416
Ta01399,20170703,Ta01399_20170703,Ta01399_20170703.jpg,quadrat_corner,692,3060,1057,3453
Ta00960,20170703,Ta00960_20170703,Ta00960_20170703.jpg,clover,1657,524,3390,2975
Ta00960,20170703,Ta00960_20170703,Ta00960_20170703.jpg,quadrat,908,100,4340,3456
Ta00960,20170703,Ta00960_20170703,Ta00960_20170703.jpg,quadrat_corner,945,104,1295,466
Ta00960,20170703,Ta00960_20170703,Ta00960_20170703.jpg,quadrat_corner,3987,171,4340,527
Ta00960,20170703,Ta00960_20170703,Ta00960_20170703.jpg,quadrat_corner,3917,3191,4285,3456
Ta00960,20170703,Ta00960_20170703,Ta00960_20170703.jpg,quadrat_corner,899,3161,1280,3456
Ta00927,20170703,Ta00927_20170703,Ta00927_20170703.jpg,clover,1514,426,4656,2884
Ta00927,20170703,Ta00927_20170703,Ta00927_20170703.jpg,quadrat,1404,73,4879,3426
Ta00927,20170703,Ta00927_20170703,Ta00927_20170703.jpg,quadrat_corner,1563,97,1910,435
Ta00927,20170703,Ta00927_20170703,Ta00927_20170703.jpg,quadrat_corner,4468,73,4812,393
Ta00927,20170703,Ta00927_20170703,Ta00927_20170703.jpg,quadrat_corner,4498,3054,4888,3441
Ta00927,20170703,Ta00927_20170703,Ta00927_20170703.jpg,quadrat_corner,1404,2969,1770,3349
Ta00793,20170703,Ta00793_20170703,Ta00793_20170703.jpg,clover,1618,353,2924,2272
Ta00793,20170703,Ta00793_20170703,Ta00793_20170703.jpg,quadrat,789,0,4398,3383
Ta00793,20170703,Ta00793_20170703,Ta00793_20170703.jpg,quadrat_corner,799,0,1188,253
Ta00793,20170703,Ta00793_20170703,Ta00793_20170703.jpg,quadrat_corner,4020,0,4398,207
Ta00793,20170703,Ta00793_20170703,Ta00793_20170703.jpg,quadrat_corner,3984,2926,4337,3282
Ta00793,20170703,Ta00793_20170703,Ta00793_20170703.jpg,quadrat_corner,933,3036,1313,3395
Ta01482,20170703,Ta01482_20170703,Ta01482_20170703.jpg,clover,1129,330,3666,2953
Ta01482,20170703,Ta01482_20170703,Ta01482_20170703.jpg,quadrat,376,20,3913,3431
Ta01482,20170703,Ta01482_20170703,Ta01482_20170703.jpg,quadrat_corner,460,41,843,379
Ta01482,20170703,Ta01482_20170703,Ta01482_20170703.jpg,quadrat_corner,3427,46,3792,364
Ta01482,20170703,Ta01482_20170703,Ta01482_20170703.jpg,quadrat_corner,3519,2990,3910,3407
Ta01482,20170703,Ta01482_20170703,Ta01482_20170703.jpg,quadrat_corner,373,3029,743,3431
Ta01825,20170703,Ta01825_20170703,Ta01825_20170703.jpg,clover,1204,274,3015,2232
Ta01825,20170703,Ta01825_20170703,Ta01825_20170703.jpg,quadrat,324,21,3910,3419
Ta01825,20170703,Ta01825_20170703,Ta01825_20170703.jpg,quadrat_corner,3368,30,3749,359
Ta01825,20170703,Ta01825_20170703,Ta01825_20170703.jpg,quadrat_corner,430,52,789,381
Ta01825,20170703,Ta01825_20170703,Ta01825_20170703.jpg,quadrat_corner,3542,2981,3917,3365
Ta01825,20170703,Ta01825_20170703,Ta01825_20170703.jpg,quadrat_corner,324,3033,710,3429
Ta01878,20170703,Ta01878_20170703,Ta01878_20170703.jpg,clover,1140,956,3018,2740
Ta01878,20170703,Ta01878_20170703,Ta01878_20170703.jpg,quadrat,50,46,3746,3456
Ta01878,20170703,Ta01878_20170703,Ta01878_20170703.jpg,quadrat_corner,299,43,677,393
Ta01878,20170703,Ta01878_20170703,Ta01878_20170703.jpg,quadrat_corner,3353,152,3737,499
Ta01878,20170703,Ta01878_20170703,Ta01878_20170703.jpg,quadrat_corner,3350,3234,3767,3456
Ta01878,20170703,Ta01878_20170703,Ta01878_20170703.jpg,quadrat_corner,46,3145,445,3456
Ta00139,20170703,Ta00139_20170703,Ta00139_20170703.jpg,clover,1232,139,4091,2775
Ta00139,20170703,Ta00139_20170703,Ta00139_20170703.jpg,quadrat,595,22,4314,3456
Ta00139,20170703,Ta00139_20170703,Ta00139_20170703.jpg,quadrat_corner,796,34,1183,377
Ta00139,20170703,Ta00139_20170703,Ta00139_20170703.jpg,quadrat_corner,3828,22,4209,368
Ta00139,20170703,Ta00139_20170703,Ta00139_20170703.jpg,quadrat_corner,3908,3116,4305,3456
Ta00139,20170703,Ta00139_20170703,Ta00139_20170703.jpg,quadrat_corner,598,3072,994,3456
Ta00996,20170703,Ta00996_20170703,Ta00996_20170703.jpg,clover,2373,780,3910,2317
Ta00996,20170703,Ta00996_20170703,Ta00996_20170703.jpg,quadrat,1319,0,4769,3438
Ta00996,20170703,Ta00996_20170703,Ta00996_20170703.jpg,quadrat_corner,1328,91,1679,438
Ta00996,20170703,Ta00996_20170703,Ta00996_20170703.jpg,quadrat_corner,4303,0,4681,332
Ta00996,20170703,Ta00996_20170703,Ta00996_20170703.jpg,quadrat_corner,4392,2978,4757,3343
Ta00996,20170703,Ta00996_20170703,Ta00996_20170703.jpg,quadrat_corner,1411,3060,1770,3407
Ta01965,20170608,Ta01965_20170608,Ta01965_20170608.jpg,clover,2281,1653,3164,2281
Ta01965,20170608,Ta01965_20170608,Ta01965_20170608.jpg,quadrat,1417,463,4425,3456
Ta01965,20170608,Ta01965_20170608,Ta01965_20170608.jpg,quadrat_corner,1408,481,1742,816
Ta01965,20170608,Ta01965_20170608,Ta01965_20170608.jpg,quadrat_corner,4081,466,4446,780
Ta01965,20170608,Ta01965_20170608,Ta01965_20170608.jpg,quadrat_corner,4102,3127,4419,3453
Ta01965,20170608,Ta01965_20170608,Ta01965_20170608.jpg,quadrat_corner,1465,3142,1791,3453
Ta01298,20170703,Ta01298_20170703,Ta01298_20170703.jpg,clover,1648,585,2878,1854
Ta01298,20170703,Ta01298_20170703,Ta01298_20170703.jpg,quadrat,156,0,3728,3413
Ta01298,20170703,Ta01298_20170703,Ta01298_20170703.jpg,quadrat_corner,281,12,631,347
Ta01298,20170703,Ta01298_20170703,Ta01298_20170703.jpg,quadrat_corner,3244,0,3588,311
Ta01298,20170703,Ta01298_20170703,Ta01298_20170703.jpg,quadrat_corner,3365,2957,3740,3359
Ta01298,20170703,Ta01298_20170703,Ta01298_20170703.jpg,quadrat_corner,156,3008,540,3413
Ta00924,20170703,Ta00924_20170703,Ta00924_20170703.jpg,clover,2397,728,3359,2046
Ta00924,20170703,Ta00924_20170703,Ta00924_20170703.jpg,quadrat,579,0,4133,3273
Ta00924,20170703,Ta00924_20170703,Ta00924_20170703.jpg,quadrat_corner,732,3,1082,256
Ta00924,20170703,Ta00924_20170703,Ta00924_20170703.jpg,quadrat_corner,3646,0,4008,253
Ta00924,20170703,Ta00924_20170703,Ta00924_20170703.jpg,quadrat_corner,3746,2887,4127,3289
Ta00924,20170703,Ta00924_20170703,Ta00924_20170703.jpg,quadrat_corner,579,2877,948,3261
Ta01967,20170703,Ta01967_20170703,Ta01967_20170703.jpg,clover,1791,399,3886,2201
Ta01967,20170703,Ta01967_20170703,Ta01967_20170703.jpg,quadrat,838,0,4346,3203
Ta01967,20170703,Ta01967_20170703,Ta01967_20170703.jpg,quadrat_corner,996,0,1350,238
Ta01967,20170703,Ta01967_20170703,Ta01967_20170703.jpg,quadrat_corner,3874,0,4239,244
Ta01967,20170703,Ta01967_20170703,Ta01967_20170703.jpg,quadrat_corner,3971,2826,4340,3203
Ta01967,20170703,Ta01967_20170703,Ta01967_20170703.jpg,quadrat_corner,844,2786,1216,3176
Ta00469,20170703,Ta00469_20170703,Ta00469_20170703.jpg,clover,1508,536,2653,1550
Ta00469,20170703,Ta00469_20170703,Ta00469_20170703.jpg,quadrat,497,24,4221,3410
Ta00469,20170703,Ta00469_20170703,Ta00469_20170703.jpg,quadrat_corner,716,88,1070,411
Ta00469,20170703,Ta00469_20170703,Ta00469_20170703.jpg,quadrat_corner,3664,24,4035,332
Ta00469,20170703,Ta00469_20170703,Ta00469_20170703.jpg,quadrat_corner,3819,2999,4212,3401
Ta00469,20170703,Ta00469_20170703,Ta00469_20170703.jpg,quadrat_corner,485,3008,881,3419
Ta01577,20170703,Ta01577_20170703,Ta01577_20170703.jpg,clover,1870,603,3630,2570
Ta01577,20170703,Ta01577_20170703,Ta01577_20170703.jpg,quadrat,801,0,4656,3456
Ta01577,20170703,Ta01577_20170703,Ta01577_20170703.jpg,quadrat_corner,950,0,1325,311
Ta01577,20170703,Ta01577_20170703,Ta01577_20170703.jpg,quadrat_corner,4099,0,4489,262
Ta01577,20170703,Ta01577_20170703,Ta01577_20170703.jpg,quadrat_corner,4245,3115,4641,3456
Ta01577,20170703,Ta01577_20170703,Ta01577_20170703.jpg,quadrat_corner,802,3118,1197,3456
Ta00943,20170703,Ta00943_20170703,Ta00943_20170703.jpg,clover,893,850,2927,2074
Ta00943,20170703,Ta00943_20170703,Ta00943_20170703.jpg,quadrat,421,67,3974,3410
Ta00943,20170703,Ta00943_20170703,Ta00943_20170703.jpg,quadrat_corner,549,70,902,381
Ta00943,20170703,Ta00943_20170703,Ta00943_20170703.jpg,quadrat_corner,3475,70,3828,402
Ta00943,20170703,Ta00943_20170703,Ta00943_20170703.jpg,quadrat_corner,3591,3024,3950,3407
Ta00943,20170703,Ta00943_20170703,Ta00943_20170703.jpg,quadrat_corner,433,3042,808,3410
Ta00584,20170703,Ta00584_20170703,Ta00584_20170703.jpg,clover,1310,377,3017,2389
Ta00584,20170703,Ta00584_20170703,Ta00584_20170703.jpg,quadrat,703,0,4354,3456
Ta00584,20170703,Ta00584_20170703,Ta00584_20170703.jpg,quadrat_corner,715,105,1105,470
Ta00584,20170703,Ta00584_20170703,Ta00584_20170703.jpg,quadrat_corner,3800,0,4175,278
Ta00584,20170703,Ta00584_20170703,Ta00584_20170703.jpg,quadrat_corner,3977,2955,4351,3342
Ta00584,20170703,Ta00584_20170703,Ta00584_20170703.jpg,quadrat_corner,935,3178,1328,3456
Ta01613,20170703,Ta01613_20170703,Ta01613_20170703.jpg,clover,2169,728,3493,2171
Ta01613,20170703,Ta01613_20170703,Ta01613_20170703.jpg,quadrat,884,0,4130,3042
Ta01613,20170703,Ta01613_20170703,Ta01613_20170703.jpg,quadrat_corner,1009,0,1322,283
Ta01613,20170703,Ta01613_20170703,Ta01613_20170703.jpg,quadrat_corner,3694,0,4029,253
Ta01613,20170703,Ta01613_20170703,Ta01613_20170703.jpg,quadrat_corner,3786,2680,4114,3027
Ta01613,20170703,Ta01613_20170703,Ta01613_20170703.jpg,quadrat_corner,884,2664,1216,3030
Ta01478,20170703,Ta01478_20170703,Ta01478_20170703.jpg,clover,1371,266,3874,3162
Ta01478,20170703,Ta01478_20170703,Ta01478_20170703.jpg,quadrat,595,28,4088,3422
Ta01478,20170703,Ta01478_20170703,Ta01478_20170703.jpg,quadrat_corner,663,118,1031,452
Ta01478,20170703,Ta01478_20170703,Ta01478_20170703.jpg,quadrat_corner,3550,19,3930,362
Ta01478,20170703,Ta01478_20170703,Ta01478_20170703.jpg,quadrat_corner,3701,2967,4079,3354
Ta01478,20170703,Ta01478_20170703,Ta01478_20170703.jpg,quadrat_corner,604,3035,972,3428
Ta02090,20170608,Ta02090_20170608,Ta02090_20170608.jpg,clover,2083,804,3177,2533
Ta02090,20170608,Ta02090_20170608,Ta02090_20170608.jpg,quadrat,1133,332,4008,3191
Ta02090,20170608,Ta02090_20170608,Ta02090_20170608.jpg,quadrat_corner,1149,338,1456,630
Ta02090,20170608,Ta02090_20170608,Ta02090_20170608.jpg,quadrat_corner,3703,332,4005,633
Ta02090,20170608,Ta02090_20170608,Ta02090_20170608.jpg,quadrat_corner,3691,2877,4002,3188
Ta02090,20170608,Ta02090_20170608,Ta02090_20170608.jpg,quadrat_corner,1176,2887,1487,3203
Ta00830,20170703,Ta00830_20170703,Ta00830_20170703.jpg,clover,1435,837,3308,3066
Ta00830,20170703,Ta00830_20170703,Ta00830_20170703.jpg,quadrat,1024,171,4455,3456
Ta00830,20170703,Ta00830_20170703,Ta00830_20170703.jpg,quadrat_corner,1036,189,1417,548
Ta00830,20170703,Ta00830_20170703,Ta00830_20170703.jpg,quadrat_corner,4105,216,4468,572
Ta00830,20170703,Ta00830_20170703,Ta00830_20170703.jpg,quadrat_corner,4093,3240,4449,3456
Ta00830,20170703,Ta00830_20170703,Ta00830_20170703.jpg,quadrat_corner,1060,3273,1423,3456
Ta02181,20170608,Ta02181_20170608,Ta02181_20170608.jpg,clover,2266,1791,3051,2478
Ta02181,20170608,Ta02181_20170608,Ta02181_20170608.jpg,quadrat,1217,600,4153,3456
Ta02181,20170608,Ta02181_20170608,Ta02181_20170608.jpg,quadrat_corner,1214,687,1535,981
Ta02181,20170608,Ta02181_20170608,Ta02181_20170608.jpg,quadrat_corner,3732,600,4069,903
Ta02181,20170608,Ta02181_20170608,Ta02181_20170608.jpg,quadrat_corner,3834,3131,4147,3437
Ta02181,20170608,Ta02181_20170608,Ta02181_20170608.jpg,quadrat_corner,1297,3221,1616,3456
Ta01964,20170703,Ta01964_20170703,Ta01964_20170703.jpg,clover,1487,1806,2375,2706
Ta01964,20170703,Ta01964_20170703,Ta01964_20170703.jpg,quadrat,992,168,4395,3456
Ta01964,20170703,Ta01964_20170703,Ta01964_20170703.jpg,quadrat_corner,1034,168,1389,507
Ta01964,20170703,Ta01964_20170703,Ta01964_20170703.jpg,quadrat_corner,4034,228,4407,586
Ta01964,20170703,Ta01964_20170703,Ta01964_20170703.jpg,quadrat_corner,4007,3201,4361,3456
Ta01964,20170703,Ta01964_20170703,Ta01964_20170703.jpg,quadrat_corner,1001,3207,1358,3456
Ta01042,20170703,Ta01042_20170703,Ta01042_20170703.jpg,clover,2559,155,3673,2013
Ta01042,20170703,Ta01042_20170703,Ta01042_20170703.jpg,quadrat,643,0,4404,3456
Ta01042,20170703,Ta01042_20170703,Ta01042_20170703.jpg,quadrat_corner,802,0,1176,332
Ta01042,20170703,Ta01042_20170703,Ta01042_20170703.jpg,quadrat_corner,3901,0,4264,298
Ta01042,20170703,Ta01042_20170703,Ta01042_20170703.jpg,quadrat_corner,3980,3097,4395,3456
Ta01042,20170703,Ta01042_20170703,Ta01042_20170703.jpg,quadrat_corner,643,3081,1042,3456
Ta00926,20170703,Ta00926_20170703,Ta00926_20170703.jpg,clover,1657,1955,2933,3109
Ta00926,20170703,Ta00926_20170703,Ta00926_20170703.jpg,quadrat,476,0,4023,3444
Ta00926,20170703,Ta00926_20170703,Ta00926_20170703.jpg,quadrat_corner,464,0,853,329
Ta00926,20170703,Ta00926_20170703,Ta00926_20170703.jpg,quadrat_corner,3594,3,3947,259
Ta00926,20170703,Ta00926_20170703,Ta00926_20170703.jpg,quadrat_corner,3676,2932,4014,3301
Ta00926,20170703,Ta00926_20170703,Ta00926_20170703.jpg,quadrat_corner,613,3100,996,3450
Ta02285,20170608,Ta02285_20170608,Ta02285_20170608.jpg,clover,2332,1701,3168,2513
Ta02285,20170608,Ta02285_20170608,Ta02285_20170608.jpg,quadrat,1322,814,3907,3417
Ta02285,20170608,Ta02285_20170608,Ta02285_20170608.jpg,quadrat_corner,1310,875,1595,1156
Ta02285,20170608,Ta02285_20170608,Ta02285_20170608.jpg,quadrat_corner,3552,817,3841,1090
Ta02285,20170608,Ta02285_20170608,Ta02285_20170608.jpg,quadrat_corner,3634,3068,3901,3347
Ta02285,20170608,Ta02285_20170608,Ta02285_20170608.jpg,quadrat_corner,1383,3138,1668,3420
Ta02153,20170608,Ta02153_20170608,Ta02153_20170608.jpg,clover,2427,1372,3393,2245
Ta02153,20170608,Ta02153_20170608,Ta02153_20170608.jpg,quadrat,1455,521,4385,3456
Ta02153,20170608,Ta02153_20170608,Ta02153_20170608.jpg,quadrat_corner,1479,542,1770,830
Ta02153,20170608,Ta02153_20170608,Ta02153_20170608.jpg,quadrat_corner,4073,554,4382,860
Ta02153,20170608,Ta02153_20170608,Ta02153_20170608.jpg,quadrat_corner,4021,3154,4327,3456
Ta02153,20170608,Ta02153_20170608,Ta02153_20170608.jpg,quadrat_corner,1461,3109,1761,3421
Ta02214,20170703,Ta02214_20170703,Ta02214_20170703.jpg,clover,1702,195,3813,2317
Ta02214,20170703,Ta02214_20170703,Ta02214_20170703.jpg,quadrat,632,0,4181,3406
Ta02214,20170703,Ta02214_20170703,Ta02214_20170703.jpg,quadrat_corner,811,0,1176,275
Ta02214,20170703,Ta02214_20170703,Ta02214_20170703.jpg,quadrat_corner,3800,0,4147,331
Ta02214,20170703,Ta02214_20170703,Ta02214_20170703.jpg,quadrat_corner,3797,3007,4168,3391
Ta02214,20170703,Ta02214_20170703,Ta02214_20170703.jpg,quadrat_corner,635,2930,1019,3332
Ta02069,20170703,Ta02069_20170703,Ta02069_20170703.jpg,clover,1703,557,3347,2442
Ta02069,20170703,Ta02069_20170703,Ta02069_20170703.jpg,quadrat,540,79,4051,3444
Ta02069,20170703,Ta02069_20170703,Ta02069_20170703.jpg,quadrat_corner,695,119,1039,423
Ta02069,20170703,Ta02069_20170703,Ta02069_20170703.jpg,quadrat_corner,3588,85,3962,417
Ta02069,20170703,Ta02069_20170703,Ta02069_20170703.jpg,quadrat_corner,3691,3042,4057,3435
Ta02069,20170703,Ta02069_20170703,Ta02069_20170703.jpg,quadrat_corner,528,3051,905,3432
Ta01301,20170703,Ta01301_20170703,Ta01301_20170703.jpg,clover,1158,320,3965,3261
Ta01301,20170703,Ta01301_20170703,Ta01301_20170703.jpg,quadrat,862,33,4337,3456
Ta01301,20170703,Ta01301_20170703,Ta01301_20170703.jpg,quadrat_corner,866,61,1243,420
Ta01301,20170703,Ta01301_20170703,Ta01301_20170703.jpg,quadrat_corner,3959,43,4346,402
Ta01301,20170703,Ta01301_20170703,Ta01301_20170703.jpg,quadrat_corner,3950,3078,4331,3429
Ta01301,20170703,Ta01301_20170703,Ta01301_20170703.jpg,quadrat_corner,939,3136,1313,3456
Ta00508,20170703,Ta00508_20170703,Ta00508_20170703.jpg,clover,1538,773,3375,2256
Ta00508,20170703,Ta00508_20170703,Ta00508_20170703.jpg,quadrat,546,97,3938,3371
Ta00508,20170703,Ta00508_20170703,Ta00508_20170703.jpg,quadrat_corner,649,125,1003,457
Ta00508,20170703,Ta00508_20170703,Ta00508_20170703.jpg,quadrat_corner,3496,94,3868,426
Ta00508,20170703,Ta00508_20170703,Ta00508_20170703.jpg,quadrat_corner,3572,3011,3926,3389
Ta00508,20170703,Ta00508_20170703,Ta00508_20170703.jpg,quadrat_corner,537,3005,890,3365
Ta02061,20170703,Ta02061_20170703,Ta02061_20170703.jpg,clover,1241,615,4308,3308
Ta02061,20170703,Ta02061_20170703,Ta02061_20170703.jpg,quadrat,640,97,4281,3456
Ta02061,20170703,Ta02061_20170703,Ta02061_20170703.jpg,quadrat_corner,811,111,1186,453
Ta02061,20170703,Ta02061_20170703,Ta02061_20170703.jpg,quadrat_corner,3767,102,4142,440
Ta02061,20170703,Ta02061_20170703,Ta02061_20170703.jpg,quadrat_corner,3901,3109,4276,3456
Ta02061,20170703,Ta02061_20170703,Ta02061_20170703.jpg,quadrat_corner,626,3086,1033,3456
Ta01871,20170703,Ta01871_20170703,Ta01871_20170703.jpg,clover,515,185,3721,2614
Ta01871,20170703,Ta01871_20170703,Ta01871_20170703.jpg,quadrat,492,0,4165,3456
Ta01871,20170703,Ta01871_20170703,Ta01871_20170703.jpg,quadrat_corner,570,0,950,342
Ta01871,20170703,Ta01871_20170703,Ta01871_20170703.jpg,quadrat_corner,3670,0,4031,310
Ta01871,20170703,Ta01871_20170703,Ta01871_20170703.jpg,quadrat_corner,3786,3100,4160,3456
Ta01871,20170703,Ta01871_20170703,Ta01871_20170703.jpg,quadrat_corner,496,3123,899,3456
Ta00760,20170703,Ta00760_20170703,Ta00760_20170703.jpg,clover,1375,541,3869,3035
Ta00760,20170703,Ta00760_20170703,Ta00760_20170703.jpg,quadrat,616,0,4433,3405
Ta00760,20170703,Ta00760_20170703,Ta00760_20170703.jpg,quadrat_corner,806,0,1199,273
Ta00760,20170703,Ta00760_20170703,Ta00760_20170703.jpg,quadrat_corner,3878,0,4271,241
Ta00760,20170703,Ta00760_20170703,Ta00760_20170703.jpg,quadrat_corner,4022,2984,4419,3410
Ta00760,20170703,Ta00760_20170703,Ta00760_20170703.jpg,quadrat_corner,616,2961,1019,3387
Ta01046,20170703,Ta01046_20170703,Ta01046_20170703.jpg,clover,1930,93,3702,1878
Ta01046,20170703,Ta01046_20170703,Ta01046_20170703.jpg,quadrat,455,5,4147,3456
Ta01046,20170703,Ta01046_20170703,Ta01046_20170703.jpg,quadrat_corner,718,32,1084,356
Ta01046,20170703,Ta01046_20170703,Ta01046_20170703.jpg,quadrat_corner,3693,0,4077,338
Ta01046,20170703,Ta01046_20170703,Ta01046_20170703.jpg,quadrat_corner,3739,3053,4151,3456
Ta01046,20170703,Ta01046_20170703,Ta01046_20170703.jpg,quadrat_corner,436,2984,843,3400
Ta00259,20170703,Ta00259_20170703,Ta00259_20170703.jpg,clover,2180,495,4281,2781
Ta00259,20170703,Ta00259_20170703,Ta00259_20170703.jpg,quadrat,1324,0,4827,3387
Ta00259,20170703,Ta00259_20170703,Ta00259_20170703.jpg,quadrat_corner,1361,0,1722,342
Ta00259,20170703,Ta00259_20170703,Ta00259_20170703.jpg,quadrat_corner,4443,0,4827,278
Ta00259,20170703,Ta00259_20170703,Ta00259_20170703.jpg,quadrat_corner,4456,2970,4827,3340
Ta00259,20170703,Ta00259_20170703,Ta00259_20170703.jpg,quadrat_corner,1421,3012,1810,3382
Ta02246,20170703,Ta02246_20170703,Ta02246_20170703.jpg,clover,2380,1141,2932,2111
Ta02246,20170703,Ta02246_20170703,Ta02246_20170703.jpg,quadrat,444,0,4217,3456
Ta02246,20170703,Ta02246_20170703,Ta02246_20170703.jpg,quadrat_corner,633,36,1005,384
Ta02246,20170703,Ta02246_20170703,Ta02246_20170703.jpg,quadrat_corner,3681,8,4053,332
Ta02246,20170703,Ta02246_20170703,Ta02246_20170703.jpg,quadrat_corner,3801,3080,4209,3456
Ta02246,20170703,Ta02246_20170703,Ta02246_20170703.jpg,quadrat_corner,441,3088,833,3456
Ta00657,20170703,Ta00657_20170703,Ta00657_20170703.jpg,clover,1638,1525,3636,3038
Ta00657,20170703,Ta00657_20170703,Ta00657_20170703.jpg,quadrat,1056,179,4453,3456
Ta00657,20170703,Ta00657_20170703,Ta00657_20170703.jpg,quadrat_corner,1090,192,1446,535
Ta00657,20170703,Ta00657_20170703,Ta00657_20170703.jpg,quadrat_corner,4066,217,4419,569
Ta00657,20170703,Ta00657_20170703,Ta00657_20170703.jpg,quadrat_corner,4057,3212,4410,3456
Ta00657,20170703,Ta00657_20170703,Ta00657_20170703.jpg,quadrat_corner,1056,3193,1421,3456
Ta01738,20170703,Ta01738_20170703,Ta01738_20170703.jpg,clover,1387,557,3033,2290
Ta01738,20170703,Ta01738_20170703,Ta01738_20170703.jpg,quadrat,456,0,4004,3394
Ta01738,20170703,Ta01738_20170703,Ta01738_20170703.jpg,quadrat_corner,573,0,935,353
Ta01738,20170703,Ta01738_20170703,Ta01738_20170703.jpg,quadrat_corner,3519,28,3878,356
Ta01738,20170703,Ta01738_20170703,Ta01738_20170703.jpg,quadrat_corner,3642,3001,4004,3366
Ta01738,20170703,Ta01738_20170703,Ta01738_20170703.jpg,quadrat_corner,456,3007,836,3397
Ta01133,20170703,Ta01133_20170703,Ta01133_20170703.jpg,clover,944,359,3092,2420
Ta01133,20170703,Ta01133_20170703,Ta01133_20170703.jpg,quadrat,264,0,3825,3326
Ta01133,20170703,Ta01133_20170703,Ta01133_20170703.jpg,quadrat_corner,353,0,719,266
Ta01133,20170703,Ta01133_20170703,Ta01133_20170703.jpg,quadrat_corner,3345,0,3714,232
Ta01133,20170703,Ta01133_20170703,Ta01133_20170703.jpg,quadrat_corner,3435,2918,3813,3298
Ta01133,20170703,Ta01133_20170703,Ta01133_20170703.jpg,quadrat_corner,264,2958,644,3332
Ta01869,20170703,Ta01869_20170703,Ta01869_20170703.jpg,clover,1777,845,3290,2583
Ta01869,20170703,Ta01869_20170703,Ta01869_20170703.jpg,quadrat,357,15,3905,3434
Ta01869,20170703,Ta01869_20170703,Ta01869_20170703.jpg,quadrat_corner,493,19,867,365
Ta01869,20170703,Ta01869_20170703,Ta01869_20170703.jpg,quadrat_corner,3463,12,3844,353
Ta01869,20170703,Ta01869_20170703,Ta01869_20170703.jpg,quadrat_corner,3528,3069,3912,3437
Ta01869,20170703,Ta01869_20170703,Ta01869_20170703.jpg,quadrat_corner,344,3035,712,3400
Ta01822,20170703,Ta01822_20170703,Ta01822_20170703.jpg,clover,1628,804,3089,2389
Ta01822,20170703,Ta01822_20170703,Ta01822_20170703.jpg,quadrat,282,31,3958,3456
Ta01822,20170703,Ta01822_20170703,Ta01822_20170703.jpg,quadrat_corner,502,31,873,362
Ta01822,20170703,Ta01822_20170703,Ta01822_20170703.jpg,quadrat_corner,3488,28,3853,343
Ta01822,20170703,Ta01822_20170703,Ta01822_20170703.jpg,quadrat_corner,3571,3048,3958,3456
Ta01822,20170703,Ta01822_20170703,Ta01822_20170703.jpg,quadrat_corner,292,3026,669,3434
Ta02365,20170608,Ta02365_20170608,Ta02365_20170608.jpg,clover,2012,1397,3236,2067
Ta02365,20170608,Ta02365_20170608,Ta02365_20170608.jpg,quadrat,1270,321,4294,3315
Ta02365,20170608,Ta02365_20170608,Ta02365_20170608.jpg,quadrat_corner,1285,336,1604,655
Ta02365,20170608,Ta02365_20170608,Ta02365_20170608.jpg,quadrat_corner,3979,379,4297,691
Ta02365,20170608,Ta02365_20170608,Ta02365_20170608.jpg,quadrat_corner,3891,3000,4210,3309
Ta02365,20170608,Ta02365_20170608,Ta02365_20170608.jpg,quadrat_corner,1316,3000,1622,3309
Ta01948,20170703,Ta01948_20170703,Ta01948_20170703.jpg,clover,1665,161,3460,2624
Ta01948,20170703,Ta01948_20170703,Ta01948_20170703.jpg,quadrat,688,0,4233,3246
Ta01948,20170703,Ta01948_20170703,Ta01948_20170703.jpg,quadrat_corner,839,9,1195,306
Ta01948,20170703,Ta01948_20170703,Ta01948_20170703.jpg,quadrat_corner,3707,0,4085,285
Ta01948,20170703,Ta01948_20170703,Ta01948_20170703.jpg,quadrat_corner,3859,2846,4240,3230
Ta01948,20170703,Ta01948_20170703,Ta01948_20170703.jpg,quadrat_corner,672,2850,1059,3252
Ta00665,20170703,Ta00665_20170703,Ta00665_20170703.jpg,clover,2241,702,4329,2614
Ta00665,20170703,Ta00665_20170703,Ta00665_20170703.jpg,quadrat,1337,12,4803,3456
Ta00665,20170703,Ta00665_20170703,Ta00665_20170703.jpg,quadrat_corner,1353,37,1727,393
Ta00665,20170703,Ta00665_20170703,Ta00665_20170703.jpg,quadrat_corner,4422,43,4809,408
Ta00665,20170703,Ta00665_20170703,Ta00665_20170703.jpg,quadrat_corner,4363,3113,4732,3456
Ta00665,20170703,Ta00665_20170703,Ta00665_20170703.jpg,quadrat_corner,1337,3063,1709,3419
Ta01991,20170703,Ta01991_20170703,Ta01991_20170703.jpg,clover,1889,620,3536,2776
Ta01991,20170703,Ta01991_20170703,Ta01991_20170703.jpg,quadrat,686,0,4350,3456
Ta01991,20170703,Ta01991_20170703,Ta01991_20170703.jpg,quadrat_corner,802,46,1176,370
Ta01991,20170703,Ta01991_20170703,Ta01991_20170703.jpg,quadrat_corner,3800,14,4179,315
Ta01991,20170703,Ta01991_20170703,Ta01991_20170703.jpg,quadrat_corner,3961,3007,4336,3419
Ta01991,20170703,Ta01991_20170703,Ta01991_20170703.jpg,quadrat_corner,672,3053,1070,3451
Ta00433,20170703,Ta00433_20170703,Ta00433_20170703.jpg,clover,1884,180,3240,1883
Ta00433,20170703,Ta00433_20170703,Ta00433_20170703.jpg,quadrat,1056,0,4623,3326
Ta00433,20170703,Ta00433_20170703,Ta00433_20170703.jpg,quadrat_corner,1186,0,1542,241
Ta00433,20170703,Ta00433_20170703,Ta00433_20170703.jpg,quadrat_corner,4147,0,4540,245
Ta00433,20170703,Ta00433_20170703,Ta00433_20170703.jpg,quadrat_corner,4244,2924,4623,3326
Ta00433,20170703,Ta00433_20170703,Ta00433_20170703.jpg,quadrat_corner,1079,2915,1449,3299
Ta01329,20170703,Ta01329_20170703,Ta01329_20170703.jpg,clover,1421,241,3406,2170
Ta01329,20170703,Ta01329_20170703,Ta01329_20170703.jpg,quadrat,320,19,3897,3433
Ta01329,20170703,Ta01329_20170703,Ta01329_20170703.jpg,quadrat_corner,404,74,774,407
Ta01329,20170703,Ta01329_20170703,Ta01329_20170703.jpg,quadrat_corner,3360,37,3739,361
Ta01329,20170703,Ta01329_20170703,Ta01329_20170703.jpg,quadrat_corner,3499,2993,3901,3396
Ta01329,20170703,Ta01329_20170703,Ta01329_20170703.jpg,quadrat_corner,316,3058,718,3433
Ta00755,20170703,Ta00755_20170703,Ta00755_20170703.jpg,clover,1759,782,4419,2827
Ta00755,20170703,Ta00755_20170703,Ta00755_20170703.jpg,quadrat,1010,0,4743,3456
Ta00755,20170703,Ta00755_20170703,Ta00755_20170703.jpg,quadrat_corner,1135,0,1519,324
Ta00755,20170703,Ta00755_20170703,Ta00755_20170703.jpg,quadrat_corner,4225,0,4642,310
Ta00755,20170703,Ta00755_20170703,Ta00755_20170703.jpg,quadrat_corner,4318,3109,4697,3456
Ta00755,20170703,Ta00755_20170703,Ta00755_20170703.jpg,quadrat_corner,1019,3095,1403,3456
Ta00909,20170703,Ta00909_20170703,Ta00909_20170703.jpg,clover,1519,870,3189,2804
Ta00909,20170703,Ta00909_20170703,Ta00909_20170703.jpg,quadrat,616,231,3911,3387
Ta00909,20170703,Ta00909_20170703,Ta00909_20170703.jpg,quadrat_corner,788,245,1121,551
Ta00909,20170703,Ta00909_20170703,Ta00909_20170703.jpg,quadrat_corner,3471,268,3827,560
Ta00909,20170703,Ta00909_20170703,Ta00909_20170703.jpg,quadrat_corner,3554,3012,3915,3363
Ta00909,20170703,Ta00909_20170703,Ta00909_20170703.jpg,quadrat_corner,630,2970,973,3354
Ta02324,20170703,Ta02324_20170703,Ta02324_20170703.jpg,clover,1056,254,3938,3299
Ta02324,20170703,Ta02324_20170703,Ta02324_20170703.jpg,quadrat,630,60,4230,3456
Ta02324,20170703,Ta02324_20170703,Ta02324_20170703.jpg,quadrat_corner,755,69,1135,398
Ta02324,20170703,Ta02324_20170703,Ta02324_20170703.jpg,quadrat_corner,3753,74,4123,398
Ta02324,20170703,Ta02324_20170703,Ta02324_20170703.jpg,quadrat_corner,3837,3109,4216,3442
Ta02324,20170703,Ta02324_20170703,Ta02324_20170703.jpg,quadrat_corner,640,3100,1014,3456
Ta01127,20170703,Ta01127_20170703,Ta01127_20170703.jpg,clover,1866,861,2805,2036
Ta01127,20170703,Ta01127_20170703,Ta01127_20170703.jpg,quadrat,903,32,4456,3456
Ta01127,20170703,Ta01127_20170703,Ta01127_20170703.jpg,quadrat_corner,1028,46,1389,398
Ta01127,20170703,Ta01127_20170703,Ta01127_20170703.jpg,quadrat_corner,4017,46,4387,384
Ta01127,20170703,Ta01127_20170703,Ta01127_20170703.jpg,quadrat_corner,4068,3104,4452,3456
Ta01127,20170703,Ta01127_20170703,Ta01127_20170703.jpg,quadrat_corner,899,3058,1283,3456
Ta01326,20170703,Ta01326_20170703,Ta01326_20170703.jpg,clover,2025,607,3719,2049
Ta01326,20170703,Ta01326_20170703,Ta01326_20170703.jpg,quadrat,738,139,4274,3456
Ta01326,20170703,Ta01326_20170703,Ta01326_20170703.jpg,quadrat_corner,866,166,1202,502
Ta01326,20170703,Ta01326_20170703,Ta01326_20170703.jpg,quadrat_corner,3741,139,4114,475
Ta01326,20170703,Ta01326_20170703,Ta01326_20170703.jpg,quadrat_corner,3901,3062,4269,3456
Ta01326,20170703,Ta01326_20170703,Ta01326_20170703.jpg,quadrat_corner,744,3105,1112,3456
Ta01945,20170703,Ta01945_20170703,Ta01945_20170703.jpg,clover,1522,1454,3022,2850
Ta01945,20170703,Ta01945_20170703,Ta01945_20170703.jpg,quadrat,988,0,4503,3456
Ta01945,20170703,Ta01945_20170703,Ta01945_20170703.jpg,quadrat_corner,1004,25,1388,409
Ta01945,20170703,Ta01945_20170703,Ta01945_20170703.jpg,quadrat_corner,4081,0,4460,323
Ta01945,20170703,Ta01945_20170703,Ta01945_20170703.jpg,quadrat_corner,4124,2995,4508,3353
Ta01945,20170703,Ta01945_20170703,Ta01945_20170703.jpg,quadrat_corner,1111,3118,1489,3456
Ta01917,20170608,Ta01917_20170608,Ta01917_20170608.jpg,clover,1503,632,3695,2898
Ta01917,20170608,Ta01917_20170608,Ta01917_20170608.jpg,quadrat,1249,268,4129,3156
Ta01917,20170608,Ta01917_20170608,Ta01917_20170608.jpg,quadrat_corner,1249,258,1591,591
Ta01917,20170608,Ta01917_20170608,Ta01917_20170608.jpg,quadrat_corner,3801,309,4147,637
Ta01917,20170608,Ta01917_20170608,Ta01917_20170608.jpg,quadrat_corner,3750,2838,4096,3170
Ta01917,20170608,Ta01917_20170608,Ta01917_20170608.jpg,quadrat_corner,1240,2833,1554,3142
Ta00232,20170703,Ta00232_20170703,Ta00232_20170703.jpg,clover,1819,316,3488,2637
Ta00232,20170703,Ta00232_20170703,Ta00232_20170703.jpg,quadrat,1529,0,5038,3383
Ta00232,20170703,Ta00232_20170703,Ta00232_20170703.jpg,quadrat_corner,1550,0,1913,332
Ta00232,20170703,Ta00232_20170703,Ta00232_20170703.jpg,quadrat_corner,4649,0,5043,300
Ta00232,20170703,Ta00232_20170703,Ta00232_20170703.jpg,quadrat_corner,4633,2999,4990,3383
Ta00232,20170703,Ta00232_20170703,Ta00232_20170703.jpg,quadrat_corner,1577,3015,1961,3393
Ta01796,20170703,Ta01796_20170703,Ta01796_20170703.jpg,clover,2199,968,3717,2395
Ta01796,20170703,Ta01796_20170703,Ta01796_20170703.jpg,quadrat,1111,0,4572,3398
Ta01796,20170703,Ta01796_20170703,Ta01796_20170703.jpg,quadrat_corner,1159,0,1532,283
Ta01796,20170703,Ta01796_20170703,Ta01796_20170703.jpg,quadrat_corner,4199,0,4578,342
Ta01796,20170703,Ta01796_20170703,Ta01796_20170703.jpg,quadrat_corner,4130,3003,4503,3392
Ta01796,20170703,Ta01796_20170703,Ta01796_20170703.jpg,quadrat_corner,1122,2960,1495,3328
Ta00593,20170703,Ta00593_20170703,Ta00593_20170703.jpg,clover,1745,666,3115,2327
Ta00593,20170703,Ta00593_20170703,Ta00593_20170703.jpg,quadrat,695,139,4017,3289
Ta00593,20170703,Ta00593_20170703,Ta00593_20170703.jpg,quadrat_corner,857,157,1204,472
Ta00593,20170703,Ta00593_20170703,Ta00593_20170703.jpg,quadrat_corner,3577,185,3915,481
Ta00593,20170703,Ta00593_20170703,Ta00593_20170703.jpg,quadrat_corner,3656,2910,4026,3285
Ta00593,20170703,Ta00593_20170703,Ta00593_20170703.jpg,quadrat_corner,709,2882,1070,3294
Ta00872,20170703,Ta00872_20170703,Ta00872_20170703.jpg,clover,2642,1247,2836,1473
Ta00872,20170703,Ta00872_20170703,Ta00872_20170703.jpg,quadrat,1371,16,4805,3456
Ta00872,20170703,Ta00872_20170703,Ta00872_20170703.jpg,quadrat_corner,1365,37,1760,405
Ta00872,20170703,Ta00872_20170703,Ta00872_20170703.jpg,quadrat_corner,4421,5,4805,394
Ta00872,20170703,Ta00872_20170703,Ta00872_20170703.jpg,quadrat_corner,4432,3050,4800,3424
Ta00872,20170703,Ta00872_20170703,Ta00872_20170703.jpg,quadrat_corner,1397,3072,1787,3456
Ta02009,20170608,Ta02009_20170608,Ta02009_20170608.jpg,clover,1287,967,4544,3391
Ta02009,20170608,Ta02009_20170608,Ta02009_20170608.jpg,quadrat,1352,532,4304,3456
Ta02009,20170608,Ta02009_20170608,Ta02009_20170608.jpg,quadrat_corner,1348,545,1662,862
Ta02009,20170608,Ta02009_20170608,Ta02009_20170608.jpg,quadrat_corner,3993,528,4310,859
Ta02009,20170608,Ta02009_20170608,Ta02009_20170608.jpg,quadrat_corner,3976,3162,4293,3456
Ta02009,20170608,Ta02009_20170608,Ta02009_20170608.jpg,quadrat_corner,1376,3162,1703,3456
Ta00727,20170703,Ta00727_20170703,Ta00727_20170703.jpg,clover,1557,705,3401,2471
Ta00727,20170703,Ta00727_20170703,Ta00727_20170703.jpg,quadrat,610,165,4055,3451
Ta00727,20170703,Ta00727_20170703,Ta00727_20170703.jpg,quadrat_corner,743,171,1117,501
Ta00727,20170703,Ta00727_20170703,Ta00727_20170703.jpg,quadrat_corner,3597,155,3970,512
Ta00727,20170703,Ta00727_20170703,Ta00727_20170703.jpg,quadrat_corner,3650,3056,4071,3456
Ta00727,20170703,Ta00727_20170703,Ta00727_20170703.jpg,quadrat_corner,583,3051,962,3445
Ta00078,20170703,Ta00078_20170703,Ta00078_20170703.jpg,clover,914,913,2866,2761
Ta00078,20170703,Ta00078_20170703,Ta00078_20170703.jpg,quadrat,630,46,4129,3456
Ta00078,20170703,Ta00078_20170703,Ta00078_20170703.jpg,quadrat_corner,625,67,1030,446
Ta00078,20170703,Ta00078_20170703,Ta00078_20170703.jpg,quadrat_corner,3713,57,4145,441
Ta00078,20170703,Ta00078_20170703,Ta00078_20170703.jpg,quadrat_corner,3723,3086,4139,3456
Ta00078,20170703,Ta00078_20170703,Ta00078_20170703.jpg,quadrat_corner,689,3171,1078,3456
Ta00249,20170703,Ta00249_20170703,Ta00249_20170703.jpg,clover,1745,721,3803,2263
Ta00249,20170703,Ta00249_20170703,Ta00249_20170703.jpg,quadrat,529,0,4177,3356
Ta00249,20170703,Ta00249_20170703,Ta00249_20170703.jpg,quadrat_corner,678,0,1067,316
Ta00249,20170703,Ta00249_20170703,Ta00249_20170703.jpg,quadrat_corner,3676,0,4054,258
Ta00249,20170703,Ta00249_20170703,Ta00249_20170703.jpg,quadrat_corner,3750,2940,4187,3346
Ta00249,20170703,Ta00249_20170703,Ta00249_20170703.jpg,quadrat_corner,513,2940,913,3351
Ta02014,20170608,Ta02014_20170608,Ta02014_20170608.jpg,clover,2479,1054,3890,3368
Ta02014,20170608,Ta02014_20170608,Ta02014_20170608.jpg,quadrat,1410,619,4487,3456
Ta02014,20170608,Ta02014_20170608,Ta02014_20170608.jpg,quadrat_corner,1488,637,1836,963
Ta02014,20170608,Ta02014_20170608,Ta02014_20170608.jpg,quadrat_corner,4175,745,4487,1072
Ta02014,20170608,Ta02014_20170608,Ta02014_20170608.jpg,quadrat_corner,4153,3352,4418,3456
Ta02014,20170608,Ta02014_20170608,Ta02014_20170608.jpg,quadrat_corner,1426,3323,1652,3456
Ta00197,20170703,Ta00197_20170703,Ta00197_20170703.jpg,clover,1535,564,3017,2258
Ta00197,20170703,Ta00197_20170703,Ta00197_20170703.jpg,quadrat,338,0,4108,3456
Ta00197,20170703,Ta00197_20170703,Ta00197_20170703.jpg,quadrat_corner,434,0,855,271
Ta00197,20170703,Ta00197_20170703,Ta00197_20170703.jpg,quadrat_corner,3559,0,3938,314
Ta00197,20170703,Ta00197_20170703,Ta00197_20170703.jpg,quadrat_corner,3714,3055,4103,3455
Ta00197,20170703,Ta00197_20170703,Ta00197_20170703.jpg,quadrat_corner,322,3098,764,3456
Ta01883,20170703,Ta01883_20170703,Ta01883_20170703.jpg,clover,649,281,3764,2828
Ta01883,20170703,Ta01883_20170703,Ta01883_20170703.jpg,quadrat,326,28,3944,3456
Ta01883,20170703,Ta01883_20170703,Ta01883_20170703.jpg,quadrat_corner,492,28,876,378
Ta01883,20170703,Ta01883_20170703,Ta01883_20170703.jpg,quadrat_corner,3478,28,3852,365
Ta01883,20170703,Ta01883_20170703,Ta01883_20170703.jpg,quadrat_corner,3547,3050,3953,3456
Ta01883,20170703,Ta01883_20170703,Ta01883_20170703.jpg,quadrat_corner,326,3031,719,3442
Ta01458,20170703,Ta01458_20170703,Ta01458_20170703.jpg,clover,1485,203,3363,2409
Ta01458,20170703,Ta01458_20170703,Ta01458_20170703.jpg,quadrat,682,42,4373,3456
Ta01458,20170703,Ta01458_20170703,Ta01458_20170703.jpg,quadrat_corner,732,157,1111,503
Ta01458,20170703,Ta01458_20170703,Ta01458_20170703.jpg,quadrat_corner,3709,37,4087,383
Ta01458,20170703,Ta01458_20170703,Ta01458_20170703.jpg,quadrat_corner,3981,3008,4387,3433
Ta01458,20170703,Ta01458_20170703,Ta01458_20170703.jpg,quadrat_corner,673,3147,1079,3456
Ta02069,20170608,Ta02069_20170608,Ta02069_20170608.jpg,clover,1658,1091,2850,2180
Ta02069,20170608,Ta02069_20170608,Ta02069_20170608.jpg,quadrat,1168,22,4176,3006
Ta02069,20170608,Ta02069_20170608,Ta02069_20170608.jpg,quadrat_corner,1172,34,1504,362
Ta02069,20170608,Ta02069_20170608,Ta02069_20170608.jpg,quadrat_corner,3848,46,4188,386
Ta02069,20170608,Ta02069_20170608,Ta02069_20170608.jpg,quadrat_corner,3772,2674,4112,2998
Ta02069,20170608,Ta02069_20170608,Ta02069_20170608.jpg,quadrat_corner,1212,2674,1544,2982
Ta00060,20170703,Ta00060_20170703,Ta00060_20170703.jpg,clover,1028,314,3761,2628
Ta00060,20170703,Ta00060_20170703,Ta00060_20170703.jpg,quadrat,831,19,4266,3443
Ta00060,20170703,Ta00060_20170703,Ta00060_20170703.jpg,quadrat_corner,847,19,1226,392
Ta00060,20170703,Ta00060_20170703,Ta00060_20170703.jpg,quadrat_corner,3861,40,4303,446
Ta00060,20170703,Ta00060_20170703,Ta00060_20170703.jpg,quadrat_corner,3823,3043,4229,3438
Ta00060,20170703,Ta00060_20170703,Ta00060_20170703.jpg,quadrat_corner,837,3054,1231,3456
Ta02057,20170703,Ta02057_20170703,Ta02057_20170703.jpg,clover,1740,804,3441,2206
Ta02057,20170703,Ta02057_20170703,Ta02057_20170703.jpg,quadrat,654,0,4249,3441
Ta02057,20170703,Ta02057_20170703,Ta02057_20170703.jpg,quadrat_corner,753,74,1108,405
Ta02057,20170703,Ta02057_20170703,Ta02057_20170703.jpg,quadrat_corner,3680,0,4048,340
Ta02057,20170703,Ta02057_20170703,Ta02057_20170703.jpg,quadrat_corner,3862,2980,4246,3379
Ta02057,20170703,Ta02057_20170703,Ta02057_20170703.jpg,quadrat_corner,660,3044,1037,3450
Ta02267,20170608,Ta02267_20170608,Ta02267_20170608.jpg,clover,2194,834,3255,1879
Ta02267,20170608,Ta02267_20170608,Ta02267_20170608.jpg,quadrat,1438,0,4381,2932
Ta02267,20170608,Ta02267_20170608,Ta02267_20170608.jpg,quadrat_corner,1472,0,1790,286
Ta02267,20170608,Ta02267_20170608,Ta02267_20170608.jpg,quadrat_corner,4060,35,4396,347
Ta02267,20170608,Ta02267_20170608,Ta02267_20170608.jpg,quadrat_corner,3969,2629,4293,2923
Ta02267,20170608,Ta02267_20170608,Ta02267_20170608.jpg,quadrat_corner,1444,2550,1757,2865
Ta00174,20170703,Ta00174_20170703,Ta00174_20170703.jpg,clover,1042,434,3141,2653
Ta00174,20170703,Ta00174_20170703,Ta00174_20170703.jpg,quadrat,691,55,4198,3456
Ta00174,20170703,Ta00174_20170703,Ta00174_20170703.jpg,quadrat_corner,686,111,1102,508
Ta00174,20170703,Ta00174_20170703,Ta00174_20170703.jpg,quadrat_corner,3782,60,4184,443
Ta00174,20170703,Ta00174_20170703,Ta00174_20170703.jpg,quadrat_corner,3829,3115,4216,3456
Ta00174,20170703,Ta00174_20170703,Ta00174_20170703.jpg,quadrat_corner,788,3207,1180,3456
Ta02347,20170608,Ta02347_20170608,Ta02347_20170608.jpg,quadrat,1334,620,4252,3456
Ta02347,20170608,Ta02347_20170608,Ta02347_20170608.jpg,quadrat_corner,1313,620,1660,930
Ta02347,20170608,Ta02347_20170608,Ta02347_20170608.jpg,quadrat_corner,3900,599,4236,935
Ta02347,20170608,Ta02347_20170608,Ta02347_20170608.jpg,quadrat_corner,3897,3187,4229,3456
Ta02347,20170608,Ta02347_20170608,Ta02347_20170608.jpg,quadrat_corner,1353,3187,1683,3456
Ta00637,20170703,Ta00637_20170703,Ta00637_20170703.jpg,clover,1266,461,3788,2537
Ta00637,20170703,Ta00637_20170703,Ta00637_20170703.jpg,quadrat,901,0,4524,3444
Ta00637,20170703,Ta00637_20170703,Ta00637_20170703.jpg,quadrat_corner,1022,0,1375,328
Ta00637,20170703,Ta00637_20170703,Ta00637_20170703.jpg,quadrat_corner,4020,0,4397,309
Ta00637,20170703,Ta00637_20170703,Ta00637_20170703.jpg,quadrat_corner,4122,3026,4521,3428
Ta00637,20170703,Ta00637_20170703,Ta00637_20170703.jpg,quadrat_corner,914,3032,1291,3422
Ta02007,20170703,Ta02007_20170703,Ta02007_20170703.jpg,clover,1479,126,4204,3401
Ta02007,20170703,Ta02007_20170703,Ta02007_20170703.jpg,quadrat,956,0,4695,3456
Ta02007,20170703,Ta02007_20170703,Ta02007_20170703.jpg,quadrat_corner,1154,0,1522,308
Ta02007,20170703,Ta02007_20170703,Ta02007_20170703.jpg,quadrat_corner,4194,0,4594,356
Ta02007,20170703,Ta02007_20170703,Ta02007_20170703.jpg,quadrat_corner,4274,3086,4690,3456
Ta02007,20170703,Ta02007_20170703,Ta02007_20170703.jpg,quadrat_corner,946,3017,1356,3449
Ta02224,20170703,Ta02224_20170703,Ta02224_20170703.jpg,clover,1923,886,2947,2016
Ta02224,20170703,Ta02224_20170703,Ta02224_20170703.jpg,quadrat,636,217,3861,3295
Ta02224,20170703,Ta02224_20170703,Ta02224_20170703.jpg,quadrat_corner,760,212,1102,540
Ta02224,20170703,Ta02224_20170703,Ta02224_20170703.jpg,quadrat_corner,3441,245,3782,568
Ta02224,20170703,Ta02224_20170703,Ta02224_20170703.jpg,quadrat_corner,3501,2930,3861,3304
Ta02224,20170703,Ta02224_20170703,Ta02224_20170703.jpg,quadrat_corner,631,2930,986,3299
Ta01763,20170703,Ta01763_20170703,Ta01763_20170703.jpg,clover,2123,529,4150,2766
Ta01763,20170703,Ta01763_20170703,Ta01763_20170703.jpg,quadrat,1133,108,4725,3456
Ta01763,20170703,Ta01763_20170703,Ta01763_20170703.jpg,quadrat_corner,1303,121,1668,449
Ta01763,20170703,Ta01763_20170703,Ta01763_20170703.jpg,quadrat_corner,4230,114,4605,452
Ta01763,20170703,Ta01763_20170703,Ta01763_20170703.jpg,quadrat_corner,4335,3106,4738,3456
Ta01763,20170703,Ta01763_20170703,Ta01763_20170703.jpg,quadrat_corner,1149,3041,1523,3456
Ta00950,20170703,Ta00950_20170703,Ta00950_20170703.jpg,clover,2878,1262,3936,2212
Ta00950,20170703,Ta00950_20170703,Ta00950_20170703.jpg,quadrat,842,43,4323,3422
Ta00950,20170703,Ta00950_20170703,Ta00950_20170703.jpg,quadrat_corner,954,71,1313,399
Ta00950,20170703,Ta00950_20170703,Ta00950_20170703.jpg,quadrat_corner,3871,34,4280,377
Ta00950,20170703,Ta00950_20170703,Ta00950_20170703.jpg,quadrat_corner,3958,3048,4326,3410
Ta00950,20170703,Ta00950_20170703,Ta00950_20170703.jpg,quadrat_corner,855,3020,1217,3400
Ta01468,20170703,Ta01468_20170703,Ta01468_20170703.jpg,clover,1143,346,3621,2699
Ta01468,20170703,Ta01468_20170703,Ta01468_20170703.jpg,quadrat,534,18,4198,3456
Ta01468,20170703,Ta01468_20170703,Ta01468_20170703.jpg,quadrat_corner,691,32,1083,383
Ta01468,20170703,Ta01468_20170703,Ta01468_20170703.jpg,quadrat_corner,3699,46,4082,397
Ta01468,20170703,Ta01468_20170703,Ta01468_20170703.jpg,quadrat_corner,3782,3091,4188,3456
Ta01468,20170703,Ta01468_20170703,Ta01468_20170703.jpg,quadrat_corner,543,3064,959,3456
Ta00688,20170703,Ta00688_20170703,Ta00688_20170703.jpg,clover,1839,560,3689,2494
Ta00688,20170703,Ta00688_20170703,Ta00688_20170703.jpg,quadrat,1189,0,4753,3456
Ta00688,20170703,Ta00688_20170703,Ta00688_20170703.jpg,quadrat_corner,1198,93,1566,470
Ta00688,20170703,Ta00688_20170703,Ta00688_20170703.jpg,quadrat_corner,4283,0,4670,350
Ta00688,20170703,Ta00688_20170703,Ta00688_20170703.jpg,quadrat_corner,4385,3057,4756,3437
Ta00688,20170703,Ta00688_20170703,Ta00688_20170703.jpg,quadrat_corner,1328,3190,1706,3456
Ta01595,20170703,Ta01595_20170703,Ta01595_20170703.jpg,clover,1531,185,3547,2810
Ta01595,20170703,Ta01595_20170703,Ta01595_20170703.jpg,quadrat,377,0,4018,3401
Ta01595,20170703,Ta01595_20170703,Ta01595_20170703.jpg,quadrat_corner,719,0,1097,263
Ta01595,20170703,Ta01595_20170703,Ta01595_20170703.jpg,quadrat_corner,3626,0,4022,323
Ta01595,20170703,Ta01595_20170703,Ta01595_20170703.jpg,quadrat_corner,3556,2985,3985,3410
Ta01595,20170703,Ta01595_20170703,Ta01595_20170703.jpg,quadrat_corner,396,2819,760,3244
Ta02261,20170703,Ta02261_20170703,Ta02261_20170703.jpg,clover,1558,281,3363,1993
Ta02261,20170703,Ta02261_20170703,Ta02261_20170703.jpg,quadrat,700,0,4188,3313
Ta02261,20170703,Ta02261_20170703,Ta02261_20170703.jpg,quadrat_corner,811,0,1203,328
Ta02261,20170703,Ta02261_20170703,Ta02261_20170703.jpg,quadrat_corner,3755,0,4124,300
Ta02261,20170703,Ta02261_20170703,Ta02261_20170703.jpg,quadrat_corner,3787,2898,4212,3327
Ta02261,20170703,Ta02261_20170703,Ta02261_20170703.jpg,quadrat_corner,705,2893,1083,3299
Ta01217,20170703,Ta01217_20170703,Ta01217_20170703.jpg,clover,2068,158,3568,1723
Ta01217,20170703,Ta01217_20170703,Ta01217_20170703.jpg,quadrat,845,0,4564,3410
Ta01217,20170703,Ta01217_20170703,Ta01217_20170703.jpg,quadrat_corner,932,3,1303,325
Ta01217,20170703,Ta01217_20170703,Ta01217_20170703.jpg,quadrat_corner,3949,0,4314,269
Ta01217,20170703,Ta01217_20170703,Ta01217_20170703.jpg,quadrat_corner,4165,2942,4564,3348
Ta01217,20170703,Ta01217_20170703,Ta01217_20170703.jpg,quadrat_corner,849,3007,1248,3416
Ta00902,20170703,Ta00902_20170703,Ta00902_20170703.jpg,clover,1683,391,2867,2206
Ta00902,20170703,Ta00902_20170703,Ta00902_20170703.jpg,quadrat,515,0,4088,3364
Ta00902,20170703,Ta00902_20170703,Ta00902_20170703.jpg,quadrat_corner,536,0,920,334
Ta00902,20170703,Ta00902_20170703,Ta00902_20170703.jpg,quadrat_corner,3496,0,3875,228
Ta00902,20170703,Ta00902_20170703,Ta00902_20170703.jpg,quadrat_corner,3693,2830,4088,3278
Ta00902,20170703,Ta00902_20170703,Ta00902_20170703.jpg,quadrat_corner,504,2969,909,3374
Ta01915,20170608,Ta01915_20170608,Ta01915_20170608.jpg,clover,2080,609,4110,2787
Ta01915,20170608,Ta01915_20170608,Ta01915_20170608.jpg,quadrat,1632,388,4567,3295
Ta01915,20170608,Ta01915_20170608,Ta01915_20170608.jpg,quadrat_corner,1660,406,1969,729
Ta01915,20170608,Ta01915_20170608,Ta01915_20170608.jpg,quadrat_corner,4235,397,4558,720
Ta01915,20170608,Ta01915_20170608,Ta01915_20170608.jpg,quadrat_corner,4244,2976,4576,3308
Ta01915,20170608,Ta01915_20170608,Ta01915_20170608.jpg,quadrat_corner,1641,2976,1997,3318
Ta01123,20170703,Ta01123_20170703,Ta01123_20170703.jpg,clover,1810,529,3567,1980
Ta01123,20170703,Ta01123_20170703,Ta01123_20170703.jpg,quadrat,1049,7,4558,3340
Ta01123,20170703,Ta01123_20170703,Ta01123_20170703.jpg,quadrat_corner,1139,65,1507,412
Ta01123,20170703,Ta01123_20170703,Ta01123_20170703.jpg,quadrat_corner,4025,0,4414,343
Ta01123,20170703,Ta01123_20170703,Ta01123_20170703.jpg,quadrat_corner,4179,2908,4585,3335
Ta01123,20170703,Ta01123_20170703,Ta01123_20170703.jpg,quadrat_corner,1054,2951,1449,3356
unknown,20170608,unknown_20170608,unknown_20170608.jpg,quadrat,530,299,3599,3330
unknown,20170608,unknown_20170608,unknown_20170608.jpg,quadrat_corner,536,334,889,662
unknown,20170608,unknown_20170608,unknown_20170608.jpg,quadrat_corner,3269,299,3591,618
unknown,20170608,unknown_20170608,unknown_20170608.jpg,quadrat_corner,3282,2926,3591,3250
unknown,20170608,unknown_20170608,unknown_20170608.jpg,quadrat_corner,666,3021,998,3334
unknown,20170608,unknown_20170608,unknown_20170608.jpg,clover,1312,1083,2504,2376
unknown,20170703,unknown_20170703,unknown_20170703.jpg,quadrat,751,69,4299,3456
unknown,20170703,unknown_20170703,unknown_20170703.jpg,quadrat_corner,3809,65,4198,424
unknown,20170703,unknown_20170703,unknown_20170703.jpg,quadrat_corner,814,118,1173,465
unknown,20170703,unknown_20170703,unknown_20170703.jpg,quadrat_corner,750,3168,1124,3456
unknown,20170703,unknown_20170703,unknown_20170703.jpg,quadrat_corner,3919,3153,4289,3456
unknown,20170703,unknown_20170703,unknown_20170703.jpg,clover,1249,381,2960,1792
Ta02103,20170608,Ta02103_20170608,Ta02103_20170608.jpg,quadrat_corner,1660,504,1970,807
Ta02103,20170608,Ta02103_20170608,Ta02103_20170608.jpg,quadrat_corner,1660,3064,1973,3374
Ta02103,20170608,Ta02103_20170608,Ta02103_20170608.jpg,quadrat_corner,4214,3078,4552,3393
Ta02103,20170608,Ta02103_20170608,Ta02103_20170608.jpg,quadrat_corner,4240,482,4558,794
Ta02103,20170608,Ta02103_20170608,Ta02103_20170608.jpg,quadrat,1656,482,4558,3403
